看他那望着炸鸡不怀好意的眼神，突然觉得有些不妙,
看他那望着炸鸡不怀好意的眼神，突然觉得有些不妙,
某位阎小姐默默的放下手中的烧鸭腿，点开了美团.......,
这一餐，有八只鸡失去了梦想,
emm，我收回我的不屑一顾，怀里的烧鸭腿突然就不香了,
emm，我收回我的不屑一顾，怀里的烧鸭腿突然就不香了,
啃着烧鸭腿的我不屑一顾,
点了个炸鸡外卖，特意从收藏夹里找到了它,
点了个炸鸡外卖，特意从收藏夹里找到了它,
鸡腿真是ZBC,
鸡腿真是ZBC,
这削铅笔怎么跟吃鸡腿似的,
这削铅笔怎么跟吃鸡腿似的,
好想吃东西,
好想吃啊,
满脑子的饿,
饿了,
嘴里的口水突然不香了,
我吃到这我已经腻的想吐了,
老式炸鸡,
老式炸鸡,
饿死我了,
实不相瞒，我想吃他的鸡腿,
实不相瞒，我想吃他的鸡腿,
实不相瞒，我想吃他的鸡腿,
终于一边吃炸鸡腿一边看这个视频了,
终于一边吃炸鸡腿一边看这个视频了,
终于一边吃炸鸡腿一边看这个视频了,
手中的窝窝头突然不香了,
我每次吃炸鸡都会把骨头也啃下来一截吃了。。,
我每次吃炸鸡都会把骨头也啃下来一截吃了。。,
怀里的狂三突然不香了,
怀里的狂三突然不香了,
怀里的狂三突然不香了,
饿死了，草,
香啊,
吃鸡腿跟削笔刀一样就离谱,
吃鸡腿跟削笔刀一样就离谱,
万饿之源,
这个炸鸡真的看别人吃的时候最香了,
这个炸鸡真的看别人吃的时候最香了,
这个炸鸡真的看别人吃的时候最香了,
我好馋啊啊啊啊啊啊啊啊啊啊啊啊啊啊,
好馋,
看着都饿了,
我跟你讲啊，馋死我，你要负法律责任的哦,
饿死了,
阿一古，馋死了,
村里没炸鸡，馋死我了,
村里没炸鸡，馋死我了,
村里没炸鸡，馋死我了,
馋了,
你馋哭我了,
你馋哭我了,
你馋我了，真的,
鸡的噩梦,
看起来没一点肥肉，馋死我吧,
明天必买鸡腿，我本来是不吃肉的呜呜呜,
明天必买鸡腿，我本来是不吃肉的呜呜呜,
我:我想吃      钱包:不，你不想,
我:我想吃,
鸡腿看着就好吃,
鸡腿看着就好吃,
鸡腿看着就好吃,
饿到变形,
给莫鸡,
等下我还要吃那个 还要吃这个 真好吃,
0.5倍速感觉他在故意馋我,
空气突然不香了,
饿了,
肚子好饿,
他吃一顿饭就有一堆鸡死了。,
是不是就是类似糖醋里脊的鸡腿？,
是不是就是类似糖醋里脊的鸡腿？,
我手里的馒头加老干妈突然变的好吃了,
我现在看着手机就想吃,
太香呐,
太馋了,
手里的薯片突然不香了,
手里的薯片突然不香了,
好饿啊,
早期人类驯服鸡腿视频,
早期人类驯服鸡腿视频,
给爷看饿了,
饿了,
啊真香,
我饿了,
饿饿饿饿饿饿饿饿饿,
这个脆骨一抠就掉的吗！！做的这么好的吗总结下来这是一顿炸得非常好的鸡腿,
这个脆骨一抠就掉的吗！！做的这么好的吗总结下来这是一顿炸得非常好的鸡腿,
看孩子多享受呀,
这个鸡腿绝对嫩我看到流汁水了！！！,
这个鸡腿绝对嫩我看到流汁水了！！！,
好饿啊,
其实他吃的不多,
空气中有炸鸡味,
空气中有炸鸡味,
看饿了,
万人抢鸡腿（2/10000）,
万人抢鸡腿（2/10000）,
金玉豆腐，私房酱牛肉，黑椒牛柳,
糖醋里脊，麻婆豆腐烧海参，土豆炖牛腩，火辣辣牛肉，石锅鸡,
糖醋里脊，麻婆豆腐烧海参，土豆炖牛腩，火辣辣牛肉，石锅鸡,
隔壁的小孩都馋哭了,
吃着鸡爪看他吃鸡腿好气啊,
吃着鸡爪看他吃鸡腿好气啊,
好想吃 减肥太伤了,
已经饿晕,
好馋啊。,
馋死了,
我好饿了,
手里的BB突然就不香了,
西八饿死我了,
饿晕了,
不会吃腻吗，感觉这种快餐鸡腿都是一个味儿而且是没有层次感的不复杂的味道,
不会吃腻吗，感觉这种快餐鸡腿都是一个味儿而且是没有层次感的不复杂的味道,
大晚上的看饿了,
好饿啊！！！！！！！！！！！！！！！！！！！,
代入感很强我已经开始饿了,
吃几个鸡腿还会注意形象的吗？,
吃几个鸡腿还会注意形象的吗？,
嘴里的口水不香了,
唉，我饿了，淦,
太好吃了这个,
鸡腿哥,
鸡腿哥,
有些弹幕好素质阿 不喜欢出去 在这里人参公鸡,
太香辣,
组团偷鸡腿（1/10）,
组团偷鸡腿（1/10）,
我不饿，我不饿，我不饿，我不饿，我饿了，我饿了，我饿了…,
好想吃……,
蕾姆的奶突然不香了,
饥饿开始的地方,
吃酱费鸡腿,
吃酱费鸡腿,
我！好！饿！！！！！！！,
为毛要傻笑？是笑我看你看馋了吗？,
好饿好饿好饿好饿好饿,
不知道该说些什么了。。。。但是我真的好想吃啊！！！,
饿,
我感觉我也可以吃完！（饿疯了时）,
凌晨1:34的某位靓女饿得睡不着,
我不相信他吃这么多，还真的像他表情一样享受,
这炸鸡，我最多就吃4个，不能再多了,
这炸鸡，我最多就吃4个，不能再多了,
这炸鸡，我最多就吃4个，不能再多了,
好好吃,
饿死我了,
如果我馋死了饿死了，没有一个炸鸡是无辜的,
如果我馋死了饿死了，没有一个炸鸡是无辜的,
如果我馋死了饿死了，没有一个炸鸡是无辜的,
如果我馋死了饿死了，没有一个炸鸡是无辜的,
好想吃爱了爱,
饿死,
哎，我手里的辣条突然就不香了,
我刚吃完炸鸡腿我又饿了握草,
我刚吃完炸鸡腿我又饿了握草,
我刚吃完炸鸡腿我又饿了握草,
我刚吃完炸鸡腿我又饿了握草,
我饿了,
让鸡看估计鸡都会被吓哭。。。。,
2020年8月30馋死的过来集合一下,
油炸鸡米花,
油炸鸡米花,
油炸鸡米花,
这种鸡腿只有韩国能做得很好吃，我在首尔呆了一年，亲身见证！,
这种鸡腿只有韩国能做得很好吃，我在首尔呆了一年，亲身见证！,
这种鸡腿只有韩国能做得很好吃，我在首尔呆了一年，亲身见证！,
饿了,
鸡腿太美,
鸡腿太美,
饿了,
那一天，炸鸡腿终于想起了被人类支配的恐惧。。,
那一天，炸鸡腿终于想起了被人类支配的恐惧。。,
那一天，炸鸡腿终于想起了被人类支配的恐惧。。,
好香,
好饿,
完了，这孩子吃太多鸡腿，已经疯了,
完了，这孩子吃太多鸡腿，已经疯了,
完了，这孩子吃太多鸡腿，已经疯了,
嘴上的肉越来越不香了（goto,
这样的鸡腿能在哪里买呀？！！,
这样的鸡腿能在哪里买呀？！！,
好假，吞都没吞下去，镜头一转就吐了,
他笑的多开心,
手里的空气突然不香了,
突然觉得碗里的双黄蛋面不香了,
他一顿得多少个小孩啊,
你好吃吧,
你好你好你好吃吧,
炸鸡什么味辣酱好吃,
炸鸡什么味辣酱好吃,
炸鸡什么味辣酱好吃,
每一口下去就有一只鸡失去了梦想,
馋的我含泪生吃了三大碗小孩,
好饿啊啊啊啊啊啊啊啊啊啊啊啊啊啊啊啊啊啊啊啊啊啊啊,
手里的小孩瞬间不香了，手套可以给我舔一下吗？,
很油腻那个，是的只有你一个人觉得,
很油腻那个，是的只有你一个人觉得,
求鸡腿的教程,
求鸡腿的教程,
杀人猪心哈哈哈,
真香,
0.5倍速，大晚上给我笑出猪叫鹅鹅鹅,
饿了,
甜辣酱最好吃！不接受反驳,
手里的被单忽然就不香了,
我肚子响了，现在一点多,
我馋了 我馋了 我馋了 我馋了 我馋了 我馋了 我馋了 我馋了 我馋了 我馋了 我馋了 我馋了 我馋了 我馋了 我馋了 我馋了 我馋了 我馋了 我馋了 我馋了 我馋了 我馋了 我馋了,
小场面 别鸡冻,
手里的空气突然就不香了。,
现在没发弹幕的不是饿死了就是外卖到了……,
好香啊啊啊,
真——————————————————————————————————————————————————————香,
对不起我打错字了我说的是这太好吃了,
我告诉你们我想吃他的把手机给吃了,
他一直在笑！！就像我吃到好吃的一样会笑！！！,
好吃吗,
你有多久没吃饭了,
眼里的月球不香了 ,
做恶心的人请自觉退出 ，不愿看 请别扫别人的兴 ,
香 您就直说,
真是馋死我了,
你的鸡腿可以放生吗？,
你的鸡腿可以放生吗？,
手里的烤串真的不香了,
手里的劳斯莱斯突然就不香了,
手里的帝王蟹突然不香了,
好想吃小孩,
大家好干，翻了干饭了，今天吃韩国养生鸡腿,
大家好干，翻了干饭了，今天吃韩国养生鸡腿,
馋死了,
救命太馋了准备吃人了,
羡慕吧我一边吃炸鸡一边看,
羡慕吧我一边吃炸鸡一边看,
他的意思是：我要馋死你们,
16个鸡腿，不知道各位数了没,
16个鸡腿，不知道各位数了没,
我刚吃饱，看着这一盘鸡腿感觉好腻啊,
我刚吃饱，看着这一盘鸡腿感觉好腻啊,
但凡有碗米饭我都不会这么馋,
饿,
这根本就是浪费资源，吃那么多有啥用，除了变成猪啥用都没有，不知道你们在羡慕什么,
这根本就是浪费资源，吃那么多有啥用，除了变成猪啥用都没有，不知道你们在羡慕什么,
馋死人了啊！！！！！,
手里的键盘突然香了,
你们慢点说当到我的炸鸡了,
你们慢点说当到我的炸鸡了,
八只鸡就这样没了,
馋死宝宝了,
我到底是做了多大地觉悟半夜来看这个,
我真的块馋死了,
好香(✪▽✪),
手里的空气突然不香了,
饿了,
数了一下一共16只鸡腿~吃完撑到扶墙~,
数了一下一共16只鸡腿~吃完撑到扶墙~,
我饿了,
手里的麻辣烫瞬间就不香了,
都1000多万播放了？,
手里的炸鸡依然很香,
手里的炸鸡依然很香,
手里的炸鸡依然很香,
呜呜呜呜呜呜孩子要饿傻了,
太香啦,
兄弟们倒放视频会很香哦~~~~,
基本每个美食视频推荐里都有他,
一天没吃饭的人 表示快要饿死了,
馋哭了,
馋～,
我饿了,
怀里的幻花突然不香了,
饿了饿了,
这个吃播馋了数千万人,
他们的鸡腿，怎么能那么大那么饱满？,
他们的鸡腿，怎么能那么大那么饱满？,
饿之呼吸，贰之形，嘴角流泪。,
好香啊,
饿了,
建议改成韩国小伙像削铅笔一样吃鸡腿。,
建议改成韩国小伙像削铅笔一样吃鸡腿。,
好饿哦,
给爷整饿了,
你为什么吃得这么香？阿巴阿巴阿巴,
呜呜呜吃得了这么多吗？我来帮你分担吧,
我好馋,
馋死孩子了,
再笑一个试试？靠，饿死我了,
800年没吃过炸鸡的表情,
800年没吃过炸鸡的表情,
好饿,
 吃的太香了叭,
我好饿阿,
这个酱好好吃,
救命，我好饿,
这次好像吃的不够多呢？,
馋不馋呐？不给，不给,
真开心你们半夜看到我在吃鸡腿眼馋又吃不到的样子,
真开心你们半夜看到我在吃鸡腿眼馋又吃不到的样子,
真开心你们半夜看到我在吃鸡腿眼馋又吃不到的样子,
嘴里的空气突然不香了,
TMD刚刚才吃好了夜宵发现我又饿了,
屏幕对面的小孩都馋哭了,
明天我要吃奥里给，来馋死你们,
馋死你们啊，来打我啊气不气啊,
其实我就是想馋死你们,
好想吃啊啊啊啊啊啊啊啊,
看起来好好吃,
怎么看有多少人在同时观看的,
刷时间的多少沾点,
谁有钱能不能借我点儿去韩国买点儿这个鸡腿儿。,
谁有钱能不能借我点儿去韩国买点儿这个鸡腿儿。,
我好饿,
好饿啊,
看他满足的笑容WOC，饿死孩子了！啊啊啊！！哭了,
饿了…,
饿死我了……,
碗里的麻辣香锅突然不香了,
饿了,
我好怕他鸡腿卡喉咙里,
我好怕他鸡腿卡喉咙里,
这鸡腿看起来好甜,
这鸡腿看起来好甜,
西北风很好吃，谢谢,
喜欢鸡腿的脆骨,
喜欢鸡腿的脆骨,
肚子饿,
我不管!可口可乐天下第一!!!,
十二点三十八我刷玩这个视频了，我不困了但我饿了,
七夕没人陪我一起吃鸡     啊啊啊啊啊啊啊啊啊啊啊啊啊,
吃这么多应该很难受吧,
手里的泡面依旧很香,
怎么做的看起来很好吃,
鸡腿在嘴里转360°,
鸡腿在嘴里转360°,
好想吃。。。,
你说什么我正在吃牛肉看不见。,
好想吃,
好想吃呀,
这种鸡腿吃几个就腻了,
这种鸡腿吃几个就腻了,
老子好想吃呼呼,
手中的披萨不香了,
手中的披萨不香了,
你们看他笑的多开心啊,
看的我好饿,
55好想吃！,
好饿,
快馋死了,
啊，鸡腿真好吃，嘶…想上厕所，拜拜思密达,
啊，鸡腿真好吃，嘶…想上厕所，拜拜思密达,
啊，鸡腿真好吃，嘶…想上厕所，拜拜思密达,
我手里的作业不香了,
我承认，我馋了,
好饿,
好馋,
有木有把你馋死,
这么好吃的炸鸡屏幕前的你肯定吃不到吧,
这么好吃的炸鸡屏幕前的你肯定吃不到吧,
这么好吃的炸鸡屏幕前的你肯定吃不到吧,
起玛8只鸡失去了他的梦想,
饿,
太香啦,
太香啦,
好香啊啊啊啊啊啊啊,
饿了,
虽然鸡腿看着好像是甜腻的   但我馋了。。,
虽然鸡腿看着好像是甜腻的   但我馋了。。,
虽然鸡腿看着好像是甜腻的   但我馋了。。,
可乐配炸鸡,
可乐配炸鸡,
给爷看饿了，想点外卖了……,
好想吃啊,
好饿啊,
口中的手指不香了,
香中带沙雕,
老子就是要馋死你,
手里的鸡翅根忽然不香了,
手里的鸡翅根忽然不香了,
手里的鸡翅根忽然不香了,
淦，饿了,
好饿好饿好饿好饿好饿好饿好饿好饿好饿好饿好饿好饿好饿好饿好饿好饿好饿好饿好饿好饿好饿好饿好饿好饿好饿好饿好饿好饿好饿好饿好饿好饿好饿,
饿死我了,
我想用你的鸡腿刷牙,
我想用你的鸡腿刷牙,
饿了,
看着好香,
馋了馋了,
2倍数更香,
嘴巴里的舌头也不香了,
好饿...,
饿死我了,
呃呃呃呃呃呃呃烦死啦 为什么他在笑啊呃呃呃好馋,
你的鸡腿能放生吗？,
你的鸡腿能放生吗？,
你吃了八只鸡的腿。,
2020 8 25 一号已饿死二号做准备,
啊啊啊啊啊啊啊啊啊啊啊啊太馋人啦！！,
可口杀虫剂,
半夜了，美团上的韩式炸鸡店都关了！,
半夜了，美团上的韩式炸鸡店都关了！,
想吃想吃,
牙齿绝对有问题，毕竟喝那么多碳酸饮料,
想吃,
救救孩子吧，刚吃完晚饭又饿了,
我不要鸡腿了，桌板能借我舔一下吗？,
我不要鸡腿了，桌板能借我舔一下吗？,
忽然觉得自己手里的薯片不香了,
忽然觉得自己手里的薯片不香了,
看的好馋,
馋死我了,
口中的唾液突然不香了,
他的表情逐渐凝固:这鸡腿没熟吗？,
他的表情逐渐凝固:这鸡腿没熟吗？,
sans:手里的番茄酱突然不香了,
鸡腿刷牙,
鸡腿刷牙,
削个鸡腿怎么像在吃铅笔？,
削个鸡腿怎么像在吃铅笔？,
嘴里的空气突然就不香了,
哥你这么牛鸡腿知道吗,
哥你这么牛鸡腿知道吗,
手里的老干妈和白粥突然就不香了,
好想吃啊，口水止不住了,
饿了,
恶心别看,
他吃的好香(✪▽✪),
我想吃。,
感觉你要吐了,
偷拿鸡腿↑,
偷拿鸡腿↑,
好饿啊思密达,
眼前的电脑突然香了,
好想吃好想吃好想吃好想吃好想吃,
大家都想吃思密达,
佩服这位小哥吃那么多的鸡腿没有把衣服弄脏,
佩服这位小哥吃那么多的鸡腿没有把衣服弄脏,
佩服这位小哥吃那么多的鸡腿没有把衣服弄脏,
凌晨2:38我好饿,
凌晨2：12。。我好饿。。,
他的鸡腿好大，555好想吃啊,
他的鸡腿好大，555好想吃啊,
他的鸡腿好大，555好想吃啊,
我好饿,
12点23的我要饿死了,
啊啊啊啊啊啊啊啊饿了,
好馋好馋（吸口水）,
馋死我了，好饿啊！,
馋死我了，好饿啊！,
我在想这个鸡腿是什么味的，要是甜的就好吃,
我在想这个鸡腿是什么味的，要是甜的就好吃,
我在想这个鸡腿是什么味的，要是甜的就好吃,
你说你吃就吃，为什么还带上这奇奇怪怪的表情，搞得我也想吃了。。。,
我饿死了在场每一根鸡腿都是共犯,
我饿死了在场每一根鸡腿都是共犯,
我饿死了在场每一根鸡腿都是共犯,
妈呀我饿的胃疼,
手中的草稿纸忽然香了……唉我作业怎么被咬了一口？！？！,
我饿死了,
好吃到飞起,
这个热量。。。。,
好吃,
  所以我感觉他们都特别厉害一次都吃好多,
至今为止我只点过一次这种炸鸡真的吃两个就受不了了简直了太腻了,
至今为止我只点过一次这种炸鸡真的吃两个就受不了了简直了太腻了,
好饿好饿好饿好饿好饿,
好残忍呀，多少只小鸡的腿呀,
好残忍呀，多少只小鸡的腿呀,
第一口嚼了四十多下,
二倍速好香,
0.5太馋忍了,
最多五个就腻了,
大下午的我饿了,
我好想吃这个酱啊啊啊啊啊啊！,
馋死我了,
牙疼的我好馋,
嘤嘤嘤，我要饿死了,
里面有味的，炸鸡腿之前会腌一下,
里面有味的，炸鸡腿之前会腌一下,
里面有味的，炸鸡腿之前会腌一下,
噗哈哈哈哈哈哈饿开始的地方,
好香啊,
吃个铅笔咋跟削鸡腿似的,
吃个铅笔咋跟削鸡腿似的,
我在上网课……他在吃鸡腿,
我在上网课……他在吃鸡腿,
万饿之源,
手中的钻石突然不香了,
集合偷鸡腿（1/99）,
集合偷鸡腿（1/99）,
他削铅笔怎么像吃鸡腿似的,
他削铅笔怎么像吃鸡腿似的,
撤锁里的奥利给瞬间变得不香了,
现在是晚上3点03 救命我快饿死了,
这鸡腿他要卖的话 我现在就下单,
这鸡腿他要卖的话 我现在就下单,
大半夜的，馋死我了啊啊啊啊啊啊啊啊,
饿死我饿死了,
好饿,
饿鬼道开启,
馋了,
快饿晕了,
好饿啊,
馋哭了,
治好了厌食症，馋死了普通人,
我好馋,
我好饿啊，呜呜呜呜呜～,
嗷嗷嗷嗷嗷嗷嗷嗷嗷嗷嗷嗷嗷嗷嗷嗷嗷嗷嗷嗷嗷嗷嗷嗷嗷嗷嗷嗷嗷嗷嗷嗷嗷嗷嗷嗷       嗯饿啊啊啊,
手里的电脑不香了,
嘴里的口水忽然不香了,
嘴里的口水突然不香了,
帅锅，你看你都吃了这么多，剩下的别出来了,
嘴里的口水咋突然就不香了,
啊啊啊啊啊啊啊啊大半夜的要馋死，心痒痒,
好饿好饿，我真的好饿～,
脆骨真香,
这是好吃到飞起？,
碗里的老干妈加蒸白米饭突然就不香了,
我也想吃,
我也想吃思密达,
都给我看饿了,
针不戳，这个鸡腿针不戳,
针不戳，这个鸡腿针不戳,
我口水吞出了鸡腿的味道,
我口水吞出了鸡腿的味道,
好馋 啊啊啊啊,
明明才吃了午饭但还是觉得好饿,
2020年8月23馋死的过来集合一下,
手里的法国鹅肝不香了,
妈呀太香了,
好想吃啊,
泡泡面也不香了,
哪里有这么香的炸鸡卖,
哪里有这么香的炸鸡卖,
哪里有这么香的炸鸡卖,
上次买个了韩式炸鸡酱放的巨少,
上次买个了韩式炸鸡酱放的巨少,
哈哈哈波士顿龙虾那个牛逼牛逼,
哈哈哈波士顿龙虾那个牛逼牛逼,
额鹅鹅鹅额鹅鹅鹅饿哦,
这个酱看着就香,
妈妈我想吃,
诱人,
这吃的也太香了,
我饿了,
妈呀看的我好饿啊,
啊，好香，我死了……,
嘴巴里的坚果突然就不香了,
饿的兄弟们帮lbw吃电脑屏幕吧,
好香好香好香,
妈妈一进来，儿子，地上怎么那么多纸巾?_?,
多只鸡腿过，酱汁不沾唇,
多只鸡腿过，酱汁不沾唇,
多只鸡腿过，酱汁不沾唇,
手里的粑粑他突然不香了,
好饿,
越看越饿,
嚼着嚼着我的口香糖就吞下去了,
好饿,
隔壁小孩馋哭了,
看他笑得多开心,
已馋死,
一点五倍速真的跟看猴一样一点笑的我一点都不饿了,
馋哭了,
大半夜看这个越看越饿,
爷饿了,
哈哈哈哈哈哈哈我不饿我才吃炸鸡,
哈哈哈哈哈哈哈我不饿我才吃炸鸡,
哈哈哈哈哈哈哈我不饿我才吃炸鸡,
一口吃鸡,
啊，好饿,
倒放不香吗？,
我是银行人员，听说你花费了一千万，就为了买那50几个鸡腿，恐怕这孩子傻了,
我是银行人员，听说你花费了一千万，就为了买那50几个鸡腿，恐怕这孩子傻了,
我应该多学一门韩语的,
说恶心的人真恶心,
弹幕说恶心的麻烦滚好吧,
   您这边吃边眯眯笑的表情就好过分哦！啊我好饿....,
太香了～～,
刚好炸鸡到了一起吃,
刚好炸鸡到了一起吃,
给我看饿了，咕~,
这是我看过吃鸡腿吃得最香的视频,
这是我看过吃鸡腿吃得最香的视频,
这是我看过吃鸡腿吃得最香的视频,
手中的蛋炒饭突然不香了,
我嘴里老婆的口水突然不香了,
啊啊啊啊啊啊我饿啊啊啊啊,
总感觉他手里的鸡腿比我面前的炸鸡香,
总感觉他手里的鸡腿比我面前的炸鸡香,
总感觉他手里的鸡腿比我面前的炸鸡香,
总感觉他手里的鸡腿比我面前的炸鸡香,
哈哈前面的，数学作业本来就不香,
罗恩你鸡腿被吃了,
罗恩你鸡腿被吃了,
草 饿死我了,
我好馋,
手里的手机突然香了,
前面的，我偷到了鸡腿我要什么棒棒糖（狗头）,
前面的，我偷到了鸡腿我要什么棒棒糖（狗头）,
嘴里的饭突然就不香了,
削个铅笔怎么像吃鸡腿一样？,
削个铅笔怎么像吃鸡腿一样？,
削个铅笔怎么像吃鸡腿一样,
削个铅笔怎么像吃鸡腿一样,
好饿啊,
好饿啊,
我好饿啊,
泡面现在又香了,
好好吃,
手中的三叶虫突然不香了。,
热量爆炸,
好饿呜呜呜呜呜,
锅里的烤鱼很香呢,
锅里的烤鱼很香呢,
前面说吃相猥琐，恶心的，看不惯别看啊,
我饿了,
呜呜呜想吃。,
馋了,
我不多说了，我要他蘸的那个酱,
啊C 待会儿就去买炸鸡 给孩子饿傻了都,
啊C 待会儿就去买炸鸡 给孩子饿傻了都,
啊C 待会儿就去买炸鸡 给孩子饿傻了都,
望肉止饿,
饿饿饿饿饿啊啊啊啊啊啊,
好饿好饿好饿好饿好饿好饿好饿好饿好饿好饿好饿好饿好饿好饿好饿好饿好饿好饿好饿好饿好饿好饿好饿好饿好饿好饿好饿好饿好饿好饿,
好饿好饿好饿好饿好饿好饿好饿好饿好饿好饿好饿好饿好饿好饿好饿好饿好饿好饿好饿好饿好饿好饿好饿好饿好饿好饿好饿好饿好饿,
真香,
真香,
饿～～～,
现在是凌晨  我好饿,
好香,
饿,
好饿好饿,
给我看饿了,
哥们吃得好香，我已经开始饿了,
哥们吃得好香，我已经开始饿了,
先别说馋不馋，但是这个声音是真的好听。,
好饿，好饿好饿，好饿好饿。,
爷～饿～了～,
爷饿啊,
饿～～～啊～～～,
真香哥警告,
炸鸡，可乐，屏板，全家桶，冰淇淋，薯片，快乐肥宅水,
炸鸡，可乐，屏板，全家桶，冰淇淋，薯片，快乐肥宅水,
炸鸡，可乐，屏板，全家桶，冰淇淋，薯片，快乐肥宅水,
炸鸡，可乐，屏板，全家桶，冰淇淋，薯片，快乐肥宅水,
睡前正在看的我感觉晚上的梦都是鸡腿,
睡前正在看的我感觉晚上的梦都是鸡腿,
剩下的三个鸡腿给俺吧！（☆_☆）,
剩下的三个鸡腿给俺吧！（☆_☆）,
看着就很好吃，甜辣味的酱汁，酥脆的鸡皮，滑嫩有嚼劲的肌肉,
看着就很好吃，甜辣味的酱汁，酥脆的鸡皮，滑嫩有嚼劲的肌肉,
嘴里的口水突然不香了,
嘴里的泡面不香了,
馋死我了,
馋哭了,
饿死了饿死了饿死了饿死了饿死了饿死了,
饿死了饿死了饿死了饿死了饿死了饿死了,
罗恩的鸡腿啊哈哈哈哈哈,
罗恩的鸡腿啊哈哈哈哈哈,
饿他们三天在吃,
这个小哥哥吃的好香啊，我好馋,
这个小哥哥吃的好香啊，我好馋,
偷他鸡腿，偷到的每人一根棒棒糖,
偷他鸡腿，偷到的每人一根棒棒糖,
偷他鸡腿，偷到的一人一根棒棒糖,
偷他鸡腿，偷到的一人一根棒棒糖,
馋了,
好吃吗,
为我吃掉的鸡们祈祷思密达,
他在给吃掉的鸡们祈祷,
看视频解馋,
如果我饿死了视频里的每一个鸡腿都有罪······！！！,
如果我饿死了视频里的每一个鸡腿都有罪······！！！,
如果我饿死了视频里的每一个鸡腿都有罪······！！！,
手里的jio仍然很香，等等~~~~jio？,
罗恩的鸡腿,
罗恩的鸡腿,
现在是九点十分，阿伟要饿死了~,
自己吃没觉得多香看别人吃觉得要饿死55555,
自己吃没觉得多香看别人吃觉得要饿死55555,
自己吃没觉得多香看别人吃觉得要饿死55555,
饿了,
越看越饿啊,
好饿啊,
手中的鹅腿顿时就不香了,
想想吃了要长肥，但谁现在想这些,
边吃炸鸡边看是真的香,
边吃炸鸡边看是真的香,
边吃炸鸡边看是真的香,
手里的空气不香了,
真香操作,
我好饿,
嘴中的脚指头不香了,
我要吃炸鸡腿,
我要吃炸鸡腿,
我要吃炸鸡腿,
sulou sulou  恶心,
我默默点开了饿了么,
手里的薯片忽然间不香了,
手里的薯片忽然间不香了,
就这手抓饼看，我吃出了鸡腿味,
就这手抓饼看，我吃出了鸡腿味,
馋,
饿饿饿饿饿饿,
真的我自己也是这样两口吃鸡腿的,
真的我自己也是这样两口吃鸡腿的,
他削铅笔咋跟吃鸡腿一样,
他削铅笔咋跟吃鸡腿一样,
看饿了，点个外卖回来继续看,
好香啊,
我姥姥做的菜突然间就不香了,
突然感觉好饿啊,
好吃的小手乱颤,
馋死我了,
说凡尔登好笑的多少沾点,
万饿之源,
信你，鬼才会得永生，馋死鬼的那种,
钱的香味,
爷要饿洗了,
鸡看了表示害怕，连蛋都不会生了,
我我我我我我问道味儿了，我是不是饿疯了,
手里的深渊巨口突然就不香了,
看他这肌肉你去当面问他吐不吐，看他能不能一拳锤死你,
我刚偷的工地的土突然就不香了……,
好饿,
好饿,
哈哈哈 戏好多 我好馋,
哈哈哈 戏好多 我好馋,
手上的红魔虾突然就不香了,
手上的红魔虾突然就不香了,
看得我都饿了,
这孩子多半是傻了,
馋了馋了,
饿了,
他削铅笔怎么跟吃鸡腿一样,
他削铅笔怎么跟吃鸡腿一样,
我也想吃,
他削铅笔怎么跟吃鸡腿似的,
他削铅笔怎么跟吃鸡腿似的,
今天吃眼生大鸡腿，不眼生我不吃昂。,
今天吃眼生大鸡腿，不眼生我不吃昂。,
好饿,
饿饿饿饿饿饿饿饿饿饿饿饿饿饿饿饿,
好香啊,
爱鸡人士强烈谴责！！！！！,
我刚吃完晚饭，我一看我又饿了,
我刚吃完晚饭一看就又饿了。,
好想吃啊,
好饿,
啊～饿～饿,
好饿好饿,
你馋到我了啊,
冲动的我，决定下楼去买炸鸡,
冲动的我，决定下楼去买炸鸡,
好饿啊,
馋,
诱人,
我馋了啊,
饿了,
不说了我炸鸡到了,
不说了我炸鸡到了,
饿！！！！！！！！！！,
我淦好想吃,
我饿了,
啊啊啊啊啊啊啊啊啊我要饿死了,
就吃两个的我酸了，我能吃好多,
震惊，一名女初中生今日因看到这视频活活被馋死，还有一地的口水，这就是8月20号发送的重大事件,
不要鸡腿了桌板可以给我舔一下嘛？,
不要鸡腿了桌板可以给我舔一下嘛？,
81个兄弟们都馋哭了,
馋死了！啊啊啊啊啊啊啊啊啊啊啊啊啊,
饿梦开始的地方,
边吃饭边看越来越饿觉得自己吃的不是东西,
李           奥           纳           多,
好想吃呜呜呜,
啊啊啊啊救命好饿,
真不错，这个鸡腿鎮不錯,
真不错，这个鸡腿鎮不錯,
“一想到能馋到你们就很开心。”,
因为正常人看来会馋死             小黄发言,
怀里的韩红突然就不香了,
超大火鸡腿,
超大火鸡腿,
这得是多大的鸡？,
这得是多大的鸡？,
你不行啊放下鸡腿，我上,
你不行啊放下鸡腿，我上,
火鸡腿吗,
火鸡腿吗,
饿了啊啊啊啊啊啊啊啊啊啊,
火鸡腿 特别柴,
火鸡腿 特别柴,
火鸡腿真的难吃,
火鸡腿真的难吃,
有次太饿了，就一直吃牛肉干，然后真的张不开嘴了,
有次太饿了，就一直吃牛肉干，然后真的张不开嘴了,
做好了还是挺好吃，味道很想不含淀粉的火腿,
做好了还是挺好吃，味道很想不含淀粉的火腿,
火鸡腿,
火鸡腿,
火鸡,
火鸡腿,
火鸡腿,
这体重得有多少斤,
这鸡腿这么大是什哦这到底是什么鸡的腿真大,
这鸡腿这么大是什哦这到底是什么鸡的腿真大,
好吃到流鼻血,
好多肉！我好饿,
好多肉！我好饿,
卧槽我有点馋,
好想吃,
不过5个鸡腿太少了，还不过我吃到半饱,
不过5个鸡腿太少了，还不过我吃到半饱,
好吃吗,
我不想吃东西,
什么鸡这么大,
润滑油？？,
火鸡腿,
火鸡腿,
这是火鸡腿。,
这是火鸡腿。,
治好厌食症，饿死正常人,
香啊,
蝙蝠汤突然不香了,
这是鸡腿吗？,
这是鸡腿吗？,
这是什么鸡，腿这么大,
诶呀太香啦,
打戒！把鸡腿交出来！,
打戒！把鸡腿交出来！,
火鸡腿,
火鸡腿,
我擦我也想吃,
这鸡腿够我吃上一年,
这鸡腿够我吃上一年,
这鸡腿变异了吧？,
这鸡腿变异了吧？,
♪ 加油加油! ♪ミ ゛ミ ∧＿∧ ミ゛ミミ ミ ( ・∀・ )ミ゛ミ゛゛ ＼　　　／゛゛　　 　i⌒ヽ ｜　　 　 (＿) ノ　　　　　 ∪,
♪ 加油加油! ♪ミ ゛ミ ∧＿∧ ミ゛ミミ ミ ( ・∀・ )ミ゛ミ゛゛ ＼　　　／゛゛　　 　i⌒ヽ ｜　　 　 (＿) ノ　　　　　 ∪,
鸡腿在滴血,
鸡腿在滴血,
好好吃呀！,
嘴里的肉突然不香了,
火鸡腿,
火鸡腿,
火鸡腿吗？这也太大了,
火鸡腿吗？这也太大了,
火鸡腿肉质非常奇特，硬而不柴，没吃过的别瞎说,
火鸡腿肉质非常奇特，硬而不柴，没吃过的别瞎说,
火鸡腿就这样，肉质超结实,
火鸡腿就这样，肉质超结实,
放下那鸡腿，让我来,
放下那鸡腿，让我来,
放下那鸡腿，让我来,
放下那鸡腿，让我来,
这是什么鸡啊 为什么能这么大,
人家说腻咋了，一般人吃多了不腻？啥都杠让不让人说话,
这是火鸡腿吗,
这是火鸡腿吗,
你能把这么大的鸡腿一口一个,
你能把这么大的鸡腿一口一个,
这个肉超好吃！！！很紧致但是好咬的！！只是视频里小哥哥夸张了点,
火鸡腿？,
火鸡腿？,
最呕吃播弹幕没素质垃圾,
猪猪,
看把孩子饿的,
什么鸡腿这么大？？,
什么鸡腿这么大？？,
看把孩子饿成啥样了,
火鸡腿么？,
火鸡腿么？,
分我一点鸡皮也好,
火鸡腿？,
火鸡腿？,
为啥鸡腿这么大,
为啥鸡腿这么大,
好大一鸡腿，看得我都饱了,
好大一鸡腿，看得我都饱了,
迪士尼的鸡腿被你批发了,
迪士尼的鸡腿被你批发了,
感觉一个这样的鸡腿顶几个小的那种,
感觉一个这样的鸡腿顶几个小的那种,
看着都觉得好吃的样子,
蜂蜜芥黄酱很好吃啊！！,
没弹幕了，被饿走了吗,
激素鸡,
火鸡腿吧,
火鸡腿吧,
这是一只多大的鸡啊,
这是一只多大的鸡啊,
这是油管，不是快手!,
火鸡？,
看饿了,
好紧个。。感觉不是很好吃,
火鸡腿,
火鸡腿,
我饿了！！！,
这是什么鸡？这么大？？,
他怎么皱眉呀？不应该很香地吃吗,
我最多能吃一个多吧,
看把这孩子饿的,
这是什么腿，火鸡?,
我也好想吃QWQ,
饿了,
是火鸡腿,
是火鸡腿,
火鸡腿 肉那么硬,
火鸡腿 肉那么硬,
好饿啊,
我也想吃,
一个半差不多腻了，能吃俩应该,
看到这个鸡皮我就想吃,
看到这个鸡皮我就想吃,
火鸡腿,
火鸡腿,
火鸡腿味太重,
火鸡腿味太重,
这是火鸡腿吧？,
这是火鸡腿吧？,
火鸡腿,
火鸡腿,
火鸡腿？,
火鸡腿？,
看着孩子饿的,
大鸡腿不入味,
大鸡腿不入味,
想把他按在鸡腿上，帮他擦鼻子,
想把他按在鸡腿上，帮他擦鼻子,
这是火鸡腿吗？？？,
这是火鸡腿吗？？？,
呕的请左转好吗？弹幕礼仪呢？,
我感觉我最多吃两个,
火鸡腿把   这么大,
火鸡腿把   这么大,
火鸡腿,
火鸡腿,
最多我能吃三个。,
火鸡腿,
火鸡腿,
我看着就馋,
是火鸡腿吧？,
是火鸡腿吧？,
我并不想吃火鸡腿，我突然想吃火鸡面。,
我并不想吃火鸡腿，我突然想吃火鸡面。,
我并不想吃火鸡腿，我突然想吃火鸡面。,
我并不想吃火鸡腿，我突然想吃火鸡面。,
这是鸡腿？,
这是鸡腿？,
这是火鸡？？？？,
我的天啊..这鸡腿,
我的天啊..这鸡腿,
真香,
真香,
鸡你太美,
饿了,
这是火鸡腿叭？,
这是火鸡腿叭？,
这火鸡腿叭,
这火鸡腿叭,
最多两个,
好饿,
我好饿啊,
我也想吃,
火鸡腿,
火鸡腿,
好饿啊……,
好吃吗,
火鸡很柴的,
火鸡超柴的,
火鸡腿啊？,
火鸡腿啊？,
想吃,
火鸡吗,
火鸡腿的肉就是这样的啊,
火鸡腿的肉就是这样的啊,
好大的鸡,
饿,
瞧吧孩子饿的,
这是火鸡腿,
这是火鸡腿,
火鸡腿,
火鸡腿,
好饿,
杠精真多,
不能先放下手中那两个鸡腿吗,
不能先放下手中那两个鸡腿吗,
激素鸡,
火鸡腿都没这么大吧,
火鸡腿都没这么大吧,
这火鸡腿吗,
这火鸡腿吗,
这位哥的胃口真不错啊，不过5个火鸡腿的话，我只能吃个半饱。,
这位哥的胃口真不错啊，不过5个火鸡腿的话，我只能吃个半饱。,
淘宝搜索火鸡腿,
淘宝搜索火鸡腿,
吐了,
不知道的以为他被鸡腿揍了,
不知道的以为他被鸡腿揍了,
腌制的吧，好好吃！,
腌制的吧，还好吃,
火鸡肉很柴,
我也想吃,
这也太幸福了 好饿！！,
怎么这么幸福 又又又看饿了,
这什么鸡？腿这么大？,
我不管我饿了,
火鸡腿啊 杠精没吃过吗,
火鸡腿啊 杠精没吃过吗,
火鸡腿吧,
火鸡腿吧,
感觉很好吃 但是真的好多看撑了,
感觉很好吃 但是真的好多看撑了,
应该是烧烤或者烟熏，因为鸡腿下面有明显痕迹。,
应该是烧烤或者烟熏，因为鸡腿下面有明显痕迹。,
就他这个健壮的胳膊肘绝对练出来的。吃得多正常,
想吃皮,
这种鸡腿，送给我都不吃，完全没用食欲,
这种鸡腿，送给我都不吃，完全没用食欲,
因为看到鸡你太美所以性感的流鼻血了,
饿了,
被鸡腿打了,
被鸡腿打了,
火鸡腿,
火鸡腿,
这个鸡腿为什么这么大,
这个鸡腿为什么这么大,
这个是火鸡腿好吧。,
这个是火鸡腿好吧。,
火鸡腿,
火鸡腿,
火鸡腿,
火鸡腿,
好好吃的鸡腿,
好好吃的鸡腿,
好好吃的鸡腿,
这是啥鸡的腿,
想吐的麻烦滚出去,
一群人想吐想呕点叉不要告诉我ok？,
一群人想吐想呕点叉不要告诉我ok？,
火鸡腿好吃吗,
火鸡腿好吃吗,
火鸡腿好吃吗,
就，不喜欢看的别看了多好^ - ^,
好想吃，看起来这腿很有食欲哎,
出现了 猪鼻子,
五个很多吗？,
火鸡腿好吃的,
火鸡腿好吃的,
火鸡腿好吃的,
火鸡腿？,
火鸡腿？,
我好饿……,
火鸡腿吧,
火鸡腿吧,
我也想这样疯狂啃鸡腿,
我也想这样疯狂啃鸡腿,
这火鸡腿吧,
这火鸡腿吧,
说柴的都没吃过火鸡肉,
火鸡肉很嫩的！而且熟了就是这个颜色红红的!,
火鸡腿,
火鸡腿,
从哪来这么大的鸡腿呀,
从哪来这么大的鸡腿呀,
就告诉你，火鸡腿肉老,
就告诉你，火鸡腿肉老,
火鸡？,
好多油,
好多油,
火鸡面的酱？？,
火鸡面的酱？？,
长这么大从来没见过这么大的鸡腿,
长这么大从来没见过这么大的鸡腿,
饿死了,
鸡你太美,
火鸡腿,
火鸡腿,
一个鸡腿就他拳头那么大，能算大鸡腿吗呵呵,
一个鸡腿就他拳头那么大，能算大鸡腿吗呵呵,
应该是火鸡腿,
应该是火鸡腿,
火鸡腿就这种整好呢火鸡腿柴了可一口也吃不下,
火鸡腿就这种整好呢火鸡腿柴了可一口也吃不下,
口太小了，我不一定比他吃得多，但是我一定比他快,
火鸡腿真的不怎么好吃，在上海迪士尼和大阪环球影城都吃过，烟熏味重，肉质柴，都不怎么好吃的～,
火鸡腿真的不怎么好吃，在上海迪士尼和大阪环球影城都吃过，烟熏味重，肉质柴，都不怎么好吃的～,
火鸡腿真的不怎么好吃，在上海迪士尼和大阪环球影城都吃过，烟熏味重，肉质柴，都不怎么好吃的～,
感觉超好吃,
火鸡肉比较硬会变成大脸盘子的,
这种鸡腿好难烤啊，经常夹生,
这种鸡腿好难烤啊，经常夹生,
这鸡腿要切几刀才入味,
这鸡腿要切几刀才入味,
吃肉不吃蒜香味少一半。,
这怕是打了激素的鸡腿,
这怕是打了激素的鸡腿,
请问这个还是我认识的鸡腿吗？,
请问这个还是我认识的鸡腿吗？,
呕你妹啊，不看走好吗,
好想吃啊，看他吃的好幸福的样子,
怎么办，我饿了,
火鸡腿,
火鸡腿,
火鸡腿,
火鸡腿,
好想吃，好饿( •̥́ ˍ •̀ू )晚上没吃饭。。。。。。,
好想吃，好饿( •̥́ ˍ •̀ू )晚上没吃饭。。。。。。,
我觉得不是吧唧嘴，是东西太多不得不张嘴嚼,
韩国人吃鸡腿不是可以一口一个的吗,
韩国人吃鸡腿不是可以一口一个的吗,
看起来巨好吃啊,
全程只咽下去一个鸡腿,
全程只咽下去一个鸡腿,
好吃到流鼻血,
这个火鸡腿不知道里面入不入味,
这个火鸡腿不知道里面入不入味,
说韩国人是饿死鬼的 心里怎么想的？这是别人的工作 别人这么说你你开心？,
我tm还以为这哪的冰淇淋圣代,
这不是梦中的鸡腿嘛,
这不是梦中的鸡腿嘛,
看着还挺有食欲的（我饿了。。。）,
好大我也想吃，感受下食肉为饱的日子,
蘸着像那啥的东西吃得那么香,
我最多吃一个半,
你这是饿了几天啊,
这火鸡腿能买到会烤不熟吗？最怕里面有血丝（我不是杠精）,
这火鸡腿能买到会烤不熟吗？最怕里面有血丝（我不是杠精）,
有点想吃,
饿死了,
好饿啊,
啊饿死了,
我也想吃,
哇好饿,
这种大鸡腿真的好吃吗？ 感觉里面的肉压根不入味,
这种大鸡腿真的好吃吗？ 感觉里面的肉压根不入味,
这种大鸡腿真的好吃吗？ 感觉里面的肉压根不入味,
我的小鸡鸡啊！你怎么就死了啊！（似乎有个奇怪的地方）,
这鸡腿跟小哥的小臂有的一拼,
这鸡腿跟小哥的小臂有的一拼,
这应该是火鸡鸡腿吧,
这应该是火鸡鸡腿吧,
赶脚好好吃,
吃得好香,
好想吃啊,
什么鸡的腿啊，这么大,
这种鸡腿里面没入味吧,
这种鸡腿里面没入味吧,
看饿了,
我觉得这样吃很带劲啊，什么叫可不可以好好吃饭,
看这位小哥儿吃东西都不会觉得饿了,
哦～～鸡你太美,
这真的是鸡腿吗，哪有这么大的鸡,
这真的是鸡腿吗，哪有这么大的鸡,
想吃啊,
我的妈看饿了,
好想吃,
我一顿饭就吃五个腿，不是很多,
看吐了的直接滚蛋首页,
饥荒火腿棒,
想吃啊,
搞得我好想吃,
会好吃嘛？,
多少人沒吃過火雞肉，不柴啊,
我觉得很好吃啊火鸡腿,
我觉得很好吃啊火鸡腿,
我觉得很好吃啊火鸡腿,
好香啊,
尼玛哪来这么大的鸡,
吐血了。。。,
奶油,
他吃的比我多，但绝对没我快,
小哥健身人士，吃的很多，正常,
小哥虽然不能吃辣，但是肌肉很多,
好想吃炸鸡啊啊啊啊啊,
好想吃炸鸡啊啊啊啊啊,
好想吃炸鸡啊啊啊啊啊,
这些鸡腿要是翅根能吃完,
这些鸡腿要是翅根能吃完,
这是奶油,
看起来好好吃啊啊啊啊,
真的是大胃王，两个饼加个鸡腿我就已经饱了,
真的是大胃王，两个饼加个鸡腿我就已经饱了,
鸡腿看着依然美味,
鸡腿看着依然美味,
鸡腿的软骨好吃,
鸡腿的软骨好吃,
鸡腿的软骨好吃,
鸡腿吃八个不能再多了。。。,
鸡腿吃八个不能再多了。。。,
鸡腿吃八个不能再多了。。。,
鸡腿蘸甜辣酱是真的好吃,
鸡腿蘸甜辣酱是真的好吃,
鸡腿蘸甜辣酱是真的好吃,
鸡腿我倒是能吃，但是加上这些饼。。。当场去世,
鸡腿我倒是能吃，但是加上这些饼。。。当场去世,
鸡腿看着就好吃，我可以吃八个一顿。。。,
鸡腿看着就好吃，我可以吃八个一顿。。。,
鸡腿看着就好吃，我可以吃八个一顿。。。,
靠 饿死我了,
嘴里的空气突然不香了,
女的，我一口气吃了十个鸡翅根,
女的，我一口气吃了十个鸡翅根,
我一顿吃了一整只鸡和一份麻辣香锅,
我一顿吃了一整只鸡和一份麻辣香锅,
感觉他在吃汉堡？,
这叫撸鸡腿。,
这叫撸鸡腿。,
哈哈哈哈哈哈哈就哈哈我笑吐了,
忽然感觉鸡腿好小啊,
忽然感觉鸡腿好小啊,
忽然感觉鸡腿好小啊,
忽然感觉鸡腿好小啊,
突然手里的粥不香了,
给我康康馅 我想知道到底有多好吃,
给我康康馅 我想知道到底有多好吃,
鸡你太美,
吃个鸡腿,
吃个鸡腿,
吃个鸡腿,
吃个鸡腿,
这么多正常人是吃不完的，不会剪辑了吧,
吃吐血了哈哈哈哈,
猪和鸡的克星,
猪和鸡的克星,
鸡你太美,
那是辣酱的话，鸡腿我都只能吃3个,
那是辣酱的话，鸡腿我都只能吃3个,
好好吃啊草哈哈哈哈哈哈哈,
他吐血了！,
这些东西没多少钱的   打底不超过200,
吐血,
不是……谁要知道他这一顿抵你多少顿……,
9个饼，12个鸡腿，我哭了,
9个饼，12个鸡腿，我哭了,
你一天能吃这个多？,
减肥人士表示追寻刺鸡就要追寻到底,
肉夹馍咸的，奶油甜的，这怎么吃下去的,
好饿啊,
原标题蜂蜜糖饼和烤鸭肉饼蘸蛋黄酱吃,
自己翻译：是烤鸭肉饼和蜂蜜糖饼一起吃啊,
肉饼加奶油不会腻吗,
我好饿ಥ_ಥ,
为什么要给我看！我已经够饿的了哭哭,
看他笑得多开心,
吐血了,
好饿,
我饿了,
我饿了,
我饿了,
好想吃这个饼啊啊啊啊啊啊,
多发点 反正我也不想活了,
内心:好好吃，你们也只有看着我吃的份儿（哈哈哈）,
半个月的食量是多小,
这饼看起来太好吃了,
他饿了一天了吧,
你看他多痛苦啊,
吃吐血了都,
偷偷吃掉一个饼加一根鸡腿,
偷偷吃掉一个饼加一根鸡腿,
看起来都很好吃,
锻炼脸部肌肉所以吃多点？（什）,
舌头真好吃,
想吃,
我去，饿死了,
woc我好饿,
瞧把孩子饿的,
看的好饿,
糖饼很好吃啊,
吃这么多饼还有一堆肉真的不容易，都是硬货,
这个饼看起来好好吃,
葱油饼吧,
好想吃鸡腿 o.o,
好想吃鸡腿 o.o,
好想吃鸡腿 o.o,
能吃一周有问题吗？一天两个饼两个鸡腿喝点水够了,
能吃一周有问题吗？一天两个饼两个鸡腿喝点水够了,
好香呀我也想吃,
好香呀我也想吃,
我要饿死了啊啊啊啊啊啊啊,
好开心的鸭子,
瞧把孩子饿的,
这么吃最多也就200块钱 真是服了,
饿一天吃一顿,
分我三个饼，一个鸡腿就够了！,
分我三个饼，一个鸡腿就够了！,
给我一个胃寒感冒的都想吃东西了……,
我好饿啊啊啊,
我好饿啊啊啊,
一定很香,
哈哈哈哈哈哈哈哈哈哈哈好吃到吐血,
哈哈哈哈哈哈哈哈哈哈哈好吃到吐血,
吐血警告,
这是饿了几天呀？这么吃。,
好饿吖，吃的好香吖,
好饿吖，吃的好香吖,
饿了饿了,
我也想吃了,
这表情，哇，真香,
健身的人吃的比较多吧,
这鸡腿 在他跟前看着太小了,
这鸡腿 在他跟前看着太小了,
你看他多幸福,
真，好吃到吐血,
真，好吃到吐血,
看的好想吃 ,
你见过肉饼上挤奶油的吗？,
饿了(´□`｡)好饿,
这是辣椒酱该多好。。。,
啊！我吐血了～,
好吃的血都吐出来了。,
好吃的血都吐出来了。,
我饿了，每次看小哥吃播都很有食欲,
看着左边还有好多没吃，对着烙饼笑了,
我觉得看他吃东西好满足啊真的好想吃,
我也好想吃,
吃的真香,
饿啊啊啊啊啊啊,
你永远想象不到奶油跟美乃滋在韩国的地位,
潍坊人告诉你，这差不多就是个馅饼，肉火烧比这个酥多了了,
北方人告诉你，这也差不多就是个馅饼,
吐血了,
好香啊感觉！！！,
是吃到吐血了吗,
一匹悍马按个小捷达的油箱能跑吗,
要么一个鸡腿，要么一个饼。,
要么一个鸡腿，要么一个饼。,
应该是甜的···没有人会往咸的东西上挤奶油吧···,
两个鸡腿，一个饼不能再多了。,
两个鸡腿，一个饼不能再多了。,
两个鸡腿，一个饼不能再多了。,
刚吃了两包火鸡面，又饿了。,
刚吃了两包火鸡面，又饿了。,
刚吃了两包火鸡面，又饿了。,
靠 好想吃啊啊啊啊（减肥好苦逼）,
笑笑笑，笑出鱼尾纹,
饿死鬼托生,
加油,
这样能好吃吗 ,
你除了炸鸡，方便面，腌萝卜，泡菜饺子，炸酱面，你还能吃点啥？你敢不敢吃点别的,
你除了炸鸡，方便面，腌萝卜，泡菜饺子，炸酱面，你还能吃点啥？你敢不敢吃点别的,
你除了炸鸡，方便面，腌萝卜，泡菜饺子，炸酱面，你还能吃点啥？你敢不敢吃点别的,
你除了炸鸡，方便面，腌萝卜，泡菜饺子，炸酱面，你还能吃点啥？你敢不敢吃点别的,
啊啊啊看着好香,
妈妈快看。这个个人吃到吐血啦,
好吃到吐血,
好吃到吐血,
鸡腿能吃完的等等我！！！,
鸡腿能吃完的等等我！！！,
真的，你看他的表情，他已经吃累了还得装作很好吃的样子。,
什么时候想吃东西看看他    就饱了  自己还不长肉\,
看把孩子给饿的,
我也想吃,
这个鸡腿绝了,
这个鸡腿绝了,
看得我也想吃。,
好想吃,
饿,
非得这么多一起吃吗？,
你忘记你的小鸡腿了,
你忘记你的小鸡腿了,
吐血了,
想吃,
啥饼啊我也想吃,
我左手一只鸡腿右手一只鸭腿,
我左手一只鸡腿右手一只鸭腿,
我左手一只鸡腿右手一只鸭腿,
好饿啊！,
自己去翻译，有烤鸭肉饼和蜂蜜糖饼,
瞧这孩子给饿的,
我真的饿了,
前面的等等我！我也是鸡腿能吃完，但是饼两三张就够了……,
前面的等等我！我也是鸡腿能吃完，但是饼两三张就够了……,
鸡腿刷牙,
鸡腿刷牙,
卧槽还嫌热量不多？？？确认过眼神，是健身的人,
卧槽还嫌热量不多？？？确认过眼神，是健身的人,
你看把这孩子饿的,
疯狂分泌口水，但这里的一个饼加一个鸡腿就是我的量了,
疯狂分泌口水，但这里的一个饼加一个鸡腿就是我的量了,
好好吃,
好饿,
奶油，厉害了,
帅不帅不重要，关键是看他吃我都饿了,
突然也好想尝试一次买十几根鸡腿然后一次吃完啊,
突然也好想尝试一次买十几根鸡腿然后一次吃完啊,
     大晚上好饿,
看的好饿。。,
@鸡杂,
看把孩子饿的。,
鸡腿削笔刀。,
鸡腿削笔刀。,
鸡腿,
鸡腿,
吃到吐血,
明显是奶油,
炸鸡的酱有卖的吗,
炸鸡的酱有卖的吗,
我饿了,
看起来好好吃,
饿死了,
小哥好像很喜欢吃鸡腿啊,
小哥好像很喜欢吃鸡腿啊,
为啥要这么多一起吃我感觉一个一个比较好,
我想把他那盘鸡腿全抢过来。。,
我想把他那盘鸡腿全抢过来。。,
他这个脆骨，看着我饿了,
鸡腿是辣的,
鸡腿是辣的,
我200斤，最多吃到现在这些,
看的我饿死了,
鸡腿真香,
鸡腿真香,
鸡腿真香,
啊!这鸡腿有毒!,
啊!这鸡腿有毒!,
谁在乎你能吃多少啊,
今天他又残害了六只鸡,
这得多少能量啊,
在好吃，你也不至于咬破舌头吧,
为啥一个中国的肉火烧，，，，看你吃的，，我也想吃了,
哈哈哈，吃的这么香，肯定看完呀,
封面以为把鸡腿往耳朵塞,
封面以为把鸡腿往耳朵塞,
蛋烘糕里面哇喜欢夹奶油,
甜咸甜咸的也好吃呀,
一顿三个饼五个鸡腿我觉得是OK的,
一顿三个饼五个鸡腿我觉得是OK的,
这个小哥可以尝试一下三口一头猪,
这馅饼看着一定好吃,
哎呀，瞧把这孩子饿得,
你一个星期吃这么多,
好想吃这个饼,
吐了,
饿了。。,
饼不说，就这鸡腿不够我一顿,
饼不说，就这鸡腿不够我一顿,
饼什么的无所谓，主要是想吃鸡腿！！！( ⚆ _ ⚆ )……,
饼什么的无所谓，主要是想吃鸡腿！！！( ⚆ _ ⚆ )……,
饼什么的无所谓，主要是想吃鸡腿！！！( ⚆ _ ⚆ )……,
饼无所谓，主要是想吃鸡腿！！！,
饼无所谓，主要是想吃鸡腿！！！,
饼无所谓，主要是想吃鸡腿！！！,
喷奶油……,
好吃到哭的样子,
吃的好香，我饿了,
吃的好香，我饿了,
这种鸡腿一口啃掉是最爽的,
这种鸡腿一口啃掉是最爽的,
悄悄偷走一个鸡腿,
悄悄偷走一个鸡腿,
悄悄偷走一个鸡腿,
悄悄偷走一个鸡腿,
太香了吧d(ŐдŐ๑),
啊看得我好想吃啊,
吃着青菜泡饭看着视频，越吃越饿,
剪辑一次吐一次,
我这么多年第一次见肉夹馍还有这样的,
吃炸鸡的我瑟瑟发抖,
吃炸鸡的我瑟瑟发抖,
大哥你吐血了,
饿。。。。。。。,
14个饼 12个鸡腿,
14个饼 12个鸡腿,
妈蛋，好想吃啊啊啊啊啊啊啊,
我最多两个饼叠一起咬,
吃鸡腿最爱那口脆骨哈哈哈,
吃鸡腿最爱那口脆骨哈哈哈,
这是长了个啥胃啊？吃这么多？,
吃到吐血,
真香,
好饿,
他吃鸡腿肉饼，我吃苹果,
他吃鸡腿肉饼，我吃苹果,
我刚刚才吃饱啊喂！看着肚子突然又饿了起来！这是怎么回事？！？！,
这个鸡腿肯定巨甜,
这个鸡腿肯定巨甜,
鸡腿有毒！,
鸡腿有毒！,
吃完吐泡泡啊,
香啊,
香啊,
奔驰哥吃鸡腿那个视频你们看过不，好想让他俩比比,
奔驰哥吃鸡腿那个视频你们看过不，好想让他俩比比,
王思聪：辣鸡,
12个肉饼，12个鸡腿,
12个肉饼，12个鸡腿,
看起来好好吃啊,
哈哈哈哈哈哈这个鸡腿这个颜色这个肉看得我好想吃啊,
哈哈哈哈哈哈这个鸡腿这个颜色这个肉看得我好想吃啊,
哈哈哈哈哈哈这个鸡腿这个颜色这个肉看得我好想吃啊,
我拿着手机咽着口水，想象我在吃鸡腿和肉饼,
我拿着手机咽着口水，想象我在吃鸡腿和肉饼,
好好吃,
看的好饿,
肉加馍上喷奶油,
没事隔一段时间。饿自己一天有助于身体免疫细胞繁殖 增加免疫力。，科学表明,
吃太多。会把脑子的智慧慧根堵住,
吃饭也得讲究吃法，你们陪我一天不也没吃吗，吃饭要讲究色香味俱佳还有讲苦酸生淡新原则 少吃多咀嚼,
吃饭也得讲究吃法，你们陪我一天不也没吃吗，吃饭要讲究色香味俱佳还有讲苦酸生淡新原则 少吃多咀嚼,
我早饱了，饼我吃不了太多，肉我可以,
你看他笑的多开心,
排除法 这应该不是披萨,
看饿了,
好吃到流油,
好吃到流油,
饿了老样子看样子饿了一个月,
硬硬硬我饿了,
我好饿啊啊啊啊，现在是半夜,
好饿好饿好饿好饿   为什么我大半夜要看这个,
只想吃鸡腿,
只想吃鸡腿,
只想吃鸡腿,
为啥弹幕那么多酸,
呜呜呜，我也想吃,
想吃,
好吃的要升天啦,
好想吃,
看他多开心,
吃到吐血哈哈哈,
这个韩国小哥哥应该是胃很大的，能吃这么多,
换成我，最多吃完鸡腿和三分之二的饼，还得健身，不但得胖不少,
换成我，最多吃完鸡腿和三分之二的饼，还得健身，不但得胖不少,
换成我，最多吃完鸡腿和三分之二的饼，还得健身，不但得胖不少,
这不是糖饼吧，一般很多糖的吃几个就不想吃了，应该是咸饼,
这不是糖饼吧，一般很多糖的吃几个就不想吃了，应该是咸饼,
鸡腿不吃脆骨就是浪费啊，这么好吃的脆骨怎么能不要呢,
鸡腿不吃脆骨就是浪费啊，这么好吃的脆骨怎么能不要呢,
鸡腿不吃脆骨就是浪费啊，这么好吃的脆骨怎么能不要呢,
吃播也太幸福了叭，这么多好吃的,
吃播也太幸福了叭，这么多好吃的,
鸡腿:啊，你不要过来呀,
鸡腿:啊，你不要过来呀,
鸡腿版《我们三》,
鸡腿版《我们三》,
看把孩子饿的,
这么多糖饼吃不腻？,
吐血了,
靠，看饿了，好想吃,
靠，看饿了，好想吃,
敲 这热量,
其实这样吃就跟薯条蘸冰淇淋一样。,
还好我在吃饭...不然看着好饿,
那是什么酱啊，看起来挺好吃的,
他一餐要吃多少钱啊！,
这么多好吃的东西哪里买啊,
这么多好吃的东西哪里买啊,
好吃到吐血,
好吃到吐血,
好香的感觉,
好饿啊,
这个是奶油,
吃到吐血了,
吐血了,
咸甜味确实蛮好吃的,
这样吃胃受不了，隔段时间，这些食物因为胃吸收不了会吐出来,
我超喜欢这个小哥，马鸭，太可爱了，太帅了吧,
甜咸真的很好吃！答应我！试一下！！,
突然想吃鸡蛋灌饼啊啊啊,
突然想吃鸡蛋灌饼啊啊啊,
太爽了妈鸭,
吐血,
这馅儿饼我看饿了,
油腻,
油腻,
挤点摩丝出来会好吃点,
汪星月多吃点,
汪星月多吃点！,
冰淇淋都融了,
求求你吃两个鸡腿吧,
求求你吃两个鸡腿吧,
看饿了,
真的看饿了,
饿死鬼警察局局长对你下令通缉,
鸡腿是辣的啊缇娜好心疼,
鸡腿是辣的啊缇娜好心疼,
当gay是多么棒啊,
更饿了,
莫名觉得小哥吃完要吐,
这是饿了几天才一口气吃下去的,
饿了……,
真的看着好饿,
我饿了,
好饿,
心疼小哥哥，吃那么多还要那么享受的表情，不过也可能真享受，hhhhh,
有好吃又辣，但是很幸福,
好吃到皱眉,
吃到吐血,
看，他笑得多开心,
饿了,
吐血了！吐血了！吃吐血了！,
管那么多干嘛？开心最重要啦,
热量爆炸,
油腻,
油腻,
好想吃……,
看把孩子饿的,
吃得好香,
想吃,
吃到吐血,
牙好的我想吃吃不到啊,
吐血中,
剩下这点我刚好吃的下,
好香,
是他嘴大还是鸡腿太小,
是他嘴大还是鸡腿太小,
想吃。。。,
不是吧骨头都吃了，你有那么多啊！,
甚香,
他的饭量是有多大啊,
小哥好可怜都吃吐血了都没感觉到,
你看他 多开心,
妈鸭大佬你嘴不疼嘛,
头皮屑甩到鸡腿上了,
头皮屑甩到鸡腿上了,
看饿了( TДT),
好想吃,
震惊，一男子竟吃吃鸡高手,
吃完我估计去吐,
还嫌热量不够？,
看过炸鸡排后来看这个,
看过炸鸡排后来看这个,
好吃到流血,
好吃到流血,
这一桌要多少钱,
快进以为吃吐血了,
想吐，你就别看了呗,
鸡腿我可以吃完  这个饼我吃不完,
鸡腿我可以吃完  这个饼我吃不完,
五个鸡腿我就饱了,
五个鸡腿我就饱了,
史前巨饿,
吃这么多不会撑得走不动吗,
饿了,
一甜一咸真的好吃,
真香,
这最多吃两个,
12个鸡腿14个饼,
12个鸡腿14个饼,
这表情 像饿了2年的孩子,
瞧把这孩子饿的,
再看看这是火鸡面的？,
再看看这是火鸡面的？,
火鸡面的哪有这么稠,
火鸡面的哪有这么稠,
这么多糖饼吃两个都感觉会腻,
感觉这饼还是我们祖国的韭菜饼，或者肉夹馍比他这个好吃多了,
感觉这饼还是我们祖国的韭菜饼，或者肉夹馍比他这个好吃多了,
前面的，你看个视频吐这么久辛苦了,
刷瞅瞅给孩子饿的素质真的差,
好吃的眼睛都睁不开了,
第一次见韩国人吃鸡腿的时候吹软骨,
第一次见韩国人吃鸡腿的时候吹软骨,
鸡腿是辣的,
鸡腿是辣的,
吐血了……,
看饿了,
刚吃饱饭，又饿了,
鸡腿没问题，饼估计把自己腻到了,
鸡腿没问题，饼估计把自己腻到了,
鸡腿的精华就是两头的软骨,
鸡腿的精华就是两头的软骨,
鸡腿的软骨真的好吃,
鸡腿的软骨真的好吃,
鸡腿的软骨真的好吃,
饿两天也吃不了这么多,
饿两天也吃不了这么多,
吐血了哈哈哈哈,
这么多我一天三顿都吃不完…,
这肉夹馍没有多少肉啊,
常吃鸡腿的人就知道软骨比肉好了,
常吃鸡腿的人就知道软骨比肉好了,
鸡腿是用来刷牙的,
鸡腿是用来刷牙的,
嘎吱嘎吱…感觉很好吃…,
我也想吃饼了…,
宝宝饿啊,
吃脆骨是对鸡腿最起码的尊重,
吃脆骨是对鸡腿最起码的尊重,
我想知道这个鸡腿辣不辣,
我想知道这个鸡腿辣不辣,
你们饿的时候吃汉堡也差不多,
你们饿的时候吃汉堡也差不多,
你们饿的时候吃汉堡也差不多,
吃这么多次鸡腿不腻吗,
吃这么多次鸡腿不腻吗,
吃这么多次鸡腿不腻吗,
虐鸡狂魔,
真香,
奶油，我滚了。,
敲里妈，老子看的好饿好饿好饿要死了,
估摸着我吃一个就差不多8分饱了,
感觉他的鸡腿天下第一好吃,
感觉他的鸡腿天下第一好吃,
感觉他的鸡腿天下第一好吃,
我也想这么吃鸡腿,
我也想这么吃鸡腿,
有那么一丝丝的饿,
感觉他吃的好香,
这个en肉夹馍嗯我想吃饿了,
这个en肉夹馍嗯我想吃饿了,
想吃,
瞧把这娃饿的,
我好饿啊，混蛋！！,
鸡-3,
鸡-2,
鸡-1,
一口两个鸡腿是什么感觉？,
一口两个鸡腿是什么感觉？,
我只想问一句：兄dei你饿多久了为什么吃饭这么开心,
我只想问一句：兄dei你饿多久了为什么吃饭这么开心,
一口一个鸡腿是什么感觉？,
一口一个鸡腿是什么感觉？,
一口吃这么多，连口水都不喝。不会噎着吗,
我想看看他肚子多大,
感觉很多吞咽的镜头都切掉了,
放假在家没办法吃垃圾食品，馋死了,
此时一只帅鸡转身离去,
开头吐血的你给我回来！,
我想吃这个饼,
这嘴看着真油腻,
这嘴看着真油腻,
你就是饿十天也吃不了这么多,
你就是饿十天也吃不了这么多,
这也太香了吃的,
我能吃四顿，这么多,
好想吃。。口水疯狂分泌,
羡慕这样的食量，我也想吃这么多,
羡慕这样的食量，我也想吃这么多,
奶油甜到齁？搞笑呢吧,
饿,
饿,
好吃到吐血,
好吃到吐血,
没必要一口吃这么多的....,
我饿了,
前方吐血警告,
好像合记馅饼的牛肉饼,
我感觉我吃4/1就要吐,
饿了,
八只鸡惨死,
为什么他吃的这么开心 我也想吃了,
鸡腿应该是甜辣的，酱也像是甜辣酱,
鸡腿应该是甜辣的，酱也像是甜辣酱,
这得饿两天才能吃这么多吧。。。,
这得饿两天才能吃这么多吧。。。,
我看得好饿啊,
左手右手一个鸡腿 梦想啊,
左手右手一个鸡腿 梦想啊,
好吃到睡着,
这人总健身吗？健身的话吃这么多还可以,
这是冰激凌还是奶油？感jio像冰激凌,
健身吃这么高热量的食物诶,
突然想吃肯德基的奥尔良烤翅...,
馋了_(´ཀ`」 ∠)_,
突然少了好多,
啊啊啊啊啊!!!我想吃!!!,
吃不下这么多啊!!,
如果我有十香的胃我也想这样吃,
不是更好吃，是非常爽,
你们要想一下这是火鸡面调料包,
你们要想一下这是火鸡面调料包,
看起来好香啊,
不会比较好吃，但是看起来嘴巴会很大。推荐细嚼慢咽,
糖饼配甜味鸡腿？想想就饱了。。。,
糖饼配甜味鸡腿？想想就饱了。。。,
我以为他要吐我一屏幕,
卧槽这好吃吗,
瞧瞧韩国政府把人民给饿得,
咸和甜的一起真的很好吃,
看着好香啊,
辣的 那是火鸡面的料包,
辣的 那是火鸡面的料包,
他吃鸡腿真的一绝……,
他吃鸡腿真的一绝……,
吃的好香啊,
好好吃的样子,
左手一只鸡腿，右手一只鸡腿，左边一口，右边一口,
左手一只鸡腿，右手一只鸡腿，左边一口，右边一口,
我擦喷射奶油,
我也好想一口一个鸡腿啊,
我也好想一口一个鸡腿啊,
可怕，好吃到脸变形,
饿,
饿了,
他这样吃东西真的会比较好吃吗？？？,
想吃,
天哪 看饿了 ,
哥，你都吃的精神不太好了，加油,
好饿....,
瞅瞅给这孩子饿的,
这不是鸡腿，是鸡翅根,
这不是鸡腿，是鸡翅根,
这不是鸡腿，是鸡翅根,
一甜一咸这真的好吃马,
吃的越来越多，可怕,
？？奶油嘛,
真希望他多年之后还这长相,
现在巨饿,
鸡腿看着好嫩,
鸡腿看着好嫩,
刚吃完火锅，又饿了。。。,
你这大晚上的是诱惑谁呢？啊？鸡腿我最近对你太放纵了吗啊,
你这大晚上的是诱惑谁呢？啊？鸡腿我最近对你太放纵了吗啊,
撑吐血了,
好吃的流血,
天哪太香了,
真的有那么饿吗？,
灌汤包好好吃啊！,
馋了,
当 gay有多么棒啊~,
当gay有多么棒啊,
馋死了馋死了,
灌汤包要热的才好吃,
已饿死,
吃不下就不吃了，灌汤吃多了腻伤胃,
蘸花椒油,
蘸油漆,
蘸酱油才是正道,
我馋的好痛苦,
当gay有多么棒啊,
冷了就不怎么好吃了,
啊啊啊啊吃这么香一定很好吃,
啊啊啊啊吃这么香一定很好吃,
我 好 馋,
想吃,
我也想吃,
想吃呀,
饿了,
刚吃午饭，又饿了,
我撑死也就一半多了,
真想吃啊啊啊啊,
手里的袜子不香了,
当gay有多么棒哦,
黑龙江人表示没有辣椒油是没有灵魂的,
看着不好吃的样子,
看着不好吃的样子,
不行了看起来好香,
蘸风油精,
都吃到最后一个了都不舍得多沾点辣椒！！,
好想吃啊啊啊,
馅怎么还带菜，不正宗啊，纯肉的才好吃,
当gay有多么棒呀,
好香啊,
我不行了，我快要饿死了,
看着好好吃,
我吃饺子也能干掉二十多个,
醋和辣椒油,
感觉这个比小笼包好吃,
嘴里的口水变得不香了,
感觉好好吃啊,
当gay有多么棒额,
凌晨一点半我快饿晕了,
沾点煤油,
啊啊啊啊啊啊啊啊浑身颤抖想吃呜呜呜呜呜呜,
好香啊呜呜呜,
好想吃啊！！！,
饿了,
饿了,
当gay有多么棒啊,
这个超好吃,
当gay有多棒呃,
当一个gay多棒啊,
饿,
好饿,
好饿,
好想吃,
我好饿～,
馋死你们是我最大的荣幸！（竖起大拇指）,
当gay有多么棒啊,
当gay有多么棒啊,
我也好想吃,
终于知道有多么棒了,
好饿,
啊啊啊好好吃！！！,
好想吃呀,
我好饿啊啊啊啊,
亲爱的白字计数君饿了，下线吃饭去了,
我好饿,
完了十一点看孩子饿了,
好香！！！,
手里的油条突然不香了,
手里的油条突然不香了,
看吃炸鸡都没看这个这么饿,
看吃炸鸡都没看这个这么饿,
看吃炸鸡都没看这个这么饿,
好饿uuuuuu,
吃的好多,
啊啊啊啊太馋了,
我，醋+辣椒酱+香油+sheng chou,
我，醋+辣椒酱+香油+sheng chou,
饿了,
我饿了,
饿死掉了,
饿ing,
我最多大概9个一顿，哈哈哈,
当gay有多么棒哦,
我蘸的机油,
老子好饿,
我是那多出来的评论,
我好饿,
蘸花生酱好吃的一比,
馋了,
好馋啊我,
我喜欢蘸酱油……,
弟弟今天水喝的比平时多呢，是不是有点噎,
4:31兄弟们 加油,
当gay有多么棒啊～,
好多弹幕,
好饿啊,
饿啊,
饿了就过来看直播,
当gay有多么棒啊～,
饿了,
你是不是想馋死朕，以达到篡位的目的？,
当gay有多么棒,
当gay多么棒啊,
这种包子女生一顿能吃多少个啊,
晚上吃的很饱  可是还是看饿了,
我饿了,
隔着屏幕都感觉好香,
西湖醋鱼里有西湖？,
啊啊啊我好想吃,
喝个水都能把我喝馋了,
沾汽油的举个手,
好饿,
感觉好香啊,
这样肯定很好吃！,
饿死了,
看着挺好吃的呀！,
饿了,
火鸡面料,
火鸡面料,
爱吃辣的推荐我的蘸料（陈醋 金辣酱 花椒油 一点生抽 ）吃麻辣的同学不要错过呦◠‿◠,
流口水过多而死,
糯弹香,
最多二十个,
蘸奥利给会更香,
这么多，我能吃,
真饿了,
当gay有多么棒啊,
当gay有多么棒鹅,
这包子我饿的话能吃18个左右,
我原来一屉小笼包一碗面条，现在不行了吃一半差不多,
我觉得直接吃就很好，但吃多会腻，所以还是会沾点醋吃,
感觉皮好好吃。。。,
看起来好好吃,
我也想吃啊啊啊啊啊啊啊啊啊啊,
感觉这个比吃其他的好多了,
感觉和饺子差不多,
好饿好饿好饿,
好饿,
想吃,
饿死我了,
好香啊啊啊啊，想吃这个包子,
好香啊啊啊啊，想吃这个包子,
饿了,
饿了,
好香啊,
啊啊啊啊啊想吃啊,
醋➕酱油➕老干妈,
汤包更好吃,
为什么小哥的弹幕这么多？,
想吃小笼,
好饿好饿好饿,
我醋➕老干妈➕酱油,
我醋➕酱油➕老gang,
啊馋哭了,
把嘴巴里面的麦吐出来,
饿死我了,
真的快饿死了,
饿,
看他吃饭太香了,
灌汤包超好吃,
灌汤包超好吃,
灌汤包超级好吃的呀,
好想吃！,
我也想吃！！！！,
现在不能出门，店也没开，好想吃汤包,
俺好饿,
想吃！,
好想吃,
饿了,
胖哥吃的太香啦！我好想吃包砸～,
胖哥吃的太香啦！我好想吃包砸～,
好好吃的样子配菜,
感觉这一口下去好好吃,
我是女生平时可以吃二十多个 如果好吃四十个应该没问题,
我是女生平时可以吃二十多个 如果好吃四十个应该没问题,
好吃啊啊啊啊啊,
我好饿,
吃的太香了,
蘸水泥超好吃的,
计数君 还剩多少个,
我觉得我能吃二十个最多,
想吃+1,
看上去很好吃的样子,
看上去很好吃的样子,
反正包子之类的蘸醋瞎nm好吃,
蘸辣子醋超好吃,
好饿,
韩国的汤包咋了？是龙肉馅的？超NM个锤子好吃,
什么玩意就在那刷这个超好吃那个超好吃。。你TM汤包是没吃过还是没见过？,
当gay有多么棒额！,
好想吃小笼包！,
有人数吃了多少个吗,
当gay哦多么棒啊。,
好想吃……,
炸猪排,
我想吃饺子了,
真的爱了  我好饿   好想吃！,
真的爱了  我好饿   好想吃！,
突然觉得食堂啥都好吃了,
当Gay有多么棒嗯,
弹幕那么多  点赞怎么那么少呀,
管它什么包看就完了，咋那么多事,
感觉他吃的热量都好高,
我太饿了！！！！！！,
当gay有多么棒啊,
凌晨4:50好饿,
蘸酱油,
这个超好吃,
这个好吃,
好像很好吃,
是个韭菜鸡蛋包子没饱的我,
辣椒油加醋,
这个灌汤包看起来皮薄肉多哎,
本人喜欢蘸汽油,
好饿啊,
好好吃的样子,
前面的。。。吃个汤包谁还能酸？你是有多穷啊,
每次看这个就想起蒸饺的口感 ...馋死了,
妈呀 巧克力酱？,
超想吃！,
总感觉他吃东西像猪拱食的声音,
好香的样子,
别刷你能吃多少个 没人在意好吗,
好饿,
你们难道不蘸油辣子吗,
我80秒吃完差不多,
说实话，吃多了会腻,
当GAY有多棒哦,
好想吃啊啊啊,
饿死了,
我家猪也这样吃东西,
饿了,
说真的小笼包蘸什么酱都好吃,
花生酱好吃！！！,
啊好饿,
啊我饿死了！！！！,
沾石油的那个有点秀呀,
我20个不能再多了…,
这个吃多了腻得慌,
好饿啊啊啊啊,
饿饿饿饿饿饿,
越看越饿,
想吃火锅,
最多15,
我觉得我最多15个。。。。,
阿伟已经饿死了,
好想吃，饿啊啊啊,
好想吃，饿啊啊啊,
管的也太多了吧，人家蘸酱跟你有什么关系呢？不想占那些不行啊。,
我好饿,
我突然想吃蒸饺了,
饿了   直接饿了,
沾脚气神油。,
驴肉陷得好吃,
你好吃得竖起大拇指，我馋得流下哈喇子,
你好吃得竖起大拇指，我馋得流下哈喇子,
我在减肥，我好饿ಥ_ಥ,
辣椒加醋配包子贼香,
正不正宗，好吃就行，哪来那么多正宗汤包,
正不正宗，好吃就行，哪来那么多正宗汤包,
妈啊吃得好香,
蘸洁厕灵和风油精的都是狼灭，失敬失敬，受大哥一拜(手动滑稽),
凌晨两点 饿死了,
看起来很好吃，饿了。,
看起来很好吃，饿了。,
韩国要嚼出声表示好吃,
我开学要去开封吃小笼包。。饿死,
啊啊啊饿饿饿,
馋阿,
馋,
这得多少钱呐,
我好馋,
我好馋,
没有吃早饭我好想吃,
我好想吃,
我好想吃,
我好想吃,
我好想吃,
我好想吃,
我好想吃,
我好想吃,
我好想吃,
这一锅我顶多吃一半,
当gay是多么棒啊,
感觉好好吃,
蘸醋贼好吃！,
真的好饿啊,
我死了我感觉好好吃,
饿,
好好吃,
不止你一个，我也越看越饿,
饿了饿了,
好饿,
当gay有多么帮啊,
我好想吃,
好饿,
感觉好好吃啊,
好好吃啊,
皮薄馅多汤汁足,
祖宗们你们想干啥，发那么多弹幕,
我都是沾洗发水吃，贼香,
馋的我都瘦了,
当gay有多么棒啊,
半夜看得饿死了,
好饿怎么办…,
风油精加一,
嘤嘤嘤嘤嘤嘤嘤我好饿,
沾石油,
我饿死了,
好饿,
好想吃,
是真心好吃,
啊啊啊啊啊啊啊想吃,
两次大拇指，估计真的很好吃,
计数军表示饿了下线了,
想吃想吃,
多少个包子了？,
我好饿,
好想吃,
想吃QAQ,
鸡蛋的？,
看他吃的多幸福,
好想吃……,
饿了,
45个包子 吃完吐泡泡啊,
想吃●﹏●,
我好饿。,
有汤但很少，这顶多算小笼包吧,
我为什么闻到了香味了？！,
管他什么包，好吃就对了,
醋加香油,
醋加香油,
再来一碗鸡蛋汤，完美！,
我最多吃五个，撑死了六个,
我闻到香味了,
这包子看起来好好吃,
鬼知道我看了多少遍,
蘸藿香正气水好吃,
蘸藿香正气水好吃,
灌汤小笼包是真的好吃,
好想吃蒜釆,
现在这些我一顿正好吃饱,
噢噢噢好吃的感觉,
我饿晕了,
超级好吃的,
这灌汤包，真香,
能吃六个的我绝不多话,
好想吃,
看着好香,
饿了,
我广东人喜欢蘸酱油,
当gay有多么棒哦,
阿要辣油啊,
阿要辣油啊,
剩下这些给我吃吧 我快馋死了,
想吃,
也太好吃了吧。这让我犯罪呀。,
为什么还有这么多人在看,
蟹黄灌汤包比较好吃,
我为什么要在深更半夜打开这个视频，好饿,
阿尼阿瑟哟，当gay多么地棒啊,
我喜欢辣椒醋麻油,
好馋人,
能把我饿死,
我饿啊！！,
跟饺子差不多,
还是好饿,
好饿,
别人吃的都好吃,
看他吃的好香啊,
donkey有多么棒啊,
滴油，讲究,
弹幕好多呀，这也太多了,
不过看起来 好想吃啊,
啊啊啊我要馋死了,
沾辣椒油和醋（南方人）,
我好饿啊啊啊啊,
馋死了,
死面包子吃多了胃胀,
这种灌汤包超级好吃，一口一个,
蘸辣椒酱油醋,
饿了,
好饿,
就感觉up吃东西声音像喂猪,
越看越饿,
说实在的如果给我小笼包这么多我可以的真的,
好饿啊,
这个我真想吃,
想吃,
真是太好吃了,
火鸡面加芥末应该会很爽吧,
火鸡面加芥末应该会很爽吧,
真香啊，真香啊…半夜2:07的我……真香啊,
我真的是作死  饿死我了,
想吃小笼包,
好想吃,
三天之内鲨了你，饿疯了,
我TM……想吃东西,
我饿了，,
据我所知南方醋 东北酱油,
好饿啊,
好饿,
当gay有多么棒啊,
想吃南京灌汤包。,
巧克力酱的有么。。。,
只蘸辣椒油emmm,
好好吃啊,
好想吃,
好想吃,
好想吃( •̀∀•́ ),
我觉着他要吃吐了,
想吃无锡小笼包了,
当gay有多棒哦哦,
当gay有多么棒呃,
饿了,
馋死了,
蘸巧克力酱不说话,
皮好薄 应该很好吃,
感觉泡菜很好吃,
我饿得已经出现幻觉了,
当gay有多么棒啊,
好想吃芜湖灌汤包啊！！,
香啊造啊，香皂哇，吃完吐泡泡呀,
香啊造啊，香皂哇，吃完吐泡泡呀,
香啊造啊，香皂哇，吃完吐泡泡呀,
香啊造啊，香皂哇，吃完吐泡泡呀,
香啊造啊，香皂哇，吃完吐泡泡呀,
香啊造啊，香皂哇，吃完吐泡泡呀,
感觉汤汁不多,
前面的为什么要蘸醋?直接吃不更香吗?（南方人）,
香油+酱油,
香油+酱油,
好油啊,
好好吃的样子,
帝皇香油蒜泥,
帝皇香油蒜泥,
蘸醋和酱油,
饿了,
饿辽，哭哭,
汤多会有垂坠感,
一定要蘸醋和辣椒油吃,
感觉超好吃啊,
天哪半夜看我要饿死了,
沾醋好吃,
想吃啊啊啊啊,
我靠。。我想吃,
我20个就差不多了,
那你就吐吧,
你们吃的多很了不起了？,
死面包子好吃,
哎呀，看的好饿啊,
几口一个都要管，你们是有多闲,
弹幕太多了吧,
我饿辽,
啧，饿了...,
当gay有多么棒哦！,
吃那么多不会吐吗,
吃那么多不会吐吗,
看起来很好吃,
饿了。。,
好想吃,
喜欢蘸风油精的应该就我一个,
当gay是多么棒啊,
饿,
蘸香菜一起吃会更好吃吧,
蘸香菜一起吃会更好吃吧,
超级香吃了,
小笼包，我能吃个30个吧，大肉包我最多能吃个10个,
问汤在哪的是不是智障，人家吃个灌汤包还要把汤吐出来给你看???你敢说你吃灌汤包不是先喝汤？,
汤包很腻的，吃多了,
炸猪排梗好吃,
炸猪排梗好吃,
当gay有多么棒哦,
我最近好想吃饺子，所以请来这里解解馋,
我最近好想吃饺子，所以请来这里解解馋,
我吃饺子沾酱油，有人一样吗？,
当gay有多么棒哦,
吃的真的好香,
吃过鸡胸肉的饺子馅是白色的,
能不能别说吐不吐了，没人关心你吐不吐,
但我就是觉得这包子好吃,
喜欢蘸风油精的就我一个？,
沾硫酸挺好吃的。,
香,
还有那么多,
想沾麻油辣子油吃,
香!!,
沾石灰好吃,
好想吃吖,
看吃播不只是看谁吃得多,
好饿,
弟弟不喜欢当gay多么棒喔这句话，以后请尽量不要再刷这句话了,
人家愿意沾多少就沾多少，愿意吃多少就吃多少，沾你家的了?吃你家的了?,
刚从香肠那过来的,
唉呀妈呀，这个东西太香了,
沾酱油的路过。,
看来是真好吃，没什么东西能让他竖两次大拇指,
当gay有多么棒呃,
皮薄好吃,
灌汤包热量不高吧？,
蒜蓉醋辣椒酱油,
当GAY有多么棒啊,
谁吃包子会沾酱油？？？,
有沾香油的吗？,
有沾香油的吗？,
真香,
我也能一次吃这么多,
巧克力有代可可脂的（搞事情）,
饿了,
当gey多么棒啊的意思是：今天的吃播是,
问什么看着这个我闻到了一股香味,
那我可能就是，香油加一点酱油和蒜泥还有盐味油泼辣,
那我可能就是，香油加一点酱油和蒜泥还有盐味油泼辣,
只有油辣椒才是王道,
哇，看饿了。。好想吃啊,
哇，看饿了。。好想吃啊,
想吃的赶脚,
哇！！我想吃小笼包了！！点外卖去,
饿死了耶,
不是酱油馒头吗,
想吃啊啊啊啊啊,
杠精太多了吧,
汤包吃多容易腻啊,
好想吃（ˉ﹃ˉ）口水,
我要酱油跟醋各一半，来点蒜泥也不错,
刚刚从吃鸡腿过来,
刚刚从吃鸡腿过来,
我沾花生芝麻生抽酱油醋辣椒酱剁辣椒等等等等都行,
吃这么多 讲究,
饿了,
我真滴很饿,
灌汤包子是一种汉族特色小吃。制作原料主要有面粉、温水、猪五花肉等。早在北宋市场上已有售卖，当时称灌浆馒头或灌汤包子。著名产地开封。,
灌汤包子是一种汉族特色小吃。制作原料主要有面粉、温水、猪五花肉等。早在北宋市场上已有售卖，当时称灌浆馒头或灌汤包子。,
吐什么啊，要吐还会这么胖？,
香,
真香,
醋➕辣椒油最好吃了！,
醋➕辣椒油最好吃了！,
我就喜欢蘸酱油……,
想吃，讲究,
这个玩意如果是小笼包我这么多年在无锡白活了！,
蘸风油精,
这个包子感觉好吃,
哦韭菜鸡蛋馅儿,
好想吃,
想吃想吃流口水,
我觉得米醋比陈醋香,
啊啊啊啊啊饿死啦,
卧槽吃那么多不腻，我服了，再好吃的小笼包我最多也就两笼,
卧槽吃那么多不腻，我服了，再好吃的小笼包我最多也就两笼,
我现在就在韩国  我跟你们说根本买不到他吃的好多东西就一个炸鸡肉还不错,
我现在就在韩国  我跟你们说根本买不到他吃的好多东西就一个炸鸡肉还不错,
我现在就在韩国  我跟你们说根本买不到他吃的好多东西就一个炸鸡肉还不错,
想吃无锡小笼,
和沙县蒸饺差不多，那个是饺子，这个是包子,
我好饿。。。,
你吃好吃的时候会累？我嚼很久也不累,
好想吃好想吃啊，口水直流,
啊～我饿了～,
苏州的汤包（注意是汤包！）超级好吃，皮薄汤鲜。,
白醋配胡椒，红醋配辣酱，黑醋配辣油,
好饿啊！,
酱多蘸点不行吗 这样跟不蘸有什么区别,
好饿啊,
很讲究，看着想吃,
吃出了薯片的感觉,
已经饿晕,
555饿,
我小学时一顿能吃三十个包子，我感觉不多,
肉包粘上麻酱，那香醇……,
这个酱感觉会很好吃,
汤包蘸芥末 好吃解命,
醋和辣椒油,
当gay有多么棒呢,
谁蘸风油精啊,
多谢款待,
前面那个说性别歧视的怕不是睿智哦，你心眼是有多小???我女生我怎么觉得说女生吃不完没问题??,
藿香正气水的你够了,
可是吃多了会腻啊,
啊啊啊啊啊啊我好想吃啊半夜两点看这个真的是罪过,
好像很多油的样子,
好像很多油的样子,
芝士就是力量！！！超想吃拉丝的芝士啊,
热量爆炸,
馋死我了,
好香,
排除法，这不是小汉堡,
饿,
当gay有多么棒啊~,
啊内啊塞哟，当gay有多么棒啊~,
好好吃的丫子,
当gay有多么棒啊,
我发现我也开始饿了,
真香,
当gay是多么棒啊！,
当gay有多棒,
当gay有多棒,
好香的样子,
当gay是多么棒哟！,
馋死我算了,
讲究怪好多，讲究,
桌子上有油，讲究,
饿了emmm,
看饿了抱着红糖啃哈哈哈,
热量炸弹,
死肥猪,
我好馋呀,
馋哭了,
然后排除酱油,
武汉加油！,
这么多播放赞都不过万？,
真香,
我好馋啊,
吃多不会腻吗,
当gay有多么棒呃~~~,
王嘉尔在我怀里馋哭了,
饿了饿了,
好饿好饿,
啊啊啊啊啊啊好香,
饿了,
大晚上的我饿了,
在饥饿的边缘疯狂看吃播,
饿了饿了,
好饿,
真的好想吃啊啊啊啊啊,
看起来很好吃,
每次吃最少嚼30多次,
大半夜的饿死人了,
诱人,
手里的辣条他突然就不香了,
想吃,
动不动就不拉丝不拉丝的 芝士有很多种 不是每一种都拉丝 土包子,
肯定不是酱油,
蜡笔小新有一集也是吃年糕，我馋,
芝士是咸的咸的！沾奶酪非常好吃！！,
芝士是咸的咸的！沾奶酪非常好吃！！,
看起来超好吃,
看起来超好吃,
 看起来超好吃！！！,
好饿,
好饿,
好饿,
白糖多香,
白糖多香,
啊好想吃,
好饿好饿好饿好饿好饿好饿好饿好饿好饿好饿好饿好饿好饿好饿,
看饿了,
看看你这猪头一样的脸盘子,
也不是香菇酱,
嘴莫名像猪鼻子，讲究,
香香脆脆的,
馋哭了，但是我胖不敢吃,
馋哭了，但是我胖不敢吃,
我一边吃着牛肉馅饼一边看,
这个声音太可以了，听饿了,
看饿了,
迟早有一天饿死在b站,
好饿啊,
饿了,
我好饿啊啊啊啊啊（怨念）,
好想吃好想吃好想吃好想吃好想吃,
草莓沾炼乳贼好吃,
卧槽真的感觉好好吃啊,
馋馋馋,
感觉好棒啊，那么多芝士,
饿了啊,
好想吃啊看起来好有食欲！,
看的好饿,
看着热量很高,
嘴巴油了 讲究,
饿死我算了,
好想吃啊~~,
好吃死了,
我心里难受得鸭匹！,
炼乳是真好吃,
真的好吃吗？直接吃,
当gay有多么棒啊,
好想吃一口啊！！,
想吃想吃想吃想吃,
每次看他吃高热量的东西都是我减肥的动力,
当gay有多棒是啥意思啊,
我吃过烤芝士不腻，超级好吃！,
你胸口的小火龙馋死了,
我也馋哭了,
真香啊呀,
当gay是多么棒额,
好想吃,
小火龙也想吃,
芝士好吃吗,
这么多下去，健身房里2天出不来,
王嘉尔都馋哭了,
卡路里贼多,
馋哭了,
好饿,
啊好想吃,
啊好想吃,
馋死我了,
真的想吃啊啊啊啊啊啊啊啊啊,
好想吃啊啊啊啊啊啊啊啊啊,
好好吃的亚子,
热量爆炸,
好多讲究挂啊,
我的天……好想吃啊,
热量炸弹 吃一块得跑一天,
听声音好想吃,
好吃,
我好饿,
我突然忘记我还有培根鸡肉卷跟南洋鸡肉卷还有一个烤鸡了,
因为美食基是孤独的,
我再来，热量这么大 长胖十斤,
说年糕的 芝士也有不拉丝的啊！披萨里的芝心没吃过？,
啊！！想吃？,
全程高热量,
当鬼有多棒啊！,
有多少人不看标题就进来 都说了是芝士,
饿了QwQ,
感觉好好吃,
弟弟吃东西真的好香,
这个没啥好吃的，我现在就在吃，很咸,
啊啊啊啊想吃疯狂咽口水,
这热量，不敢想象,
很好吃的样子,
好想吃!!!!!,
吃多了不腻吗,
粉末状固体，遇油变浓稠,
我也想吃 但是怕胖,
讲真的，已经在吞口水了，太想吃了！！！！！！！,
想吃,
我好饿啊,
我好饿啊啊啊啊啊啊啊啊啊啊啊啊给我吃一口,
这咀嚼的声音好棒，好想吃,
我饿了,
我和我的王嘉尔都馋哭了,
好想吃,
嗨~这里是lady in red一样的计数君~来数一下弟弟吃了多少口~,
好想吃，wsl,
饿你老妈,
哇 这个绝对好吃,
啊！好香啊！好香！我好饿！啊啊啊啊啊！！！,
啊！好香啊！好香！我好饿！啊啊啊啊啊！！！,
还有我，怎么老是吃热量这么高的啊,
好想吃啊,
想吃啊啊啊啊,
这是爆炸的热量,
多嚼嚼帮胃减轻负担,
我好饿ಥ_ಥ,
热量爆炸,
绝对不可能少不了我：热量爆炸,
233333看饿了,
好饿啊,
想吃,
好想吃啊啊啊！这个超好吃的啊啊啊！,
好想吃啊啊啊！这个超好吃的啊啊啊！,
呜呜呜呜我哭了好想吃,
隔壁的王嘉尔真的馋哭了,
好想吃啊啊啊啊啊啊啊啊啊啊啊啊啊,
好想吃，但这声音真受不了,
好想吃,
馋哭了…,
一句话，想吃,
我也想吃,
前面好多弹幕到底是什么东西啊，太杠了,
想吃,
想吃,
王嘉尔馋哭了,
想吃芝士了,
想吃,
芝士就是热量,
治好了我多年的便秘,
然后这不是酱油,
我肚子好饿啊！！！,
热量爆炸,
我先来，热量好高啊，好腻啊，卡路里爆炸，咸死了,
看起来很好吃啊啊啊啊啊,
看着好香！话说这哥们原本是瘦子吧好像？,
我腻你个香蕉船,
吃饱了无意中就点开了这个视频，听着声音一不小心就点了一份鸡排饭,
热量爆炸,
真香警告,
我也来 这个好吃吗,
前面的王嘉尔馋哭了，哈哈哈哈哈哈姐妹你是魔鬼么,
想吃,
我好饿啊我死辽,
豆腐有什么好吃的，切,
说实在的热量真的好高啊,
我也来:吃这么多不胖死你,
嘎嘎都馋哭了,
好想吃啊啊啊呜呜呜,
我也来，不油吗？,
仿佛喝了一瓶金龙鱼,
排除法，这不是酱油,
想吃想吃想吃想吃,
好吃啊啊啊,
看得好想吃芝士,
我受不了了，我想吃,
真香,
555看了好多次好想吃,
555看了好多次好想吃,
我床上的王嘉尔馋哭了,
吃多了真的腻,
好想吃,
手机前小孩馋哭了,
我也来，不油吗？,
想吃，怕胖,
想方方正正的煎鸡蛋,
芝士就是奶酪。没文化多百度别在弹幕暴露智商ok？,
mdzz   你家芝士跟黄油一样，腻? 那你吃饭腻不腻啊,
当gay有多么棒啊～,
好多讲究怪 讲究,
超想吃,
哈罗米芝士啊！！！啊！！！好吃死了！！！啊！！！,
我好想吃！！！！我爱死芝士了,
其次，蘸的不是酱油,
要死了好馋,
吃芝不吃蒜，香味少一半,
我也想吃 ,
饿，想吃,
饿，想吃,
我的天，好想吃啊,
口感是，奶香味的鸡胸肉,
口感是，奶香味的鸡胸肉,
香煎臭豆腐 蘸 腐乳汁,
香不香,
当gay有多么棒呃,
藕来，好想吃一口啊就一口,
真香,
全是热量怎么了？是你吃的嘛？？？？？,
出现了，不腻怪和吃油怪,
想吃,
想吃,
弹幕里好多魔鬼哈哈哈哈哈,
莫名其妙 看他吃感觉这玩意贼好吃,
好想吃呀嘤嘤嘤,
。。。芝士有超多种，拉丝不拉丝看种类,
吃这么多不腻？呵呵，我不介意帮你吃一点,
粘冰淇淋感觉会好吃,
粘冰淇淋感觉会好吃,
这个和软年糕哪个好吃呀,
弟弟想，这可比猫和老鼠的芝士好吃多了,
弟弟想，这可比猫和老鼠的芝士好吃多了,
虽然睡前刚吃了烧烤，但我现在还是好饿,
看起来很好吃的亚子,
管他那么多，反正没动那绿色的玩意儿,
这个超好吃！,
饿了emmm,
不是秋葵也不是辣椒  那绿色的是鸡蛋,
手中的馒头瞬间不香了,
那个鸡蛋吸引了我,
吃点儿方便面就这壁样了？？,
饿了,
超好吃这个!!!,
我不说谁知道我饿了,
来杠这是日本鸡蛋或不是,
营多拉面,
很可爱鸭!哈哈哈,
明明是香蕉,
好饿,
b站的还天天吐槽抖音。。你们某些弹幕一天天的这么没素质，几乎每个视频里都有杠精撕逼，啥玩意都能撕起来，真无聊,
半熟鸡蛋超好吃。,
半熟鸡蛋超好吃。,
剩余印尼Mi goreng方便面：0%,
剩余印尼Mi goreng方便面:10%,
剩余印尼Mi goreng方便面：20%,
剩余印尼Mi goreng方便面：30%,
剩余印尼Mi goreng方便面：40%,
剩余印尼Mi goreng方便面：50%,
剩余印尼Mi goreng方便面：60%,
剩余印尼Mi goreng方便面：70%,
剩余印尼Mi goreng方便面：80%,
剩余印尼Mi goreng方便面：90%,
这么好吃的吗我也想去买了,
煮水泡方便面了,
好想吃,
好想吃(✪▽✪)，,
这个荷包蛋看着好想吃啊,
这个面好吃,
他差这么多我很好奇他上厕所要多久?,
营多捞面,
这个面面好吃不  ,
盘子上是吸油纸吗？,
盘子上是吸油纸吗？,
哇这个虾看着好好吃啊,
哇这个虾看着好好吃啊,
又要开始争论鸡蛋了吧？,
这个面真的真的真的好吃,
再好吃也是个方便面，哪有鲜面条有灵魂~,
再好吃也是个方便面，哪有鲜面条有灵魂~,
这面一袋挺多的我都吃不完,
这个差不多三包的量,
好饿,
我也想吃,
好饿啊啊啊啊,
叫营多捞面,
才吃完宵夜又饿了,
饿了,
这面真好吃,
我好饿啊,
吃虾了讲究！,
营多拌面,
这不是叫营多拌面吗,
我。。。饿了,
方便面Pr,
我喜欢全熟的鸡蛋,
我馋鸡蛋了,
我馋鸡蛋了,
方便面拿水泡开在把水倒掉放料包搅拌,
我好饿,
鲜虾鱼板面已准备就绪,
鲜虾鱼板面已准备就绪,
好想吃啊,
这个挺好吃的就是小,
这个是真的挺好吃的,
哈哈！我刚吃完早饭。一点都不饿！就是又馋得慌,
哈哈！我刚吃完早饭。一点都不饿！就是又馋得慌,
我也在吃鸡蛋嘿嘿煮鸡蛋,
我吃多少取决于煮多少，吃撑了大不了中场休息一下,
这个真的超好吃,
秋葵好吃~~,
秋葵挺好吃的,
emmm，别争了，好吃就得了,
我吃的时候不加甜酱 超级香啊,
好饿啊,
好想吃,
我90斤我吃的可比这多多了，斤数不是这个决定的,
泡面盐分高 吃多是挺不健康的,
饿死操,
这个真的超好吃,
康师傅方便面干拌很好吃的（袋装的）,
康师傅方便面干拌很好吃的（袋装的）,
好饿啊....,
太馋了，吃不起,
饿饿饿饿饿饿饿饿饿饿饿饿饿饿饿饿饿饿饿饿饿饿饿饿饿饿饿饿饿饿饿饿饿饿饿饿饿饿饿饿饿饿饿饿饿饿饿饿,
好饿，弟弟吃的好干啊，不喝点水吗,
管你们一口多少 看不好吗？？？,
温馨提示：本视频肛精有点多，请屏蔽辣椒与秋葵食用更加,
我也想吃呢,
这面我吃过，特别好吃！！,
啊我好饿,
面挺好吃的很劲道，带甜有点像不辣的火鸡面,
面挺好吃的很劲道，带甜有点像不辣的火鸡面,
面挺好吃的很劲道，带甜有点像不辣的火鸡面,
杠精真多，有意见就别看啊，人家不需要你们这几个播放量,
决定先去煮几包方便面解馋,
决定先去煮几包方便面解馋,
难得看到非辣鸡食品,
你们怎么看撑的，我越看越饿（痛苦但还想看）,
第一个黄字真的恶心人，你凭什么管人家怎么吃，举报不谢,
排除法吧首先不是牛肉,
我也想一次吃这么多啊啊啊啊啊,
这面超级好吃，早上吃了两包！,
好饿,
看韩综的就知道了，比如拜托了冰箱，好多人都是把生蛋黄单独打出来拌面的,
别争了是鸡腿,
别争了是鸡腿,
可能是直接买虾仁的,
饿饿饿饿饿饿饿饿饿饿饿饿，确实热疯了。,
"看的我都饿了,饿饿饿饿饿饿饿饿饿",
这不就是方便面吗,
饿了,
这个口味好吃是好吃 不过我吃不太惯2333,
我好饿……,
看的我也好想吃啊,
来瓶可乐的是魔鬼吗？吃方便面不能喝可乐，会引起化学反应。,
秋葵是凉拌着吃的，而且上面有鱼鳞一样的纹理，这应该是厚皮辣椒,
好饿什么啊？,
我想吃粉妈妈。,
56×80等于多少？,
1+1等于多少？,
我比你多的是鸡蛋。,
我比你多的是鸡蛋。,
好吃吗，好吃吗，喝什么？吃什么吃啊？走，走你头走你。,
嘿，你这个说这个小样儿还挺好吃的。,
我觉得写个捞面跟好吃,
黑芝麻酱的？蔡林记？反正我喜欢长青麦香园的,
168才70多斤的那个也太瘦了，瘦的跟竹竿一样,
谁规定萌要怎么用了，管得真多,
谁知道dongkey今年多大,
又是蛋又是虾的，蛋白质过剩了吧……,
这个面好吃的!,
真香，但是总这么迟真的不会出问题么？,
胆固醇分两种，鸡蛋的胆固醇是好的那一种，请您多读点书别瞎bb行吗,
胆固醇分两种，鸡蛋的胆固醇是好的那一种，请您多读点书别瞎bb行吗,
总感觉虾要吃不完了,
虾仁,
想吃,
好想吃,
管他营不营养我就喜欢吃熟鸡蛋！反正熟鸡蛋也无害啊...,
当gay有多么棒哦,
吃的真香。。。,
饿啊,
emmmm吃那摩多鸡蛋,
emmmm吃那摩多鸡蛋,
糖心鸡蛋，一口咬下去还流汁的,
服了 你就着秋葵吃方便面？用脑子想想行吗,
啊，想吃,
好饿哦,
韩国有的起这么多蔬菜吗,
现在被火鸡面辣到哭的我 好羡慕 好想吃这个面,
现在被火鸡面辣到哭的我 好羡慕 好想吃这个面,
现在被火鸡面辣到哭的我 好羡慕 好想吃这个面,
辣味加原味一起吃很好吃,
这面如果把鸡蛋和虾撤掉的话我可以光盘,
这面如果把鸡蛋和虾撤掉的话我可以光盘,
老坛酸菜牛肉面才是最棒的,
杠精真多,
一边看一边喝水，喝了好多水,
好听吗？好听就是好虾,
营多哈哈哈哈哈,
营多哈哈哈哈哈,
这个面没到那么好吃，可口的黑椒炒面更好吃，还有一款越南河粉也很好吃，拉王和飞碟炒面铁板牛肉味也都好吃,
这个面没到那么好吃，可口的黑椒炒面更好吃，还有一款越南河粉也很好吃，拉王和飞碟炒面铁板牛肉味也都好吃,
这个面没到那么好吃，可口的黑椒炒面更好吃，还有一款越南河粉也很好吃，拉王和飞碟炒面铁板牛肉味也都好吃,
鸡蛋是最爱,
315都说了，，，鸡蛋吃多了胆固醇不会变高的，，，,
315都说了，，，鸡蛋吃多了胆固醇不会变高的，，，,
一般方便面我这样的女的得吃两包,
在饿到崩溃的边缘徘徊,
前面那个饿疯了吧,
卷着虾吃，讲究,
这个面贼好吃!,
我饿死了,
我16 163 95斤 能吃完…你们让我觉得我是个猪精女孩,
当gay多棒啊啊l,
看把孩子饿的,
饿个菠萝,
杠精真的多,
啊这个好吃的一逼,
↑不，你只会越看越馋↑,
我饿的时候就看这个解馋,
我饿的时候就看这个解馋,
好想吃啊,
好饿啊。,
现在是晚上11点   肚子好饿,
是营多(ｰ ｰ;),
估计这虾都要剥好久,
嚼个这么小的辣椒都能嚼这么多下！？,
面裹虾仁，讲究,
黑芝麻酱的热干面最好吃！（来自武汉人的感慨）,
我也想吃,
不算太多,
不会干的如果你把面多焖一会面不会干的,
这面看着很好吃,
好想吃,
美国的方便面前面说了,
喜多印尼捞面,
好吃吗,
记住糖心蛋好吃就行了，管它细菌多少，吃就完了,
记住糖心蛋好吃就行了，管它细菌多少，吃就完了,
真的每次开头都会被当gay有多么棒额笑死,
好饿！！！,
好饿,
秋葵蘸醋超好吃,
放醋真的超好吃,
饿了,
刚去印尼巴厘岛回来表示当地炒面和着差不多就是其它料足一点,
咖啡黄葵亦称黄秋葵，锦葵科一年生草本植物。咖啡黄葵性喜温暖，原产地为非洲今日埃塞俄比亚附近以及亚洲热带，中国栽培不多。它的可食用部分是果荚，又分绿色和红色两种，其脆嫩多汁，滑润不腻，香味独特，深受百姓,
咖啡黄葵亦称黄秋葵，锦葵科一年生草本植物。咖啡黄葵性喜温暖，原产地为非洲今日埃塞俄比亚附近以及亚洲热带，中国栽培不多。它的可食用部分是果荚，又分绿色和红色两种，其脆嫩多汁，滑润不腻，香味独特，深受百姓,
刚吃自助餐撑的要死的我，看了这个人吃东西又饿了,
好饿啊,
辣椒，说秋葵的瞎吧，我家种了这么多年秋葵，一看就不是秋葵,
营多拉面？,
好饿啊,
哎呦我好饿,
吃虾了.讲究,
鸡蛋爆浆很好吃，但太生就会有股腥味,
鸡蛋爆浆很好吃，但太生就会有股腥味,
有油,
太饿了,
好饿啊,
突然想起。。。奶奶做煎鸡蛋全是焦的怪不得咬不动,
现在00：30，我好饿,
虾怎么不能是脆的？,
上次半夜三点看这个毅然决然的就去煮了个面，还放了鸡蛋,
哟呵，看这个还想解馋,
那不是虾好吧那是经过几千年底下质变的稀有的可食用软石头还有左边那是竹子别名辣椒葵,
秋你吗的葵粘你吗的液你是要笑死人吗你确定那tm不是油？,
真的超好吃！,
这个挺好吃的……,
最后一个鸡蛋撑整个颜值,
好饿,
吃过 蛮好吃的,
现在在煮方便面。。。,
我饿了。。。。。。。。。。。。。。。。。。。。。。。。。。。。。。。。。。。。。。。。。。。。。。。。。。。。。。。。。。。。。。。。。。。。。。。。。。。。。。,
我要吃方便面,
从弟弟的近期视频来的发现这个视频的脸比现在小了好多,
每口必须两颗虾，讲究,
这个辣面真的超好吃,
夹了半天鸡蛋结果最后全掉了😂,
这面不怎么好吃啊太腻甜了,
不喜欢鸡蛋的那个，我什么做法都很爱,
喜多印尼捞面 某宝去搜 不要再问啦,
我们可以用排除法，首先，这不是香蕉,
好好吃你的泡面吧，你现在能吃到辣椒，秋葵吗。管的不少,
方便面plus,
想吃啊啊啊,
人家饭量就那么多还要怼？？还有前面那个担心太瘦所以发弹幕的我觉得这个理由很尴尬,
好想吃,
好饿啊,
这是6_7袋的量，印尼方便面特别小，和小浣熊差不多,
这是6_7袋的量，印尼方便面特别小，和小浣熊差不多,
真香！,
解馋的我觉得越看越饿,
解馋的我觉得越看越饿,
下面！饿死了,
泡面和火腿肠,
面和鸡蛋一起吃！讲究,
这个面挺好吃的,
好多没见过秋葵的人啊，秋葵角也是尖的好吧,
为啥虾吃的怎么脆,
这个面甜辣更好一些，原味的吃多了腻（来自一个半夜在吃面的人）,
看的好饿,
只想知道这个面叫什么，饿的咕咕直叫,
饿饿饿,
为什么你们吃那么多还不过百！！,
当gay有多么棒哟,
大晚上人真多啊,
鸡蛋加虾讲究,
鸡蛋加虾讲究,
我就想看他把鸡蛋吃完,
哎你还别说，我真就差不多和他一样，看你们这些人吹自己吃的多少真的很烦,
看的我都饿了刚吃了饭啊,
这个面超级好吃,
怎么人家吃什么都有人吐槽，事真多,
怎么人家吃什么都有人吐槽，事真多,
有的人吃什么他都要吐i,
这种鸡蛋最好吃了,
这种鸡蛋最好吃了,
好想吃,
鸡蛋吃多了也不会有太大影响,
鸡蛋吃多了也不会有太大影响,
不用你在那说常识好不好？爱吃生鸡蛋不是因为它细菌多 是因为它好吃,
不用你在那说常识好不好？爱吃生鸡蛋不是因为它细菌多 是因为它好吃,
不用你在那说常识好不好？爱吃生鸡蛋不是因为它细菌多 是因为它好吃,
看不下去了，再看就饿死了,
那个虾仁我好想吃阿阿阿阿,
那个虾仁我好想吃阿阿阿阿,
逼我出去买面解馋233,
两个虾讲究,
饿啊啊啊,
秋葵很好吃的  稍微蒸一下  然后放点生抽,
秋葵好好吃,
说喝水的那个，我刚刚看鬼片，你可能吃出来一团头发，你回来就发现吐出来的头发，不见了,
脸上很多汗水,
好想吃面,
还在冒热气，感觉好好吃,
真香,
都是油的那个 这是酱……,
吃过 超好吃 目前最喜欢的面,
真的好饿这会,
多捞喔,
说是秋葵的脸疼不疼啊，那是油,
边吃烤鸭边看，安慰自己不饿,
边吃烤鸭边看，安慰自己不饿,
饿了一天我为什么要看这个,
啊啊啊啊啊啊啊啊啊啊啊！！！！他把鸡蛋弄破了啊啊啊啊啊啊啊啊啊啊啊！！！,
好想吃炒面  拌面   方便面啊啊啊啊啊,
好想吃炒面  拌面   方便面啊啊啊啊啊,
从生鱼片过来的,
我好饿,
土豪的方便面配菜,
喜欢溏心的不觉得恶心吗？,
辣椒辣椒青阳辣椒说多少遍真服了智商,
鸡蛋唯一忍受不了的就是白煮蛋，一点味道都没有，还干,
我应该还能再来两口差不多了,
这个面超香，就是那种超级让人上瘾的那种啊啊啊,
饿死了,
那是黄瓜，学名萝卜，味道有些像玉米，微苦,
好饿啊，我要去泡面了,
擦嘴大概是怕嘴太太油了吧,
我今天一天就喝了一碗粥，看这个解馋,
我们自己知道是青椒就好，别浪费口舌了，还有人能把鸭腿说成鸡腿也是服气,
我们自己知道是青椒就好，别浪费口舌了，还有人能把鸭腿说成鸡腿也是服气,
我们自己知道是青椒就好，别浪费口舌了，还有人能把鸭腿说成鸡腿也是服气,
四袋没这么多,
啊！饿死了！,
这个年真的好好吃！！！！,
用叉吃虾，讲究,
这个真的好吃,
谁吃方便面还加秋葵的,
看的 好饿,
看的 好饿,
我虽然90斤但是吃的远比这些要多好吧,
有一次早晨吃了五个鸡蛋一碗豆浆,
当盖有多棒额,
这个面好吃,
把我看饿了,
嘴上有油呀……,
对生鸡蛋过敏的人不想说话,
那群虾成功的引起了我的注意´_>`,
面食主义者表示超级想吃！！！,
溏心蛋当然好吃,
这个超好吃,
好想吃,
受不了了 想替他把虾仁吃掉！！,
怎么可以面无表情吃这么好吃的东西,
啊啊啊 终于吃虾了,
超级喜欢鸡蛋,
想看看主播肚子多大,
人一辈子吃多少饭是有数的,
吃鸡蛋讲究,
这个真的很好吃,
日韩人家有专门的可生食鸡蛋,
这是我见过与包装最像的一款方便面,
在吃黑椒牛肉面,
半熟鸡蛋没吃过，不知道味道怎么样,
这个超好吃!,
up:我敲想吃的说,
说句公道话5 6包差不多了,
你们管它是辣椒是秋葵干嘛，又不是你们吃，哪那么多废话。,
好吃,
减肥的第4天已经看吃播看了4天了，饿死了,
正在吃方便面的我看他吃方便面,
零晨看饿死了,
好饿( •̥́ ˍ •̀ू ),
好饿( •̥́ ˍ •̀ू ),
饿死了啊！！！！,
我好饿,
这是埋了多少鸡蛋,
这是埋了多少鸡蛋,
是傻的吗，在衣服上啊猪,
我饿,
好想吃面…,
想嫁弟弟的首先你要有很多钱QAQ,
这一口一定特别好吃,
这话题让我想起了鸡米,
这一口就差不多一袋了吧,
我的屏蔽词里又多了俩词 秋葵 和辣椒,
好想试一下一次吃这么多面,
当Gay有多么棒额～～,
不好，我要饿晕在厕所里了,
馋了,
想吃！,
这面某宝搜索下就好 喜多印尼捞面,
这好像是方便面,
当GAY多么棒啊,
看到这，默默的拿出了虾仁，五袋方便面，鸡蛋，724(ಡωಡ)hiahiahia ,
看到这，默默的拿出了虾仁，五袋方便面，鸡蛋，724(ಡωಡ)hiahiahia ,
看到这，默默的拿出了虾仁，五袋方便面，鸡蛋，724(ಡωಡ)hiahiahia ,
好想吃,
饿了,
好想吃,
一下子两只虾，讲究,
吓到我吃了一口我的康师傅红烧牛肉面,
前面那个说老鼠的，你是猪吗？？？,
面下面还藏了个鸡蛋呢,
我快饿死了,
这个视频我看了好多遍了,
我我我…我好饿,
哭了我好饿,
当gay有多么棒呃,
我也想吃虾子了 速度给我送来,
我也想吃虾子了 速度给我送来,
好饿啊啊啊啊,
看着他吃，我感觉自己也闻到了面条和鸡蛋的香味😂😂😂,
看着他吃，我感觉自己也闻到了面条和鸡蛋的香味😂😂😂,
这得多少袋,
你吃饭会噎吗？？？？搞笑，你饿死好了,
稀的鸡蛋黄真的接受不了,
我这种猪猪女孩差不多也要这么多吧,
我这种猪猪女孩差不多也要这么多吧,
看我的都饿了,
我喝了二十多年冰水了，吃饭不喝凉的没胃口。。。。。,
有龙虾和煎蛋……嗯讲究,
有龙虾和煎蛋……嗯讲究,
最好吃的面……讲究,
饿阿,
到底有多牛逼才能青椒和秋葵都分不清,
突然不饿了,
虾，还剩好多,
虾，还剩好多,
想吃面了,
刚刚我边看边下意识的喊了一声，妈！我要吃方便面！,
前面那个口爆的，经历过很多嘛,
我要饿晕了,
记得有一次连续吃了三个鸡蛋，去输液了,
幸亏中午吃了鸡胸,
糖心蛋很好吃,
我想看看他肚子多大了,
好饿,
这个好好吃的样子,
卧槽还有虾，好丰盛啊,
减肥。为了吃更多,
最近在减肥。饿了就看各种吃播。,
这个鸡蛋怎么煎,
放了虾仁，讲究,
这个辣辣的甜甜的香香的贼好吃！,
这个辣辣的甜甜的香香的贼好吃！,
半熟鸡蛋拌面好吃到爆炸,
半熟鸡蛋拌面好吃到爆炸,
想吃虾,
想吃虾,
好吃,
好想吃那个虾仁啊,
好想吃那个虾仁啊,
对于不敢吃辣的我来说，吃辣椒我会哭的,
说火鸡面好吃的再说这个面好吃我是不信的,
说火鸡面好吃的再说这个面好吃我是不信的,
说火鸡面好吃的再说这个面好吃我是不信的,
想吃                                                           好想吃,
我也想吃啊啊啊啊,
前面说放鸡蛋过多胆固醇那个，你怎么不说他面吃的太多不怕撑死吗,
前面说放鸡蛋过多胆固醇那个，你怎么不说他面吃的太多不怕撑死吗,
放醋啊 超好吃,
啊啊啊啊啊啊饿死了,
看饿了,
没人，我们都是饿死的鬼😁,
这个超好吃,
我都是每天必吃两三个鸡蛋。,
好吃,
饿饿饿饿饿饿饿饿饿饿饿饿饿饿饿饿饿饿饿饿饿饿饿饿饿饿饿饿饿饿饿饿饿饿饿饿饿饿饿饿饿饿饿饿饿饿饿饿饿饿饿饿饿饿饿饿饿饿饿饿饿饿饿饿饿饿饿饿饿饿饿饿饿饿饿饿饿饿饿饿饿饿饿饿饿饿饿饿饿饿饿饿饿饿饿饿饿饿饿饿,
饿,
饿饿饿饿饿饿饿饿饿饿饿饿饿饿饿饿饿饿饿饿饿饿饿饿饿饿饿饿饿饿饿饿饿饿饿饿饿饿饿饿饿饿饿饿饿饿饿饿饿饿饿饿饿饿饿饿饿饿饿饿饿饿饿饿饿饿饿饿饿饿饿饿饿饿饿饿饿饿饿饿饿饿饿饿饿饿饿饿饿饿饿饿饿饿饿饿饿饿,
饿饿饿饿饿饿饿饿饿饿饿饿饿饿饿饿饿饿饿饿饿饿饿饿饿饿饿饿饿饿饿饿饿饿饿饿饿饿,
好饿,
大晚上的我真的饿了,
我问到了鸡蛋的味道！我是不是饿疯了？？,
我问到了鸡蛋的味道！我是不是饿疯了？？,
研究表明鸡蛋全熟的蛋白质才会吸收好不好,
承包这一口！满满的虾仁！,
一边吃着方便面一边看。。。,
吃这么多鸡蛋容易营养过剩,
吃这么多鸡蛋容易营养过剩,
看得我好爽又好饿,
好想吃,
饿了,
说溏心鸡蛋里有细菌的 你呼吸的每一口空气中都有细菌你知道吗?,
鸡蛋从0分熟到10分熟我都喜欢,
    还吃饭😊好吃😊功夫熊猫跟着狗屁刚刚回来,
想吃的我咽了咽口水,
把虾仁送给我比较好,
剩下的大概一包就这么多,
前面说胆固醇高的，人家是大胃王阿也不去查查，几个鸡蛋算什么,
半夜好饿,
好饿啊,
好想吃！,
生鸡蛋拌饭是真的好吃,
生鸡蛋拌饭是真的好吃,
前面的，这不是鸭舌帽,
B站有很多伪娘，所以说，不要信弹幕,
表示有些国家的生鸡蛋在保质期前是可以生吃的，保质期后就只能搞熟了吃,
大晚上就这么饿了,
饿啊！,
饿死了π_π,
饿,
刚吃完火鸡面  又好想吃这个泡面,
刚吃完火鸡面  又好想吃这个泡面,
刚吃完火鸡面  又好想吃这个泡面,
为什么韩国人喜欢4分熟的的鸡蛋,
全熟发干，没熟透的时候黄稀稀的好吃。🤣🤣🤣,
当gay有多么棒额,
基围虾蘸醋我可以吃两碗白饭,
好饿好饿好饿，我真的好饿,
想起自己还有没吃的火鸡面，哈哈哈,
想起自己还有没吃的火鸡面，哈哈哈,
有几个虾肉掉了ԅ(¯ㅂ¯ԅ),
饿,
放这么多鸡蛋你就不怕胆固醇过高,
放这么多鸡蛋你就不怕胆固醇过高,
鸡蛋好像有点生,
你们知道吗，吃鸡蛋一定要吃熟的，越生的蛋细菌越多,
你们知道吗，吃鸡蛋一定要吃熟的，越生的蛋细菌越多,
减肥的我迟早饿死在这破B站,
当gay多么棒哦,
饿的,
好饿好饿好饿,
我就喜欢吃半熟的鸡蛋,
很多吗？我两份炒饭都吃完了，他还在吃,
半生的好吃啊~全熟我还觉得没那么好吃,
虾仁真的很诱人啊,
虾仁真的很诱人啊,
好饿 好饿 好饿 我真的好饿,
鸡蛋看着没煎熟，但是已经是固体的了,
卧槽，我的牙已经补过两颗啦！啥都不敢吃，好牙疼，好羡慕他们这样吃饭,
有无菌鸡蛋,
方便面豪华版,
好饿啊。。。,
饿,
这个巨好吃,
巨爱虾,
饿,
跟我一个习惯，吃一口擦嘴一下，就受不了嘴巴上有油！,
方便面和鸡蛋都特别爱吃,
方便面和鸡蛋都特别爱吃,
好好吃的感觉,
这个拌面超好吃的,
好想吃那个虾,
好想吃那个虾,
好饿,
╯﹏╰好饿,
好饿,
虾！,
啊啊啊啊啊啊好饿啊,
半夜起来下方便面吃  唉,
哇，一口吃这么多,
迟早要饿死在这破站,
我不是胖嘟嘟 我只是肉很多,
还有虾仁,
好饿,
我喜欢看他吃三文鱼,
1.5倍速。。。逐渐变饿并表示快饿死了。。,
1.5倍速。。。。逐渐变饿并表示可能快饿死了,
看到这我不饿了,
这虾子看了挺地道舒服,
底部有素质没有辣鸡,
吃鸡蛋,
当gay有多棒啊,
这个我吃过！！！超级好吃！！！,
原味好吃,
巨好吃,
超好吃,
一天之内蛋吃太多不好吸收营养,
这一口虾仁！,
那你咋没饿死,
大口吃方便面最爽了,
我以前也觉得一只鸡完全ok  真正吃的时候就知道自己胃多小了,
我以前也觉得一只鸡完全ok  真正吃的时候就知道自己胃多小了,
我喜欢吃八分熟的鸡蛋,
正在一边看一边吃方便面,
吃过，好吃这面,
肚子饿的咕咕叫,
半夜笑出猪叫2333,
啊啊啊啊好饿,
但是好吃啊,
超好吃这个面,
挺住，不要被饿倒,
中国的东西不安全所以不敢吃半生鸡蛋,
中国的东西不安全所以不敢吃半生鸡蛋,
胃有多大，碗就有多大,
想吃,
自残小熊干脆面那么多,
饿了！！,
好想吃,
问方便面的标题不是有吗,
到底有多少个蛋。。,
想吃虾,
想吃虾,
这个面有点油吧，可能嘴上沾油不舒服,
说鸡蛋半熟有细菌的你别是个傻子吧 你没吃过流心蛋？可笑,
好香哦,
好饿啊,
鸡蛋和虾是我最最最爱吃，百吃不厌的两样东西，看他吃好满足！,
鸡蛋和虾是我最最最爱吃，百吃不厌的两样东西，看他吃好满足！,
从香港买了几袋装箱带回了北京，哈哈哈哈～还没吃完,
逐渐变饿,
我饿了,
因为你对这方便面爱得深沉,
一口一袋方便面的，求求你去买一袋吧,
想吃想吃,
日本的鸡蛋是无菌的，韩国的不知道,
看着人家吃超想吃  然而吃了两包泡面反胃 胃酸都吐出来了,
看着人家吃超想吃  然而吃了两包泡面反胃 胃酸都吐出来了,
管它营不营养我只吃熟鸡蛋,
前面叫他弟弟得，你多大岁数了,
我超喜欢糖心蛋诶，冨久内的糖心蛋好吃到爆(►˛◄’!),
哈哈哈啊哈哈鸡蛋掉了哈哈还把哈哈哈哈哈哈哈哈,
想给虾仁来点醋,
那个最诱人的蛋留到了最后,
看饿了，晚上九点四十分，要不要吃夜宵？,
想吃……????,
这个面真的好吃！淘宝有,
方便面？,
这个好好吃的！！！！,
吃不了不熟的鸡蛋,
想吃˚‧º·(˚ ˃̣̣̥᷄⌓˂̣̣̥᷅ )‧º·˚,
十八岁正好能吃的时候吧，我这个奔三的阿姨根本想吃吃不下,
哈哈在印尼吃到吐，这种mi煮了确实很好吃,
哈哈在印尼吃到吐，这种mi煮了确实很好吃,
只想吃虾仁,
只想吃虾仁,
那是溏心蛋  而且是无菌蛋    很好吃的  有营养 也没有细菌,
简直可笑，看清楚他一口就是一袋方便面,
裹着饺子吃多好,
这种辣白菜最好吃 比那种腌入味的好吃的多,
这种辣白菜最好吃 比那种腌入味的好吃的多,
后来，看起来辣椒最多的辣白菜成了解辣的,
砸挖路多！,
看他笑的多开心呐,
好想吃，我感觉我应该能吃20个。,
多喝点热水,
砸瓦鲁多！（以我现在的替身能力只能时停一秒）,
我是个吃播，我得笑，你看我笑得多开心，哈哈哈哈哈哈哈哈哈哈,
漂亮，他拿起了最辣的ohhhhhhh（我试过这个起玛是火鸡面的一倍）,
漂亮，他拿起了最辣的ohhhhhhh（我试过这个起玛是火鸡面的一倍）,
我想吃那个饺子,
这个饺子想吃,
人开始多了,
不是不是，有一期炸鸡哭了他哈哈哈哈哈哈哈哈,
不是不是，有一期炸鸡哭了他哈哈哈哈哈哈哈哈,
意思是馅儿拌了火鸡面的酱？,
意思是馅儿拌了火鸡面的酱？,
你看他笑的多伤心,
看他辣成这样，我居然想吃,
猪刚鬣,
"小哥加油,好可爱",
好想吃那个辣白菜！,
好吃到热泪盈眶,
广东人表示想吃,
就是看他吃不饿，只想笑！,
你看他笑的多开心,
加油！奥利给,
应该是火鸡面的饺子,
应该是火鸡面的饺子,
看他笑的多开心,
刚看了他吃的吸血鬼炸鸡跟核弹热狗，笑死我了,
刚看了他吃的吸血鬼炸鸡跟核弹热狗，笑死我了,
好想吃,
辣成狗了，我也想吃,
疯饺子  吃了多半都疯了,
上来就火鸡饺子？,
辣到给自己加油打气,
你看他笑的多开心,
你看他笑的多开心,
小哥加油，这才九分零十秒。,
我想吃,
鸡冻的心 颤抖得手,
看他好吃的都要哭了,
从火鸡面过来,
从火鸡面过来,
吃辣椒不要放太多白菜,
把饺子包在辣白菜里面好吃,
看给这孩子饿的,
想吃饺子,
这表情到底是有多辣，,
想吃啊哈哈,
好想吃啊,
我饿了……,
四川人表示也想吃,
四川人表示也想吃,
好吃到哭,
好想吃最左边那四个,
你看他多感激,
这孩子笑得多开心,
皮薄馅大的饺子最好吃了,
你现在的笑多么真实可爱,
你看他笑得多开心啊,
想吃,
这个大拇指是在给自己加油鼓劲,
看她现在笑的多开心,
看的我饿了,
这个饺子多萝西吃着也有点不舒服，证明这个饺子是很辣的！,
我们这一届的网友是受到过专业训练的，无论多好笑我们都不会笑，除非忍不住。滑稽。,
你看他吃的多开心呐,
好吃好吃太好吃,
好吃你就多吃点,
好吃你就多吃点,
好吃好吃下次还要吃,
好吃好吃,
大半夜偷偷在被窝看 笑出了公鸡的叫声,
多喝热水,
多喝热水,
再一次真香,
真香预警,
大家起来上香,
强颜欢笑，你看他多开心,
好想吃，那就吃吧,
你看他笑得多开心,
哈哈哈哈哈哈哈哈哈哈哈你看他多满足啊,
你看他多感激,
你看他多开心,
火鸡肉馅儿的，就那个辣火鸡,
多喝啤酒，解解辣,
他家一定有很多的胃药以及牛奶。或者是离医院很近,
艾玛这得有多辣,
好饿啊,
我有点想吃,
哈哈哈哈哄哄哄哄（笑出猪叫）(ಡωಡ)hiahiahia ,
白菜上那么多辣椒，全吃了……,
想吃,
笑的我鲤鱼打滚,
哈哈哈哈哈哈哈哈我的马鸭,
这是有多辣哈哈哈,
这是火鸡饺子,
你看他笑的多开心,
这个多敬业啊，想想快手老铁,
好吃好吃,
这个辣白菜太想吃了,
进度条还有好多，小哥还要受好久的哭233333,
好想吃他的辣白菜,
还有好多菜呢,
想起了当年被一个变态辣鸡翅辣懵的我,
想起了当年被一个变态辣鸡翅辣懵的我,
假装很好吃，一点都不辣,
你看他，好吃到哭了,
我想吃最辣的,
你看他笑得多开心啊,
你看他笑得多开心,
你看他笑得多开心,
鸡腿年糕找过来的,
鸡腿年糕找过来的,
为啥最后一片这么多辣子的表情,
这里面是辣椒面？这也太多了吧,
看着好香好想吃,
看着好香好想吃,
我在这里上着课 我好饿,
多喝热水傻孩子看辣的这样,
看到他那么辣，真的好想吃一口,
加油！快吃,
你看他笑的多开心,
不能理解爱听咀嚼音的，原来还有好多人爱听。一直以为大家都受不了这个声音呢,
多喝热水,
好吃到面目狰狞,
你看他现在笑的多开心,
假装很好吃,
喜欢吃辣的人是越辣越想吃，何况是一个韩国人还是一个吃播,
想吃,
看他笑的多开心,
不行了我得白天看了，不只是饿，而是我大半夜笑出声了,
这个白菜是专门做的爆辣的，好多韩国吃播吃哭，一般家里吃的是甜辣的,
好想吃！,
哈哈哈哈哈 我笑哭了 笑出猪叫 ,
辣吃多了也没多大好处,
虽然看着辣但是还是想吃,
zz太多，不忍直视弹幕。,
内心：我要加油我是最棒的，我不怕辣！！！,
好想吃啊！,
哈哈哈好多辣酱,
湖南人也想吃,
嘴：我不想吃了，手：不，你不想,
啊啊 啊啊把人馋的 等我能吃辣的时候我得狠狠吃上几顿辣辣辣,
我也好想吃啊啊啊啊 好几个月没吃过辣辣辣的东西了,
我竟然想吃……,
你看他笑的多开心,
笑出猪声,
这是我有史以来看吃播让我最不饿的一个主播,
韩国有名的疯饺子，跟魔鬼辣椒差不多,
不过饺子真的看着好好吃啊,
哈哈 这个蘸了最多辣酱的,
加油！,
半夜笑出猪声,
看那，多开心,
你看他笑的多开心,
看了眼进度条，加油＾０＾~,
还有这么多，可咋吃啊……,
他是我看过这么多韩国吃播里最不能吃辣的了 还非要挑战哈哈哈哈哈,
加油！最后一口！,
小哥哥，多喝热水,
看得我都想吃了,
好吃的笑了起来,
哭着点头：好吃啊！好吃的！,
;看他笑的多开心啊,
莫名想吃,
好吃到便秘你说恐怖不恐怖,
饿死,
被辣出多动症,
你看他笑的，多开学呐,
吃的多开心,
愁呀，还有那么多,
馋,
好吃,
想吃泡菜，但不能吃辣，只能过过眼瘾吧,
饿了,
小哥，加油还有一口,
你看他笑的多开心ʘᴗʘ,
觉得辣但是想吃怎么就戏精了，我觉得火鸡面辣哭了也要吃啊,
觉得辣但是想吃怎么就戏精了，我觉得火鸡面辣哭了也要吃啊,
觉得辣但是想吃怎么就戏精了，我觉得火鸡面辣哭了也要吃啊,
菊花:我想吃    胃:我不想吃,
好吃到无Fa♂可说,
二刷了～上次吃辣酱冷面刷了好多次哈哈哈哈哈哈,
这个饺子的皮看起来贼好吃(｢･ω･)｢嘿,
一定要坚持下去加油看好你哦,
上香,
突然想吃火鸡面！,
突然想吃火鸡面！,
突然想吃火鸡面！,
唇色诱人,
我想吃,
推荐汉口一绝加辣油,
皮卡多？,
给自己加油打气,
翘的多反而有意思,
笑出猪叫 妈呀,
胃：我想吃。菊花：不你不想。,
看他笑的多开心,
想吃,
所有吃播里表情最丰富，戏最多的一个。,
你看他笑的多开心,
色号：火鸡666,
感谢小哥，加油鸭,
感谢小哥，加油鸭,
你看他笑得多开心,
你看他笑的多开心,
油进眼睛里了，要小心一点啊,
因为他对这火鸡面爱的深沉,
因为他对这火鸡面爱的深沉,
该死的想吃,
温的好吃吧,
馋了,
好想吃,
好想吃是怎么回事,
好想吃,
不应该叫火鸡红吗,
加油快了快了,
你看他笑的多开心啊,
拿勺子推嘴里比筷子快多了，用筷子还得辣,
你看他笑的多开心,
火鸡面高光，你值得拥有,
火鸡面高光，你值得拥有,
林俊杰你咋在吃火鸡面,
林俊杰你咋在吃火鸡面,
双倍辣真的好辣！！普通那种火鸡面吃了面不改色 双倍辣给我吃出眼泪了,
双倍辣真的好辣！！普通那种火鸡面吃了面不改色 双倍辣给我吃出眼泪了,
你看他多像个福娃啊！,
对不起我馋了,
这个是小龙虾肉吗？,
这个是小龙虾肉吗？,
好吃到哭,
我好饿啊啊,
口红色号=超辣火鸡面特别值吃个面还送香肠嘴,
口红色号=超辣火鸡面特别值吃个面还送香肠嘴,
口红色号=超辣火鸡面特别值吃个面还送香肠嘴,
伤心火鸡面,
伤心火鸡面,
你看他笑的多开心啊,
火鸡面辣的是那种舌头都疼的辣 心疼小哥一秒,
火鸡面辣的是那种舌头都疼的辣 心疼小哥一秒,
封面像极了我吃火鸡面的样子,
封面像极了我吃火鸡面的样子,
我好想吃,
谁能告诉我封面在多少秒,
看他笑的多开心。,
好香…我为什么大半夜找虐,
喜欢吃辣的我要饿死了…,
火鸡红,
完美证实了我吃火鸡面的亚子,
完美证实了我吃火鸡面的亚子,
眉毛今天给你加鸡腿,
眉毛今天给你加鸡腿,
要坚强加油,
同时在吃火鸡面的我，感觉要辣的哭出来了,
同时在吃火鸡面的我，感觉要辣的哭出来了,
加油努力哦,
才一分钟啊 吃了这么多 剩下的时间干啥了,
这得多辣呀 这哥们儿上次吃冷面都能保持微笑,
突然想吃那个萝卜了,
加油,
全程看小哥表情，完全没有看火鸡面哈哈哈,
全程看小哥表情，完全没有看火鸡面哈哈哈,
这是好吃到飙泪了,
真的馋死，看他那么痛苦好想替他吃啊,
多喝岩浆,
多喝岩浆,
多喝滚水,
多喝沸水,
多喝热水,
太好吃了！感动到cry！,
看上去好好吃阿,
核火鸡面是普通火鸡面的4倍辣,
核火鸡面是普通火鸡面的4倍辣,
核火鸡面是普通火鸡面的4倍辣,
核火鸡面是普通火鸡面的4倍辣,
核火鸡面是普通火鸡面的4倍辣,
核火鸡面是普通火鸡面的4倍辣,
核火鸡面是普通火鸡面的4倍辣,
核火鸡面是普通火鸡面的4倍辣,
建议火鸡面和口红商出个联名的口红,
建议火鸡面和口红商出个联名的口红,
火鸡面双倍辣色号,
火鸡面双倍辣色号,
鸡肉也很辣吗？,
多喝热水好哇。。,
真·火鸡面色号,
真·火鸡面色号,
真香,
多喝热水,
烈焰香肠唇,
碗里面肉粒还是虾饺什么的,
有点太拼了别的大多数吃播基本都是在享受可他太实诚了，真良心吃播,
或许是鸡丁？,
。。。真心火鸡面我能接受，不知道是我的辣度太小怎么的，我觉得微辣，哦！我重庆的,
。。。真心火鸡面我能接受，不知道是我的辣度太小怎么的，我觉得微辣，哦！我重庆的,
我觉得没有比现在吃酸萝卜更好吃的时候了,
想吃那个鸡肉,
想吃那个鸡肉,
想吃火鸡面,
想吃火鸡面,
想吃火鸡面,
好吃到cry！！！,
虾色,
肉太多。。。。,
笑出猪叫,
我一直忍不住去看后面的鱼,
看的我好饿！！！,
火鸡面就算了 连鸡肉都是爆辣的,
火鸡面就算了 连鸡肉都是爆辣的,
小哥比我厉害 我吃不来火鸡面 受不了,
小哥比我厉害 我吃不来火鸡面 受不了,
看看这孩子吃的多开心,
香,
MD 这么多 我吃得完个屁,
火鸡面料包放一半我都吃不下去……太辣了 两倍辣的我真的好羡慕,
火鸡面料包放一半我都吃不下去……太辣了 两倍辣的我真的好羡慕,
不用谢我!给我多加点盐就行,
你看他笑得多开心,
肚子：我为这个家付出了太多,
我上一次饿了吃一包直接坏肚子，黑色包装,
想吃这个鸡肉，看起来好好吃,
想吃这个鸡肉，看起来好好吃,
想吃这个鸡肉，看起来好好吃,
众所周知，火鸡面是甜的,
众所周知，火鸡面是甜的,
好饿,
这是火鸡面吗好好吃,
这是火鸡面吗好好吃,
这是火鸡面吗好好吃,
他吃的好香啊我也饿了,
他吃的好香啊我也饿了,
你看他笑得多开心啊,
你看他笑的多开心啊！,
哥 咱不想吃就别吃了好吗 看得我心疼,
我就好奇这鸡肉到底是有多辣鸭,
我就好奇这鸡肉到底是有多辣鸭,
我就好奇这鸡肉到底是有多辣鸭,
火鸡色。。。,
我咋感觉越吃越多捏,
好吃哭了,
别问了，吃同款核辣火鸡面，你就可以get到这个唇色,
别问了，吃同款核辣火鸡面，你就可以get到这个唇色,
正在吃火鸡面,
正在吃火鸡面,
我吃完火鸡面感觉耳朵不在了,
我吃完火鸡面感觉耳朵不在了,
火鸡面前面吃的很好吃，到后面没知觉辽真的,
火鸡面前面吃的很好吃，到后面没知觉辽真的,
火鸡面前面吃的很好吃，到后面没知觉辽真的,
你们看小哥笑的多开心啊,
吃火鸡面一定要大口大口吃，长痛不如短痛,
吃火鸡面一定要大口大口吃，长痛不如短痛,
好吃的隔壁家的小孩都馋哭了,
好吃的隔壁家的小孩都馋哭了,
吃萝卜鸭,
核火鸡面是8000维氏辣度,
核火鸡面是8000维氏辣度,
嘴唇子比鸡肉面都红,
感觉好吃诶,
好吃到无法自拔,
我到底为啥准备这么多面,
加油,
加油我可以,
别的吃播吃火鸡面都是假的，就他是真的,
别的吃播吃火鸡面都是假的，就他是真的,
多喝烫水,
现在笑得多开心,
真的上瘾啊，今天吃的火鸡面辣的死去活来，结果看了这个视频打算明天还吃哈哈哈,
真的上瘾啊，今天吃的火鸡面辣的死去活来，结果看了这个视频打算明天还吃哈哈哈,
这火鸡面会有耳鸣的。,
这火鸡面会有耳鸣的。,
好想吃,
吃火鸡面需要速度…,
吃火鸡面需要速度…,
怎么唆呢 我为这碗面付出了多少,
我爱火鸡面,
我爱火鸡面,
你看他笑的多开心啊,
口红色号不是迪奥999 是火鸡面666,
口红色号不是迪奥999 是火鸡面666,
笑得多开心啊,
核火鸡面,
核火鸡面,
差点忘记火鸡面是热的，不然以为他干嘛要吹气哈哈哈哈,
差点忘记火鸡面是热的，不然以为他干嘛要吹气哈哈哈哈,
以为历史老师炒了鱿鱼去干吃播哈哈哈,
想吃这个萝卜,
我也想吃,
你看他笑的多开心,
吃这个谁不流泪，本人表示普通火鸡面辣的我泪流满面,
吃这个谁不流泪，本人表示普通火鸡面辣的我泪流满面,
这个双倍辣把辣酱放完吃起来真的很痛苦的 之前火鸡面吃着不带劲儿 买了双倍辣 第一包真的是哭着吃完的,
这个双倍辣把辣酱放完吃起来真的很痛苦的 之前火鸡面吃着不带劲儿 买了双倍辣 第一包真的是哭着吃完的,
像我这种喜欢吃双倍辣火鸡面加小米椒的人是不是没救了,
像我这种喜欢吃双倍辣火鸡面加小米椒的人是不是没救了,
你们看他笑的多开心,
韩国人能吃辣。火鸡面挺辣的,
韩国人能吃辣。火鸡面挺辣的,
哇，这么好吃吗？吃到流泪,
我吃两倍辣的时候也差不多这样,
哇，要流口水了，看起来很好吃，虽然知道很辣,
眉毛纹的多少钱的？？？,
火鸡牌血红口红。你值得拥有,
下午刚吃过火鸡面的此刻觉得又麻又香…,
下午刚吃过火鸡面的此刻觉得又麻又香…,
下午刚吃过火鸡面的此刻觉得又麻又香…,
好吃到哭泣,
辣椒素会使人痛苦的同时促使大脑分泌多巴胺，痛并快乐着。而且上瘾,
我是真的好饿啊,
火鸡面吃了一口就胃痛了,
火鸡面吃了一口就胃痛了,
哈哈哈哈哈哈前面吃火鸡面吃到蹦跶的 我第一次吃双倍辣的也是吃到蹦跶哈哈哈哈哈哈,
哈哈哈哈哈哈前面吃火鸡面吃到蹦跶的 我第一次吃双倍辣的也是吃到蹦跶哈哈哈哈哈哈,
鸡肉比面辣系列,
还算能吃辣。但是火鸡面不行辣胃啊 我可能不算很能吃辣的人,
还算能吃辣。但是火鸡面不行辣胃啊 我可能不算很能吃辣的人,
这位大哥，看了那么多吃播，你是真来事的啊，佩服佩服,
这量也不多，韩国的辣椒酱是甜的,
多喝热水,
目测这个比急诊室年糕厉害多了,
b站是多么在乎他,
馋,
看他笑得多开心啊,
你看他笑得多开心,
每个韩国人吃播都有那个黄色的萝卜，看着好好吃，好想尝尝,
味道不错，就是有点辣，后来太好吃了感动到了,
因为我对这火鸡面爱的深沉～,
因为我对这火鸡面爱的深沉～,
看把孩子饿得,
好好吃哦,
你看他多满足,
对火鸡面爱得深沉,
对火鸡面爱得深沉,
愁，还有些么多面,
请各位相信我，真的很好吃h h h h h,
我居然有一丢丢想吃,
这好像就是我吃火鸡面的样子……,
这好像就是我吃火鸡面的样子……,
隔壁小孩馋哭了,
你看他笑的多开心,
这只是两倍辣火鸡面就这样子了啊,
这只是两倍辣火鸡面就这样子了啊,
我可以告诉你这个鸡肉才是最辣的,
饿了,
觉得鸡肉比面辣,
饭量不小 鸡肉自己做了后期加面一块炒的吧 至于上厕所吧珍重,
剩下的别吃了给我吃吧  好想吃,
我吃过黑色包装的火鸡面哈哈哈哈只敢加一点,
我吃过黑色包装的火鸡面哈哈哈哈只敢加一点,
为什么要哭，果然还是是太好吃了嘛,
妈妈看了得多心疼,
我都不敢买二倍辣火鸡面,
我都不敢买二倍辣火鸡面,
身体会出问题的鸭,
不敢吃辣的人躲在外面瑟瑟发抖,
你看他哭的多开心,
馋死了,
想吃那个鸡肉,
想吃那个鸡肉,
你看他吃的多开心,
0.5速笑出猪叫,
你看他笑的多开心啊,
他宁愿吃面，看来鸡肉才是最狠的,
还有六分多钟啊,
我估计辣鸡肉比面辣,
这是核弹火鸡面吧，最辣的那种,
这是核弹火鸡面吧，最辣的那种,
喝多了水  辣吐了 更加难受,
喝多了水  辣吐了 更加难受,
太好吃了吧,
他吃了好多火鸡面系列啊,
他吃了好多火鸡面系列啊,
他吃了好多火鸡面系列啊,
唇色诱人,
太好吃了所以就哭了,
好想吃,
多开心啊,
加油加油,
好吃到哭！！！,
新款火鸡面222色 蜜桃红,
新款火鸡面222色 蜜桃红,
好吃到哭？？？？,
这个鸡肉特别的辣啊,
萝卜好像很好吃,
慢慢来还有很多,
看他笑的多开心啊,
哎呀妈呀   这也太好吃了！,
2带火鸡面色号,
2带火鸡面色号,
菊花好可怜，承受了这个年纪不该承受的火鸡面哈哈哈哈,
菊花好可怜，承受了这个年纪不该承受的火鸡面哈哈哈哈,
嘴巴里得多疼啊,
已经感受不到好吃了吧,
看起来还是蛮好吃的,
好吃哭了,
核辣买了怕吃不下，没敢买，正常辣都出很多汗了,
"小哥,最近是和火鸡调味杠上了嘛，吃了好多辣味啊",
"小哥,最近是和火鸡调味杠上了嘛，吃了好多辣味啊",
近段时间怕是对鸡肉有了阴影了,
蓝瘦，香菇,
这是什么萝卜看着好好吃,
和他一起吃同牌子火鸡面，辣死了！,
和他一起吃同牌子火鸡面，辣死了！,
加油，很快就能吃完了！,
这面太好吃了^ω^小哥留下了幸福的泪水,
鸡肉好干,
想吃～～,
好香,
多喝热水,
好吃到哭了？？？,
好吃到哭,
小哥太拼了，不过看起来很好吃啊,
加油,
我还记得他的火鸡面料拌香肠的那一幕,
我还记得他的火鸡面料拌香肠的那一幕,
我还记得他的火鸡面料拌香肠的那一幕,
不是虐自己，是这样吃博眼球啊，观看人增多可以赚钱啊！,
加油加油,
红皮鸭子,
同步吃火鸡面中……,
同步吃火鸡面中……,
这啥呀这也太好吃了吧（哭）,
呜呜半夜两点馋死我了,
看他笑的多开心啊,
瞧他笑的多开心,
还有这么多吖！,
喝牛奶鸭,
你看他笑的多开心,
眉毛颜色配色不对框感太重眉头太重无力吐槽,
好吃到哭泣,
怀挺鸭,
多喝热水,
想到第二天屁股的多痛,
口红色号：火鸡面色,
口红色号：火鸡面色,
我吃火鸡面吃一包吃的肚子疼死了,
我吃火鸡面吃一包吃的肚子疼死了,
看他吃的多开心,
看他笑点多开心,
看他吃的多开心,
你看他笑得多开心,
看他笑得多开心,
吃的时候一滴辣椒油到眼睛里面,
口红色号：麻辣火鸡面色，你值得拥有,
口红色号：麻辣火鸡面色，你值得拥有,
想吃,
为什么他们一包这么多啊,
我觉得火鸡面就是越吃越辣越想吃,
我觉得火鸡面就是越吃越辣越想吃,
我觉得火鸡面就是越吃越辣越想吃,
这是有多辣啊,
看他吃的多开心,
看他笑得多甜,
感冒了，看你吃的更香了ಥ_ಥ,
看的我都想吃了,
求口红色号的你们吃多几包就有了不谢,
因为这火鸡面它想辣死我,
因为这火鸡面它想辣死我,
我想吃耶,
不能吃辣还要每次挑战自己，次数多了就没意思了,
虽然很辣，但还是想吃。,
小哥:加油，我是金肛狼鸭,
小哥:加油，我是金肛狼鸭,
想吃,
吃了三包火鸡面，表示，只有撑，菊花也不难受,
吃了三包火鸡面，表示，只有撑，菊花也不难受,
第一次吃火鸡面的你,
第一次吃火鸡面的你,
加油,
这不就是好吃到感动哭吗,
辣吐了。可怕,
这吃完会吐吧,
这是核弹不是2倍，还有超辣鸡肉,
哥，吃不了真就别吃这么多这么辣了,
吃完这次这辈子够呛再碰火鸡面了,
吃完这次这辈子够呛再碰火鸡面了,
看他笑的多开心,
我怎么感觉面比鸡肉辣,
你自己录一个视频看自己 也会觉得很香,
太好吃了，太感动了,
你看他笑的多开心,
吃过火鸡面的都知道，他一会就要流泪了,
吃过火鸡面的都知道，他一会就要流泪了,
虽然辣，但是应该很好吃,
好饿啊突然,
李雪琴，你好，我在韩国，你看这面多辣。,
想吃这个鸡肉,
想吃这个鸡肉,
香肠嘴了,
感觉火鸡面真的好辣,
感觉火鸡面真的好辣,
胃疼什么嘴巴疼啊，嘴巴最多感觉辣,
咋感觉他吃起来这么香呢,
妈妈 这太好吃了 太香了,
妈妈 这太好吃了 太香了,
慢点喝啊 水喝多了会更辣的,
看着好好吃啊，但是超辣,
第一次吃火鸡面的我吃完以后直蹦哒,
第一次吃火鸡面的我吃完以后直蹦哒,
你看他笑的多开心啊,
他笑的多开心,
好吃到掉泪,
太好吃了，都哭了,
火鸡面容易上瘾，在被辣死之前永远不知道买的时候多开心,
火鸡面容易上瘾，在被辣死之前永远不知道买的时候多开心,
火鸡面容易上瘾，在被辣死之前永远不知道买的时候多开心,
笑到肚子饿,
←前面那個太好吃了55555我他媽真的笑死哈哈哈哈哈哈哈哈哈哈哈哈哈哈哈哈,
斗鸡眼？？,
小哥老吃辣容易长鱼尾纹,
不说了，去油管关注小哥,
这张脸承受了太多表情,
吃得真香,
饿,
你看他笑的多开心啊,
小哥每天吃这么多辣会不会长zhichuang啊,
这啥啊这也太好吃了吧5555555,
你看他笑得多开心啊,
想吃,
好饿,
好想吃啊,
强行好吃,
说甜的那位麻烦你天猫上买一瓶试试咯，我原生态湖南人，五斤小龙虾放了一瓶，辣的想死,
说甜的那位麻烦你天猫上买一瓶试试咯，我原生态湖南人，五斤小龙虾放了一瓶，辣的想死,
这个第一口是甜的好吧，我也买了一打。做香辣小龙虾的时候我只敢放五分之一瓶，我是湖南人,
这个第一口是甜的好吧，我也买了一打。做香辣小龙虾的时候我只敢放五分之一瓶，我是湖南人,
这个第一口是甜的好吧，我也买了一打。做香辣小龙虾的时候我只敢放五分之一瓶，我是湖南人,
这个酱拌饭很好吃,
哈哈哈哈哈加油,
看他吃的多开心,
你看他笑得多开心,
快看他吃的多开心,
面条盖火鸡面酱,
面条盖火鸡面酱,
火鸡面酱不咸,
火鸡面酱不咸,
我想吃哎,
别说亿口，连一口都不想吃,
你看他多开心,
愿天堂没有辣椒油。,
说这个辣椒酱是甜的的是没吃过火鸡面吧，火鸡面就是韩国的好吧,
说这个辣椒酱是甜的的是没吃过火鸡面吧，火鸡面就是韩国的好吧,
现在还没哭？这是一瓶假的火鸡调味料,
他吃辣，看的人多,
好想吃，我最爱吃辣的了，流口水中,
悄悄拿走火鸡调料,
火鸡面和炸酱面的酱混起来吃不辣的，很好吃，我试过,
火鸡面和炸酱面的酱混起来吃不辣的，很好吃，我试过,
火鸡面和炸酱面的酱混起来吃不辣的，很好吃，我试过,
酱比面都多,
好猥琐油腻一男的,
好猥琐油腻一男的,
这么多酱，别浪费了,
这样拌米饭好吃啊啊啊啊啊啊,
好想吃啊啊啊!现在凌晨3.49啊啊啊,
好香,
虽然是甜的，但是这个火鸡辣酱越吃越辣，停下来更辣,
买过这个瓶装的 真的比火鸡面袋装的酱辣,
买过这个瓶装的 真的比火鸡面袋装的酱辣,
想吃,
感觉差点吐了,
真的馋！！！梦寐以求啊,
为啥非要和火鸡过不去呢,
我的妈鸭,
看他笑得多开心 ,
有点想吃,
看他笑的多开心,
减肥期好多不能吃   就来看看你,
可能是上次吃炸鸡不过瘾,
可能是上次吃炸鸡不过瘾,
淘宝五块一包很便宜，但是热量曝炸很长胖的,
这个火鸡面酱真的不咸，是甜辣口味，非常辣，网上搜韩国火鸡面可以自己尝尝,
这个火鸡面酱真的不咸，是甜辣口味，非常辣，网上搜韩国火鸡面可以自己尝尝,
这一瓶辣酱淘宝卖30多,
火鸡招谁惹谁了你说,
这得有多咸啊,
他吃的好香,
越多越甜,
越多越甜，我吃是这样,
这也太多了,
你可咬断吧我的天 这多辣,
这个酱比黑色火鸡面要辣的多,
这个酱比黑色火鸡面要辣的多,
这个酱比黑色火鸡面要辣的多,
看他笑的多开心啊,
你看他笑的多开心鸭,
你看他笑的多开心鸭,
他不太能吃辣但是他喜欢吃辣，就跟我们吃辣的时候明知道辣还是想吃一样,
说甜的……不知道啥叫火鸡面吗？？？不认识这个包装吗？！,
说甜的……不知道啥叫火鸡面吗？？？不认识这个包装吗？！,
去看他吃火鸡酱热狗，搞笑又可怜,
就最近几期视频，小哥应该是接了火鸡面的广告,
就最近几期视频，小哥应该是接了火鸡面的广告,
吃过这个同款酱！比火鸡面要辣！！这个真的是狼焱,
吃过这个同款酱！比火鸡面要辣！！这个真的是狼焱,
我怎么感觉在倒油,
这种火鸡面酱瓶装的哪里买啊,
这种火鸡面酱瓶装的哪里买啊,
亲人看的得多心疼啊,
要我吃这么多要吐了,
要我吃这么多要吐了,
想吃,
好想吃怎么办,
想吃,
我也想吃,
我也想吃怎么办,
我也想吃,
他这是炸酱面里面放火鸡面调料，根本没什么大不了的,
他这是炸酱面里面放火鸡面调料，根本没什么大不了的,
这是辣椒油，怎么会咸呢,
吃完再吐系列,
真香啊,
想吃,
吃着汉堡王看他作死,
我感觉很好吃,
笑的多开心,
从炸鸡腿过来的。,
从炸鸡腿过来的。,
从炸鸡腿过来的。,
我上头的时候也这样，不过我没这么大的勇气搞这么多酱,
这个酱，只是辣椒油，没有味道，干辣,
这手刚摸过辣椒油,
你看他笑得多开心,
已经快要边吃边吐了,
吃粉不咬断，才是最好吃的,
但看起来好好吃啊,
多罗西才是辣椒的终结者,
比狠人多一点 是个狼人。,
猪刚鬣,
火鸡饮料,
面没了，酱还剩好多，这就尴尬了,
一瓶火鸡酱已经掩盖了炸酱面的酱料,
你看他笑得多开心,
你看他笑的多开心,
炸酱的黑变成火鸡的红 大哥是个狠人,
哦多开！,
为啥这个酱油多，而火鸡面包里的酱基本都是酱,
为啥这个酱油多，而火鸡面包里的酱基本都是酱,
为啥这个酱油多，而火鸡面包里的酱基本都是酱,
为啥这个酱油多，而火鸡面包里的酱基本都是酱,
这个火鸡面酱有卖的么,
这个火鸡面酱有卖的么,
料比面多系列,
拉到斗鸡眼,
哈哈哈哈，我快笑死了，你看他笑得多开心,
口红色号：火鸡酱料all in,
面没多少酱多,
你看他笑的多开心呀,
感觉很好吃,
这炸酱有点多余，直接辣酱拌就好了,
火鸡面的辣是后劲大，开始是微甜不辣的,
火鸡面的辣是后劲大，开始是微甜不辣的,
看他笑的多开心啊,
看他笑的多开心,
火鸡面上头上的上瘾了吧,
火鸡面上头上的上瘾了吧,
早晨起来，吃碗火鸡面,
早晨起来，吃碗火鸡面,
冲鸭,
感觉在吐血哈哈哈,
还有好多料啊，拌个饭吧,
呕吼,
虽说这个韩国拌面的春酱是甜口的，这么多火鸡面酱下去也得辣上天,
虽说这个韩国拌面的春酱是甜口的，这么多火鸡面酱下去也得辣上天,
虽说这个韩国拌面的春酱是甜口的，这么多火鸡面酱下去也得辣上天,
看他笑的多开心啊,
扣饭小分队冲鸭,
吃最辣的火鸡面，看最好的肛肠科，我辣我寄己！,
吃最辣的火鸡面，看最好的肛肠科，我辣我寄己！,
盖一份饭多好啊,
韩式炸酱面看着好油腻啊,
韩式炸酱面看着好油腻啊,
