看看瓶子。喝了也没多少,
感觉吃了半天还是那么多,
这太香了,
想吃糖醋肉,
我也觉得这个麻辣香锅她不是很喜欢吃的样子哈哈哈哈哈哈 喜欢酥肉,
可口可乐天下第一,
饿死算了,
周黑鸭锁骨也很绝,
拌鸡架超级好吃，前面那个,
拌鸡架超级好吃，前面那个,
手里的沙拉瞬间不香了,
50以上真的香，不要给我,
这就是韩国的麻辣香锅！别拿狭隘标准去衡量外国中式快餐,
不行饿死我了，我受不了这委屈,
我好饿,
白酒是真的香，而且喝着舒服,
我也买了麻辣香锅，和姐姐一起吃,
但是高度白酒喝完了转天身体没不舒服，啤酒喝多了转天肌肉酸痛,
我50°的汾酒二两多差点吐死,
我50°的汾酒二两多差点吐死,
我饿了,
饿死加一,
中国人不会吧麻辣香锅当饭只会当菜,
太香了吧,
姐吃麻辣香锅不就米饭吃麻辣烫就米饭哈哈哈,
空气依旧好香(doge,
眼神不对，喝多了哈哈哈哈哈哈哈哈哈哈哈哈哈哈哈,
我吃麻辣香锅必须配米饭,
这麻辣香多越吃越锅,
这麻辣香多越吃越锅,
这麻辣香锅看起来像个炒粉23333,
好想吃啊,
那个不是火腿肠，是磨牙棒吧？,
馋死我了。。。,
厉害啊，这个度数比平常喝的真露一类的应该高得多啊,
麻辣香锅有虾咋了,
麻辣香锅有虾咋了,
虾壳本来就能吃,
一个人喝多没意思，应该找个伙伴,
一个人喝多没意思，应该找个伙伴,
好饿,
这声音太香了,
麻辣香锅不是配米饭吃的吗？,
饿。。,
这个麻辣香锅感觉吃了这么久还有这么多,
这个麻辣香锅感觉吃了这么久还有这么多,
馋死我了555,
这个虾直接吞了，刚才还吐壳来着，看来上头了,
这个虾直接吞了，刚才还吐壳来着，看来上头了,
好松脆 馋,
糖醋肉真的超级好吃,
手里的车仔面突然不香了,
麻辣香锅得配米饭啊,
炸儿会自己剥火腿肠吃   太赞了,
吃的好香啊。。。口水流下来了。。。,
好酥脆的感觉，好想吃,
香锅配米饭啊啊啊,
这姐就是在看电视啊非要说人家喝多了,
这麻辣香锅跟我们的好像不一样啊,
香锅有虾不正常吗？,
香锅有虾不正常吗？,
麻辣香锅不正宗阿,
别老在那儿迷离迷离的，在看电视看电视说多少遍了,
别搁这儿勉强不勉强的，天天担心这个担心那个，有的人就喜欢这么喝，喝你家酒了这么多事儿？,
自己开火腿肠,
鸡尾酒后劲可大了,
黑酱快馋死了,
好饿啊,
麻辣香锅配白酒 绝,
这姐姐多少有点ne哈哈哈哈,
饿啊饿啊饿啊饿啊饿啊饿啊,
想吃酥肉啊啊啊啊啊啊啊馋死啦,
想吃酥肉啊啊啊啊啊啊啊馋死啦,
妈呀，头一次见吃麻辣香锅这样吃的,
啥也别说了明天吃火锅  大半夜看馋死我了啊啊啊,
老板，切一斤牛肉，上好的老白干来一壶!,
你家的狗已经被馋死了。,
可口可乐天下第一,
让她恰鸭，为什么不能恰饭？？？,
黑狗子是已经馋死了吗？,
我贵州姑娘看不上34度的酒，一般喝的都是53度酱香白酒,
好久没吃香锅了,
看姐姐吃饭好馋啊,
咋感觉越吃越多,
懒人我的内心：多洗两个盘子,
炸酱:西八，哎，这个西八火腿肠,
啊啊啊啊啊啊啊啊好想吃啊,
这麻辣香锅怎么这么黏糊,
吃这么多还这么瘦，慕了,
感觉这两样都吃的不多啊头一回见,
她觉得好吃的时候的表情就是这个,
麻辣香锅啊,
这香锅居然有那么多汤,
这香锅居然有那么多汤,
她家里东西好多，像开超市的,
好酥脆，我也想吃,
突然很想吃东北那边的拌鸡架了,
突然很想吃东北那边的拌鸡架了,
厉害了，我吃香锅一定要配米饭，不然真的咸,
这个香锅看起来都是粉啊,
什么香锅还有虾？,
什么香锅还有虾？,
是的，喝酒千万别空腹，这样不至于酒精直接被你的身体吸收，多吃点东西好一些,
才二两多，怎么上头,
想念学校后门的麻辣香锅,
吃着麻辣香锅看麻辣香锅,
看饿了,
我们这都是麻辣香锅就饭，我也好想这样奢侈一把啊,
好想吃,
看到别人吃真的感觉好饿,
这个肉好想吃,
猪一样的炸酱,
减肥的我好想吃麻辣香锅啊,
减肥的我好想吃麻辣香锅啊,
炸儿在和火腿肠打架 哈哈,
想念学校的麻辣香锅了,
好想吃,
酱酱想吃酥肉了可能,
好饿啊啊啊啊啊啊啊啊,
34度白酒配麻辣香锅，姐，你身上不着火呀,
这也太饿了,
并没有谁想知道你们能喝多少。。。,
好饿,
麻辣拌也超级好吃,
这姐好像整反了吃麻辣烫的时候配米饭吃香锅的时候没有米饭哈哈哈,
白酒喝多了烧心,
真香,
这是麻辣香锅还是麻辣拌,
麻辣香锅里面再加个面简直完美,
想吃麻辣香锅了,
想吃麻辣香锅了,
分量好足，吃了这么久还剩这么多,
红红的看着也太好吃了吧,
这是麻辣香锅?,
你家麻辣香锅是甜腻的？毛病,
好想吃这个糖醋肉,
喝多了？,
我和52度的这么多也不会上头，弹幕夸张了,
好想吃,
姐姐可能以为跟烧酒差不多吧喝了一大口哈哈哈哈哈哈,
可能以为跟烧酒差不多喝了一大口,
麻辣香锅不应该就着大白米饭吃更香嘛～,
香锅还是得配可乐！！！,
我都好喜欢，我好饿,
可乐它不香嘛,
好馋那个糖醋肉，口水,
饿了饿了饿了饿了饿了,
为什么弹幕那么多会YY的？这姐要是这次没喝酒的话，你们看这状态猜得到她喝过了吗？,
吃的太费牙。但真香,
我也想吃麻辣香锅了！！！,
我也想吃麻辣香锅了！！！,
炸儿你是喝多了吗哈哈哈,
好想吃，好饿好饿好饿,
好想吃，好饿好饿好饿,
看的好饿,
与其说麻辣香锅，更像是麻辣拌,
我怀念我学校的麻辣香锅了,
我好想吃麻辣香锅,
我好想吃麻辣香锅,
麻辣香锅不一定需要配米饭啊！,
最爱麻辣香锅,
香锅里的粉丝超级好吃,
香锅里的粉丝超级好吃,
脑补好多，，看着挺正常啊,
超喜欢麻辣香锅,
这麻辣香锅长得像麻辣拌,
韩国有卖麻辣香锅吗,
好馋好馋好馋好馋好馋好馋,
这一盘子我好馋啊,
看起来就好好吃的样子,
吃饱了现在一点都不馋,
美食乐的别走,
姐，倒盘里还得刷，直接用外卖盒吃多好！,
麻辣香锅，麻辣拌，麻辣烫，是三样不同的东西,
韩国的麻辣香锅可能更多就是麻油和辣椒粉，不会放整粒花椒进去吧,
韩国的麻辣香锅可能更多就是麻油和辣椒粉，不会放整粒花椒进去吧,
韩国的麻辣香锅可能更多就是麻油和辣椒粉，不会放整粒花椒进去吧,
糖醋肉超级好吃,
烟大七餐三楼麻辣香锅好吃,
烟大七餐三楼麻辣香锅好吃,
配上米饭香锅就完美了,
啊上一次吃麻辣香锅是什么时候呢,
炸酱：害，我为这个家付出了太多,
炸鸡生气了,
炸鸡生气了,
麻辣香锅不配米饭好难受,
多吃几口肉缓和一下,
我一直以为麻辣香锅是比较干的,
直接买海底捞麻辣香锅底料。自己做,
可以在家自制麻辣香锅 超好吃,
可以在家自制麻辣香锅 超好吃,
锅包肉更好吃，,
库存好多,
呜呜呜想念学校的麻辣香锅,
饿死了,
麻辣香锅要配米饭呀,
香锅有米饭更好吃的感觉,
香锅有米饭更好吃的感觉,
现在半夜12点在看这个，好饿啊,
握草  今天的好想吃,
麻辣香锅怎么可以没有米饭！！？,
麻辣拌 ！！！！麻辣拌！！！不是麻辣香锅,
好像麻辣拌，不是麻辣香锅,
麻辣香锅是要配米饭的,
姐姐海量，我抿一口都难受，她居然喝了那么多,
34度你干杯你也多,
妈呀，沙发好多渣渣,
我也在吃麻辣香锅哈哈,
想吃这个呜呜呜,
姐姐多机位,
吃得太香了,
刚刚吃了烧烤和薯片 来找安慰,
是不是鳕鱼肠啊？,
烟大七餐四楼麻辣香锅别走,
谁关心你们能喝多少，刷来刷去好瑜伽,
这是韩国改良的麻辣香锅 是韩国小菜味儿,
1月份在韩国吃过这家的糖醋肉，不算很好吃,
吃这么多不辛苦吗,
我想她肯定吃了一瓶鸡精了吧！,
看她吃这么多。有点难受呀。,
我烤，吃这么多？,
喝鸡粉饱。放这么多,
喝鸡粉饱。放这么多,
好想吃泰勒斯,
迟到好久的生日祝福，超喜欢姐姐！姐姐加油！,
←喝粥不一定养胃，胃酸过多喝粥伤胃,
这个吃的也不多吗 弹幕都是小鸟胃吗,
在嘴巴里的时候多嚼会就好了,
海带汤放牛肉粉,
生日快乐，天天开心，吃嘛嘛香,
炒鸡喜欢吃粉条,
我最饿的时候为什么要看他吃饭,
今天吃的快好多,
感觉姐姐饿很久的样子哈哈哈哈哈哈,
感觉是蔬菜最多的一次了,
好好吃好好吃,
好想吃这个泡菜,
对胃不好的，关你屁事。屁话蛮多。,
啊啊啊啊啊啊好想吃这个杂菜,
弹幕上怎么这么多教别人吃饭的,
看起来好好吃(✪▽✪),
香啊,
韩国的各种泡菜真的馋哭我,
生日快乐，祝姐姐吃嘛嘛香，天天开心，身体倍棒！,
多嚼一嚼就还好,
香辣酱,
泡饭非常好吃的,
喜欢姐姐这样的吃播，并没有吃太多还不伤身体,
海带汤泡饭好吃到天荒地老,
哇塞看着就好好吃,
泡饭看起来好香,
生日快乐鸭!,
好想吃这个粉,
好想吃这个粉条啊啊啊啊啊,
害不如直接装汤里又要洗多一个碗了hhh,
一直没明白姐姐这小嘴是怎么一口吃下这么多的,
姐姐生日快乐鸭！！！,
没人关心你吃多少,
偶尔吃吃不会怎么样，汤泡饭真的很好吃,
这么多菜和汤我爱了,
看起来很好吃,
我要能吃下这么多我得幸福死,
海带芽，贼好吃,
想吃姐姐做的饭,
我要是吃韩食差不多也是这个量,
好吃吗hamzy,
在吃鸭肫,
"勾引的，你想太多了(﹁""﹁)",
生日快乐，生日快乐，小姐姐。祝你每天都健健康康。以后记得要拍很多好看的直播给我们哟,
想吃那盘粉。,
菜的颜色太诱人了,
想吃,
我只喜欢鱼汤鸡汤泡饭,
我只喜欢鱼汤鸡汤泡饭,
为什么我做海带汤就一般但看韩国人吃海带汤都特别香难道不是一个品种吗,
戒指还是香奈儿,
以后会有很多小可爱跟你一起的,
汤泡饭贼好吃,
怎么有人说话那么难听  说别人猪八戒的没读过书吧,
一个人吃饭真的有很多乐趣,
建议各位上古人士多阅读近代自然科学读物,
是海带芽 超好吃！,
其实这种家常的吃得最香了吧,
能吃这么香已经很幸福了，我现在吃什么都不太香了  五分钟后就不想吃了,
能吃这么香已经很幸福了，我现在吃什么都不太香了  五分钟后就不想吃了,
公布了你也未必做的出来，不同牌子的调料做出来味道也不一样，每期还得给你标注这么多？,
为什么看别人吃的真香，自己吃时觉得挺一般的。,
啊啊啊好想吃这个粉,
好想吃,
我也想吃杂菜,
好饿啊,
鬼知道我看这个片段看了多少遍,
想吃想吃,
看起来好好吃,
香,
受不了了，受不了了，太香了。,
看着就感觉好香啊，好想吃，好想吃。,
看着就感觉好香啊，好想吃，好想吃。,
想知道剩的怎么办，好想吃,
问号，你的眼里是否有很多小盆友？,
我太想吃这个粉了，吸溜,
吃的好香啊，好馋,
吃的好香啊，好馋,
姐妹生日快乐鸭！,
生日快乐鸭,
汤泡饭超好吃  我也喜欢这个吃法,
生日快乐鸭姐姐！,
但那条小狗仿佛在说我好饿啊！给我点吃的。。。。。。一条不够，再来点儿。,
好香好香好香好香,
這麼多蔬菜看起來太香了，飯派的配飯絕了,
這麼多蔬菜看起來太香了，飯派的配飯絕了,
好香真的好香,
感觉就是多年后的我,
泡饭是因为汤会稀释胃液可能消化不良，大家吃饭也最好吃了饭再喝汤。。不过我不喝东西吃不下饭，嘿嘿,
生日快乐！迟了不知道多久。。。,
小狗狗，你是否有很多疑惑?,
啊啊啊啊，泡饭我超爱的啊，想吃/(ㄒoㄒ)/~~,
姐姐吃的好香呜呜呜,
好多,
多少岁了？,
想吃 可是家附近也没有 点外卖运费很高 想买又心疼钱,
想吃炸鸡,
想吃炸鸡,
想吃炸鸡,
中国能吃到这种炸鸡的地方太少了555我家附近 一点也没,
中国能吃到这种炸鸡的地方太少了555我家附近 一点也没,
中国能吃到这种炸鸡的地方太少了555我家附近一点也没,
中国能吃到这种炸鸡的地方太少了555我家附近一点也没,
半夜快饿死的我来望梅止渴了,
好饿好饿好饿好饿好饿,
饿了,
我也好想吃炸鸡啊,
我也好想吃炸鸡啊,
我也好想吃炸鸡啊,
啊啊啊好馋,
好吃吗,
馋哭了十1,
太香了吧,
好多,
什么时候开始吃薯片,
明天要去汉堡王,
好想吃炸鸡啊,
好想吃炸鸡啊,
好想吃炸鸡啊,
玉米片和莎莎酱,
这个炸鸡不得很辣啊！,
这个炸鸡不得很辣啊！,
加油牛奶？,
我要馋死了,
玉米片：啥时候吃我,
山东潍坊的也只能看看解解馋了,
火星人馋哭了,
刚吃完两桶酸辣粉的我又饿了，草,
自制辣汉堡,
吃的让人对鸡都产生了怀疑,
加油牛奶,
好想吃啊,
没有那个萝卜！！我吃着榨菜和炸鸡,
没有那个萝卜！！我吃着榨菜和炸鸡,
好饿555555减肥好难,
所以吃薯片了吗,
哇 还有薯片,
好想吃啊,
会吃个屁，无脑夸？炸鸡夹到面包里就这么厉害了？,
会吃个屁，无脑夸？炸鸡夹到面包里就这么厉害了？,
加油牛奶?,
想吃酸萝卜,
穿越来的告诉大家现在中国已经好太多了！！！武汉等大部分严重地区都已经好起来了！,
这个饼看起来不是很好吃,
山东人馋哭了➕10086,
想吃,
姐姐剩的有点多哦,
你们可以买一下库拉味的炸鸡，酷辣味的炸鸡真的是特别辣辣都吃不下去的那种。,
你们可以买一下库拉味的炸鸡，酷辣味的炸鸡真的是特别辣辣都吃不下去的那种。,
姐妹们，你们可以尝试买一下酷辣味的炸鸡，酷辣味的炸鸡是真的特别辣。,
姐妹们，你们可以尝试买一下酷辣味的炸鸡，酷辣味的炸鸡是真的特别辣。,
我点了吃了个鸡,
好饿啊,
韩国有没有啥便宜的美食,
我去，这些200多,
河南许昌表示好饿,
不是鸡胗 是章鱼香肠,
不是鸡胗 是章鱼香肠,
不是鸡胗 是章鱼香肠,
怎么着你叫陈睿啊凭什么不让发弹幕，不喜欢看关了，B站你家开的一天天那么多逼事,
这脆骨的声音太诱人了,
薯片：你看我一眼,
龙虾吃播出的时候也觉得,
龙虾吃播出的时候也觉得,
我吃火鸡面，就把火鸡面放面包片里夹着吃，特别好吃,
我吃火鸡面，就把火鸡面放面包片里夹着吃，特别好吃,
我吃火鸡面，就把火鸡面放面包片里夹着吃，特别好吃,
嘟嘟喜欢的玉米片！！！,
昨晚上点了很多好吃的，浪费了8样,
昨晚上点了很多好吃的，浪费了8样,
啊啊好吃,
几位多就是有团队? 看看qa吧,
好馋,
我太饿了,
好饿啊,
好想吃,
吃酱挺费玉米片的,
传说中的章鱼烧,
好馋,
这是玉米片吧,
馋哭了,
我好馋啊,
越看越饿…,
姐姐：阿西吧，太好吃了,
馋死了馋死了,
馋了馋了,
想吃绝了,
馋死了流口水了,
好想吃呜呜,
她一顿吃这么多？,
馋死我得了,
我最多吃4个鸡腿就撑了。,
我最多吃4个鸡腿就撑了。,
我最多吃4个鸡腿就撑了。,
好馋人,
姐姐这期脸上肉多了,
卧槽也太馋人了吧！,
失眠过来看届吃炸鸡,
失眠过来看届吃炸鸡,
做女生好难 我也想吃,
薯片被遗忘了。,
明天我就去吃炸鸡都别拦着我,
明天我就去吃炸鸡都别拦着我,
我在等她吃薯片,
好吃,
草。。。好想吃！,
我好饿ಥ_ಥ,
玉米片超好吃啊啊啊就是费嘴巴，吃多了嘴巴疼,
玉米片超好吃啊啊啊就是费嘴巴，吃多了嘴巴疼,
玉米片超好吃啊啊啊就是费嘴巴，吃多了嘴巴疼,
好想吃啊,
阿巴阿巴阿巴阿巴馋死我了,
aaa好饿,
炸鸡解辣...,
炸鸡解辣...,
想吃又不敢吃的狗子,
想吃又不敢吃的狗子,
感觉有酱的那个好好吃 又是辣的,
机位好多,
馋了馋了,
馋哭了,
太饿了,
啊啊啊啊好想吃,
我正在吃炸鸡,
我正在吃炸鸡,
炸酱 ：每次吃好吃的都没我的分,
啊啊啊啊啊啊啊看着好好吃,
馋死了,
姐姐吃酱好废薯片哈哈哈哈,
脆骨馋哭我,
我好饿,
我一直以为那是鸡头,
喝可乐他不香吗？,
秘制小汉堡,
原来是小香肠,
山顶洞人馋疯了,
好香呀,
饿饿饿,
想吃啊,
炸鸡里的不是年糕是小香肠，这个也不是薯片是玉米片,
炸鸡里的不是年糕是小香肠，这个也不是薯片是玉米片,
炸鸡里的不是年糕是小香肠，这个也不是薯片是玉米片,
炸鸡里的不是年糕是小香肠，这个也不是薯片是玉米片,
炸鸡里的不是年糕是小香肠，这个也不是薯片是玉米片,
薯片吗那个是,
世界上哪有那么多吃不胖的，高卡路里自然用强消耗量健身啊,
我真的好饿,
我正在等待鸡肉的到来,
居然还有薯片,
手里的方便面突然不香了,
手里的方便面突然不香了,
饿！饿！饿！曲项向天歌！,
我也想这样，用炸鸡把自己供起来,
我也想这样，用炸鸡把自己供起来,
韩国这一份炸鸡贵吗，国内卖得还挺贵的呢,
韩国这一份炸鸡贵吗，国内卖得还挺贵的呢,
想吃百利家了,
好吃我也在韩国吃了,
韩国买炸鸡都送这个萝卜,
韩国买炸鸡都送这个萝卜,
那是香肠吧应该,
薯片片:姐姐我呢我呢,
太香了了了了了了了了了了了了了了了了了了了了,
那是章鱼,
好想吃啊,
饿饿饿饿饿饿死了,
平顶山人馋疯了,
馋哭了,
只是放多了几个摄像头,
woc，太香了吧,
中华城的thank u mom炸鸡配的萝卜丁超好吃！！！,
中华城的thank u mom炸鸡配的萝卜丁超好吃！！！,
中华城的thank u mom炸鸡配的萝卜丁超好吃！！！,
饿死了,
 饿了饿了饿了,
为什么炸鸡没有蘸酱？,
为什么炸鸡没有蘸酱？,
为什么炸鸡没有蘸酱呢,
为什么炸鸡没有蘸酱呢,
0:0冲鸭,
去韩国第一时间绝对吃炸鸡！！,
去韩国第一时间绝对吃炸鸡！！,
刚刚下单买了七包火鸡面  有五块钱的运费 5555555,
刚刚下单买了七包火鸡面  有五块钱的运费 5555555,
热量爆炸啊,
怎么感觉韩国炸鸡好吃一些,
怎么感觉韩国炸鸡好吃一些,
怎么感觉韩国炸鸡好吃一些,
假高能好多啊。。,
天呐，感觉好好吃,
谢谢姐姐在我减肥期间给我埋下了许多想吃的愿望种子,
谢谢姐姐在我减肥期间给我埋下了许多想吃的愿望种子,
北京也好馋,
想吃,
好吃,
多罗西那是活该,
饿狗咆哮,
看到玉米片，我想到了showtime的D.O,
又是一个伴随饿意入睡的夜晚,
哪来这么多钱，天天吃这么好,
老八秘制小汉堡,
国内甜辣炸鸡就不舍得抹这么多酱,
国内甜辣炸鸡就不舍得抹这么多酱,
国内甜辣炸鸡就不舍得抹这么多酱,
炸鸡不香吗，为什么他们要去吃蝙蝠？,
炸鸡不香吗，为什么他们要去吃蝙蝠？,
炸鸡不香吗，为什么他们要去吃蝙蝠？,
能不能吃下那个薯片!!,
啊啊啊啊想吃,
我也想薯片,
脆骨好想吃啊啊啊啊,
秘制小汉堡,
啊啊啊饿了,
蝙蝠肯定比这个香，不知道吃蝙蝠的那个人是怎么想的QAQ,
襄阳的多怎么啦？,
鸡骨头狗狗是不能吃的哦，鸡骨头很硬，会刺破喉咙的,
这要是我家狗就去闻鸡骨头了，都不敢往地上扔东西,
好想吃,
饿gui投胎一样哈哈,
我好饿,
好饿啊~~,
那不是原味，是芝士味的，好馋,
饿啊饿啊饿啊饿啊饿啊饿啊饿啊,
薯片沾芝士酱就变成了芝士薯片,
河北的我要饿死了,
热量超高,
啊...这块鸡皮是我的,
为啥我们这里没有这种好吃的,
这回得多给点,
好香,
好吃,
湖北武汉馋哭了,
墨西哥玉米片,
手里的酸辣粉突然不香了,
原味炸鸡脆骨！,
原味炸鸡脆骨！,
狗吃鸡鸭骨头很容易扎伤食道。说能吃的那个你真的不是个尽责的主人,
狗吃鸡鸭骨头很容易扎伤食道。说能吃的那个你真的不是个尽责的主人,
完了我不记得炸鸡的味道了,
完了我不记得炸鸡的味道了,
好吃吗？什么味道的？,
我也想吃辣的炸鸡,
我也想吃辣的炸鸡,
我也想吃辣的炸鸡,
猪肉脯的那位又看见你了,
我太馋了,
可口可乐天下第一(づ ●─● )づ,
边吃炸鸡边看,
边吃炸鸡边看,
淦好饿啊！！！！！,
我      饿      了  ！,
我还是喜欢大蒜酱油的炸鸡,
我还是喜欢大蒜酱油的炸鸡,
我还是喜欢大蒜酱油的炸鸡,
想吃,
这么辣配饭肯定好吃,
奶酪面包突然不香了,
好想吃炸鸡……啊……,
好想吃炸鸡……啊……,
好想吃炸鸡……啊……,
炸酱馋晕了,
  我也想吃,
鸡骨头容易卡喉咙,
天津的饿没了,
天津的快饿死了,
这要是我家的好吃狗能够得着的都吃了，都不敢把垃圾扔地上,
我有多久没吃炸鸡了,
我有多久没吃炸鸡了,
我有多久没吃炸鸡了,
姐姐说的是：好辣（看多韩剧都知道了哈哈哈,
好饿啊,
山东人馋哭了,
好喜欢这种利索吃饭话不多的吃播,
啊我饿了,
馋死我了,
手中的馒头突然不香了,
我想尝尝薯片,
好酥想吃,
炸酱：眼不见！心不馋！眼不见！心不馋！,
那么多机位 是有团队哈,
我一定要吃汉堡和炸鸡,
我一定要吃汉堡和炸鸡,
我一定要吃汉堡和炸鸡,
看着真好吃,
佛山，从一月多到现在就去过两趟楼下便利店，今天3.13,
章鱼小香肠 我馋死了,
章鱼小香肠 我馋死了,
章鱼小香肠 我馋死了,
要不是因为一只蝙蝠 我也不会因为吃不了 来看这么香的吃播,
姐姐喝口可乐吧我快馋死了,
我正在吃炸鸡已经吃不动了！！,
我正在吃炸鸡已经吃不动了！！,
湖北人太馋了,
切成章鱼样子的小香肠,
切成章鱼样子的小香肠,
桃酥突然就不香了,
疫情快结束了！忍忍！马上可以出门吃炸鸡了,
疫情快结束了！忍忍！马上可以出门吃炸鸡了,
好想吃这个！！！,
这炸鸡！这声音！我没了啊啊啊啊,
这炸鸡！这声音！我没了啊啊啊啊,
我真的不行了 快两个月了 炸鸡是什么味？,
我真的不行了 快两个月了 炸鸡是什么味？,
襄阳➕1 给我馋哭了,
好想吃呜呜呜,
太香了,
我已经整整两个月没吃过炸鸡了,
我已经整整两个月没吃过炸鸡了,
很好吃的亚子,
我好饿,
想吃呜呜呜呜,
好馋啊,
好馋啊,
炸鸡烧酒绝配啊,
炸鸡烧酒绝配啊,
饿死我了,
百事冲鸭！！！,
疯狂想吃这个辣味的炸鸡,
疯狂想吃这个辣味的炸鸡,
疯狂想吃这个辣味的炸鸡,
这家伙把我饿的,
火鸡酱？,
饿死了我要馋死了,
饿死了我要馋死了,
好想吃薯片啊啊啊啊啊,
好想吃薯片啊啊啊啊啊,
想吃薯片啊,
想吃薯片啊,
就喜欢这种话不多，直接上嘴,
我在吃鸡腿我不怕 哈哈,
我在吃鸡腿我不怕 哈哈,
我也好想吃呀,
我好馋呀,
湖北咸宁的我还没解封 我要吃炸鸡呜呜呜呜,
湖北咸宁的我还没解封 我要吃炸鸡呜呜呜呜,
馋哭隔壁小孩了,
我好饿啊啊啊啊,
真香啊啊啊啊,
好饿啊啊啊啊啊,
好多机位呀,
好饿,
我太馋啦,
我哭了，饿了，太香了吧,
我哭了，饿了，太香了吧,
这几天一直吃炸鸡，太爽了！,
这几天一直吃炸鸡，太爽了！,
感觉好脆啊好馋啊,
馋哭了,
妈呀！太好吃了！,
炸鸡是什么味道,
炸鸡是什么味道,
为什么一直不吃薯片,
想吃、、、、,
哭了 馋死我了,
啊啊啊啊啊啊啊我要疯了好想吃啊啊啊啊,
好馋啊啊啊啊啊啊啊啊,
啊啊啊啊啊啊我好馋啊啊啊啊啊,
好饿好饿好饿,
吃这多香，憨憨，干啥要吃野味,
吃这多香，憨憨，干啥要吃野味,
看着就想吃，好饿呜呜呜,
看着就想吃，好饿呜呜呜,
姐姐吃得真的太香了,
我饿了！！,
老八秘制小汉堡,
馋哭了,
饿了,
不是鸡冠应该是炸的小香肠吧？切成八爪鱼了,
不是鸡冠应该是炸的小香肠吧？切成八爪鱼了,
不是鸡冠应该是炸的小香肠吧？切成八爪鱼了,
已馋哭,
他面前有多少个摄像机,
太香了,
我的天，这个姐姐吃脆骨！我看的好多韩国吃播都不吃脆骨,
河南的快饿死了,
河南人民在家快饿哭了,
正在吃的饺子突然不香了,
薯片好好吃的样子,
薯片好好吃的样子,
襄阳的馋哭了,
我好想吃啊！！！！！！,
吃香可能不够优雅，但是很下饭！！很真实！,
被遗忘的薯片,
胃疼的我好想吃,
买个童子鸡吃了两个腿我就吃不下了，腻得荒，真佩服你们,
啊啊啊啊啊哭了好想吃,
刚刚订了肯德基 饿了,
我好馋好馋好馋好馋好馋好馋,
看起来贼好吃啊,
韩国炸鸡好棒啊，希望中国也有,
韩国炸鸡好棒啊，希望中国也有,
下单玉米片,
这不比蝙蝠香？,
我也是姨妈期间看什么都想吃,
加上玉米脆片啊,
好想吃,
居然还有鸡胗,
鱼骨头抢着吃那种，三年了就这么吃过来了，中型犬,
你们可能想不到，我家狗连鱼骨头都吃,
为什么还不吃薯片啊啊啊啊,
饿着肚子看小姐姐，疯了啊啊啊啊啊,
我太馋了！,
狗子都不馋的？,
我好饿啊啊啊啊啊,
我好饿,
我好饿,
好想吃啊啊啊，我爸不让点外卖，我都快忘了炸鸡是啥味道的了啊啊啊啊啊啊啊,
好想吃啊啊啊，我爸不让点外卖，我都快忘了炸鸡是啥味道的了啊啊啊啊啊啊啊,
好想吃啊啊啊，我爸不让点外卖，我都快忘了炸鸡是啥味道的了啊啊啊啊啊啊啊,
我是真的饿了,
这个看起来好好吃,
青岛减肥的也馋疯了,
一日三餐没烦恼，今天就吃六舅秘制小汉堡,
饿了,
草狗就没这么多讲究，有啥吃啥,
哈哈哈哈啊哈不管看多少遍还是觉得好搞笑,
帮你拍的人他不馋吗？？,
武汉人民什么时候才能吃到炸鸡啊,
武汉人民什么时候才能吃到炸鸡啊,
郑州人馋疯了,
showtime的我也是！D.O.喜欢的玉米片哈哈哈,
这是白酒吗？多少度的？,
天哪我好想吃,
在座的各位多久没点外卖了,
嘴中的瓜子突然不香了,
刚吃完又饿了,
感觉好好吃,
武汉人民馋哭了,
看了好多遍狗狗狂吠哈哈哈哈哈,
天呐！我仿佛闻到了香味,
这个酱太诱人,
炸鸡里有年糕就算了，薯片还有蘸酱，太气人了，哇哇大哭,
炸鸡里有年糕就算了，薯片还有蘸酱，太气人了，哇哇大哭,
炸鸡里有年糕就算了，薯片还有蘸酱，太气人了，哇哇大哭,
这也太香了吧,
吃啥不好吃蝙蝠。。我哭了，好久没吃到外卖了,
吃啥不好吃蝙蝠。。我哭了，好久没吃到外卖了,
基本上这个汉堡下去我就饱了，xmsl，能吃不胖,
屁话真多,
小朋友，你是否有很多问号？,
好饿好饿啊,
好饿好饿,
倒着刮多好,
饿了,
哇啊啊啊啊好想吃,
巧克力,
她真的超爱马卡龙和巧克力,
好吃,
好吃,
投诉纸甲油不是蓝色,
我还没吃过马卡龙我好想吃呜呜呜,
比利时巧克力和坚果,
吐痰,
我一年都吃不了这么多巧克力……羡慕她的牙,
我一年都吃不了这么多巧克力……羡慕她的牙,
话好多啊，快开始吧,
呕呕呕,
嫌话多的可以不看,
色素真好吃,
这一大口得多妈妈,
好好吃的样子,
话好多,
每次吃巧克力都上头哈哈哈,
指甲里老多细菌……,
我也好想吃,
上香,
我承认我想吃,
太香了,
蓝色太香了,
好想吃,
 上香 上香 上香 上香 上香 上香 上香 上香 上香 上香,
上香,
里面是巧克力啊啊啊,
我想吃这个，，,
好想吃,
话怎么那么多？？,
好好吃的感jio,
啦啦啦啦啦啦我是小行家大哒哒哒哒哒哒哒哒哒哒哒哒哒哒哒哒哒哒哒哒哒哒哒哒哒哒哒哒哒哒哒哒哒哒哒哒哒哒哒哒哒哒哒哒哒哒哒追究鸽子阿猪猪我就要打败他嗨,
巧克力!!!!!!,
巧克力吧,
上香,
想吃那个发光的钻石和马卡龙啊啊啊啊啊,
真的好想吃,
饿了,
看她吃我想吐,
看得我想吐,
这么大块巧克力,
马卡龙酥软 绝对不是酣甜 巧克力味的甚至是苦的 味道真的刺激味蕾 酣甜的饼干口感的是不正宗的,
别刷糖尿病了！！！！每个吃甜品的视频都有刷糖尿病的！就算有糖尿病跟你们没多大关系！！！,
嫌话多的可以跳过,
闲话多的可以跳过啊,
上香,
看起来好好吃！！,
上香,
上香,
上香,
上香,
上香,
上香,
饿了,
次多了不健康啊心疼,
好馋,
为什么上香啊,
上香,
上香,
上香,
突然觉得好想吃,
看饿了。,
上香上香,
哎呀妈呀真香,
想吃那个钻石,
馋死我辽~,
我想吐,
感觉好好吃,
他吃这么多色素，会不会拉出的粑粑也是蓝色的,
马卡龙超级甜上次吃过一个就不想吃第二个了c,
马卡龙看起来好好吃,
好想吃,
上香,
她开厂的话好多,
好想吃啊啊啊啊啊啊啊,
吃这么多甜食他的牙不疼吗,
腋下涂上香香滴,
上香,
饿,
上啥香？,
给她上香！！！让她糊！！！,
吐了，rh狗,
这个本来就很好吃啊啊啊,
啊啊啊啊啊啊我太想吃了！！！,
上香,
上香,
砸，瓦鲁多。。。。乱入,
想吃马卡龙,
好想吃aaa,
好想吃这个马卡龙啊啊啊啊啊,
马卡龙便宜的齁甜，贵的好吃,
你是傻吗，自己没看见有这么多大活人？,
上香,
她说好好吃，看着就齁,
看着好好吃,
一看就很好吃,
好饿,
好饿啊,
热量炸弹！！！！！！！！！！！！！！！！！！！！！！！！！！！！！！！！！！！！！！！！！！！,
忽然好想吃啊,
这姐一吃巧克力就上头哈哈哈,
上香,
看起来还好吃的样子,
好想吃,
好饿,
钻石应该也是巧克力,
姐姐一吃巧克力整个人都飘了哈哈哈,
AAA我也想吃！,
有点好吃。,
感觉她要吐了,
饿饿饿饿饿，饿死我了,
想吃想吃,
比利时巧克力,
快点变蓝鸭～～～,
大家一起拒绝她！上香,
好好吃,
现在是2020年6月19日，时空警察来上香了,
看起来好好吃啊,
觉得不能吃的点进来见世面？土鸡不要发弹幕了好吗？无语,
好吃的感觉,
感觉好香,
这糖分和热量估计是很多人一个月的量,
这糖分和热量估计是很多人一个月的量,
热量爆炸,
为啥有人吃个马卡龙还有优越感 除非你去法国吃 不然大多都不正宗好吧 谁还买不起马卡龙了？,
巧克力配翻糖 我靠太狠了,
上香,
好想吃,
巧克力吗,
上香,
吐痰,
馋......,
上香干嘛，这又不是本人,
上香,
饿了,
哎哟总之就是说要吃很多东西嘛,
太好吃了,
上香,
上香,
好想吃,
上香,
上香上香上香上香上香上香上香,
…我真的有点无语 这姐吃个巧克力一堆人在这里夸厉害 是不吃糖还吃出优越感了吗,
好好吃,
看着就好吃啊,
上香上香上香上香上香上香,
上香,
我饿了,
就好像你们吃完薯片不嘬一下手指一样,
嫌话多的快进啊,
馋了谢谢,
你知不知道进度条这个东西，觉得话多你跳过不就好了？,
上香,
巧克力,
我饿了,
想吃马卡龙,
好好吃感觉,
我寻思人家吃点啥就发表自己感受的是给你吃了？多管闲事真好玩,
想吃omg ,
想吃,
好吃吗,
我饿了,
想吃......,
想吃啊啊啊啊,
好吃就先翻一下白眼，然后再扭动一下身体嘴角，不自觉地往上扬。,
好吃的翻白眼拉拉拉拉拉拉拉拉拉拉拉拉拉拉拉拉拉拉拉。,
巧克力？厉害,
饿了,
2020年还有人认为吃糖太多会得糖尿病,
多谢前辈提醒耳机党（跪）,
我想吃这个！！！,
我饿了,
全是巧克力也太狠了叭,
我去，全部都是巧克力,
真的好好吃的样子qquq,
不是吃糖过多会得糖尿病，而是糖尿病不能吃糖过多,
想吃,
想吃,
我想吃 给我来一口吧,
我饿了,
蓝色眼影盘是全场焦点秒杀所有巧克力和糖果。,
我想问问，她吃这么多的不腻嘛,
我现在超级饿所以我要嗑饮尿，然后吃了这些蕾姆色的东东（狗头保命）,
想吃鸭,
想吃鸭,
好想吃啊啊啊啊,
看着就好吃,
这个巧克力好像非常甜，个人不太喜欢,
饿了,
巧克力！爱死了！！,
依旧是想吃awa,
哇这个我好想吃欸awa（流口水）,
想吃awa,
巧克力本身是无糖的,
啊啊啊好想吃,
这个杯子好好吃的感觉,
看饿了,
·。。。。。。。。想吃,
啊，想吃啊,
巧克力！！！！,
钻石巧克力,
一百多就这么吃了,
好吃的,
馋了馋了,
小朋友你是否有很多问号？,
楂：巧克力！！！,
一型糖尿病是先天的 是因为胰腺无法分泌出胰岛素好吧 肥胖只会引发二型糖尿病 这些和吃糖吃多了都没关系,
好想吃啊啊啊啊啊啊啊啊啊啊啊啊啊啊啊啊啊啊啊啊啊啊啊啊啊啊啊啊啊啊啊啊啊啊啊啊啊啊啊啊啊啊啊啊啊啊啊啊啊啊啊啊啊啊啊啊啊啊啊啊啊啊啊啊啊啊啊啊啊啊啊啊啊啊啊啊啊啊啊啊啊啊啊啊啊啊啊啊啊啊啊,
为啥我看着没有想吃的感觉,
我饿了,
居然看饿了,
好像蛮好吃的,
香草布丁也太好吃了,
香草布丁也太好吃了,
好想吃,
人真多,
要说多久？,
哎！！我饿了快录视频吧我饿了,
·﹃·我好馋呐,
好吃好吃,
好想吃好想吃,
马卡龙的甜比十分糖的一点点好多了,
我好想吃,
woc那么多没脑子一样，粉笔土豆笑死了，多读点书再回来bb,
哇哦前面说马卡龙的，你多花点钱就可以感受到马卡龙外面的脆和里面的绵软。,
这些东西很多是她自己做的,
好吃好吃,
好吃好吃真好吃,
应该和皮蛋的口感差不多,
白巧克力吧,
嘛好好吃,
好吃极了,
那个说人家话多的，动动手指快进会累死你？,
#Bqnq好想吃,
我想吃,
这是巧克力！,
这要做出来得花多大精力啊,
巧克力现成的 翻糖也现成的材料 不要说自己把控糖量了 就是吃糖太狠了,
巧克力加翻糖 太狠了,
巧克力加翻糖 妈啊！甜腻到死了,
巧克力和翻糖 前面说自己把控量的 这怎么把控？,
想吃……,
巧克力,
我在想吃的这些色素会不会排出来也是蓝的,
giao我想吃巧克力了,
giao我想吃巧克力了,
凌晨三点半，看饿了,
感觉真的好好吃！！,
色素也太多了趴,
终于看到姐姐弹幕多的视频了,
锤子个奶酪 香草布丁果冻,
比利时巧克力,
想吃刨冰了,
多可爱哪里做作了？这还有人喷？真无语,
多可爱了哪里做作了？这还有人喷真是无语,
我好想吃,
嫌弃她话多那就给爷滚出去,
看得我牙隐隐作痛，但我馋哭了,
感觉好好吃！,
好吃的马卡龙真的很好吃！不甜。很多做的都不好吃。,
好吃的马卡龙真的很好吃！不甜。很多做的都不好吃。,
好吃的马卡龙真的很好吃！不甜。很多做的都不好吃。,
想吃！,
好饿啊！,
好吃,
香草布丁,
香草布丁,
真正的马卡龙是很甜的，拜托不要误导别人，这是过去为了吃下午茶时多聊一会(因为太甜了需要配咖啡慢慢吃),
哈哈哈哈哈哈哈哈哈哈哈笑吐了原来是头发我说那么大块喉结,
看的我又困又饿,
会拉出来。。我以前吃过深蓝色奶油的蛋糕所以emm...,
好想吃,
话真多,
我觉得蓝色并没有降低食欲，我还是好想吃,
因为是配茶吃的所以很甜，中国也有很多茶点齁甜，因为茶苦qwq,
这么多，不齁吗,
我买的马卡龙很好吃呀，十块钱一个有点心疼QAQ,
想吃呜呜呜呜,
油乎乎的唇妆……,
我……饿了,
啊啊啊我想吃马卡龙,
这个看起来好好吃,
我想吃杯子,
好吃到翻白眼,
她一喊：鸡你太美。咱就团灭了,
巧克力！,
巧克力啊,
不可能一下吃这么多的,
我好饿,
个人感觉如果是奶酪的话应该会很好吃,
巧克力？！,
真怕她吃太多色素变阿凡达,
好吃吗,
我饿了,
里面是巧克力,
吃完多运动消化能量就没有什么问题,
居然把我看饿了,
这声音就是巧克力啊,
我想吃马卡龙,
艾玛，看饿了，手里的辣条它不香了。。。,
艾玛，看饿了，手里的辣条它不香了。。。,
巧克力？,
我去巧克力啊热量这么高,
我去巧克力啊热量这么高,
这种材料的事物都很好吃,
这个一定很好吃,
好想吃...,
好想吃,
好想吃,
好想吃,
好想吃,
饿了,
好想吃,
好想吃,
这个刮的声音！我鸡皮疙瘩起来了！,
想吃那个bulingbuling的钻石,
话多的那个自己出去，刷什么存在感？,
应该不大好吃  辛苦了,
土耳其的这种果仁巧克力巨好吃，一吃就停不下来了，,
土耳其的这种果仁巧克力巨好吃，一吃就停不下来了，,
小姐姐吃这个的时候，手里的可乐忽然不香了,
我在教室里看这个，老师见了都馋哭了,
我在公交车上看这个，旁边的小孩都馋哭了,
我看这个视频的时候，手里的可乐忽然不香了,
这个超好吃！！！,
黄鸭,
手里的香飘飘奶茶顿时不香了,
不要信这个糖这个糖是打虫药一点都不好吃,
不要信这个糖这个糖是打虫药一点都不好吃,
他们吃这么多呀肯定和牙医是好朋友,
手里的源石突然不香了,
抱抱猪！,
大半夜看的我饿死了呜呜呜,
吃这么多糖不会腻吗？,
这个感觉好好吃呀,
想吃,
看到了好多剪辑啊，不过不管吃没吃，听得只是咀嚼音，不吃也行太多糖了，健康第一啊,
果冻球好吃吗？,
怎么那么多Ky和小学生啊？,
怎么那么多ky和小学生呀！,
妈妈我想吃果冻。吃大块的两块够吗？够啦谢谢妈妈妈妈真好,
看他吃这好香啊！！！！！！！！！！！！！！！！！！！！！,
我也想吃,
隔壁小孩又双被馋哭了,
好多东西,
心地：世一下一个七一斤多少口水,
我想吃了,
最左边那个我吃过！很甜，但是个人感觉挺好吃的,
好吃好吃好吃好吃好吃好吃,
蛋白糖超级好吃,
我弟弟超级想吃他看得懂叫口口,
弹幕怎么这么多ky和小学生。。。,
这么点就糖尿病了？我吃的比她还多,
掉了好多呢,
看起来很好吃。,
一条一条那个看起来好吃,
哎，那么多神奇战队！,
  多多吃糖牙掉光光,
其实琥玻糖不咋好吃,
饿了……,
别馋我们了,
那麼多色素,
边伯贤用实际行动告诉我们好看的糖不好吃,
边伯贤用实际行动告诉我们好看的糖不好吃,
甜口的我太馋了,
没咽 剪辑应该都吐了 没有糖尿病风险吧,
这个超好吃,
看完手里的六个核弹突然不香了,
看完手里的六个核弹突然不香了,
都好想吃哦,
又困又馋，太会了,
感觉有好多色素,
想吃,
迅速嚼了一颗口香糖,
我也想要那么多东西 ,
看得我都饿了,
热热热饿热热呃呃呃呃呃呃,
好想吃抱包住,
是巧克力彩针啦,
这个买过！超好吃，但是忘了在哪买的了,
我肚子饿了,
我也想吃,
我也想吃,
超级想吃啊啊啊,
想吃,
想吃,
武汉加油,
手里的旺仔牛逼糖不香了,
手里的旺仔牛逼糖不香了,
不饿吗,
糖尿病不是糖分摄入过多导致的 一群连初中都没到的小学生,
我觉得那个人吃的东西很像。是用奶油做的，等他干了就会做成了。发个奶油等他干了才会做成的。,
好馋，好想吃,
好馋，好想吃,
手里的冰棒，不然感觉不香了,
蛋白糖真没吃过，好馋,
艾玛真香,
我超想吃蛋白糖的哇,
这个小球糖好吃！！,
果然屏蔽了关键词以后，弹幕清爽了很多诶,
牙好白，吃那么多糖都不会蛀牙,
馋死人了。,
好想吃,
油炸果冻,
好吃哎,
手边的棒棒糖为啥一点都不香？,
我看得都想吃了，这些全部都是什么呀，你们说呀，你们这些发信息给他的说呀。,
好想吃啊,
啊啊啊啊就好好吃的样子。,
宝塔糖个屁，这是蛋白糖，这么多人说还宝塔糖宝塔糖,
手里的馒头不香了,
油炸,
我太馋了,
好香啊,
我吃过很好吃,
太佩服了，热量爆炸，减肥可不容易,
现在什么时候了？竟然还有人说吃糖会得糖尿病！？中学上过没？我只知道吃糖多了会蛀牙，还从来没听说会得糖尿病呢，你们还真的是让我大开眼界呢,
手里的棒棒糖突然就不香了,
这个超好吃！,
被你们说的每个都想吃,
饿饿饿饿饿～～～～～～～,
饿饿饿饿饿～～～～～～～～,
饿饿饿饿饿饿饿饿饿饿饿饿饿饿饿饿饿饿饿饿饿饿饿～～～～～～～～～～～～～～～～～～～～～～～,
天哪本人好想吃,
感觉太好吃了，我吃完敷在烫的泡谷种,
吃这么多牙不疼的吗？,
看着感觉好腻哦 不过还是很想吃,
好想吃,
啊，那个奶油一样的好吃,
啊，那个奶油一样的好吃,
好想吃,
感觉手里的螃蟹不香了,
感觉手里的螃蟹不香了,
刚吃完饭的我又饿了,
蛋白糖我想吃,
好想吃啊,
花塔糖！这个超好吃,
让他吞吞吐吐空间看看。，6660 ,
糖尿病又不是糖吃多了,
好吃么,
有人想吃吗我想吃！,
为什么吃这么多不胖？人家可是锻炼的OK？像你这种只吃不动的不胖才有鬼,
2020年了底部的智障白字还以为糖尿病是糖多吃出来的吗,
疆场对啊，你刚才你说好想吃，你那里面说姜汤哈哈哈哈哈哈哈哈呵呵呵呵，呵呵呵呵呵呵呵，嗯嗯。,
想吃那块硬硬的奶脆脆的奶油。,
想吃那块硬硬的奶脆脆的奶油。,
快吃完了，都不给我们吃了特想吃了。,
快吃完了，好想吃。,
都流口水了想吃想吃，想吃，想吃想吃，想吃，想吃，想吃，想吃，想吃，想吃，想吃，想吃，想吃，想吃，想吃，想吃，想吃，想吃，想吃，想吃，想吃想吃，想吃想吃。,
为什么吃那么多糖，牙齿还很白？,
想吃,
太多糖了，牙齿受不了，颜色好看,
想吃。,
好想吃,
这个到底是什么糖呀？我都快馋哭了。,
隔壁家小孩看见了馋哭了囍,
手里的零食突然不香了，。,
看起来好好吃的样子,
蛋白糖超级好吃啊啊啊,
这种超级好吃,
介个！介个看起来好好吃,
琥珀糖好吃吗！！！,
我好想吃啊。看起来好好吃,
我好想吃啊。看起来好好吃,
介个糖一直想吃,
这是什么糖?!好想吃,
琥珀糖我好想吃啊啊啊啊,
看着好好吃,
油炸耳朵,
感觉会很好吃,
我的馋人了。,
好好吃的亚子,
手里的曲奇备饼干突然不香了,
色素美食,
手里的酸奶突然就不香了,
这个看起来好好吃啊，是每个颜色不同口味嘛,
哇，好多反光板,
我的天我馋了,
你是不是想多吃点？多吃点，就一个一个吃,
好想吃,
我也好想吃,
看着好好吃,
好想吃,
感觉这个蛋白糖霜会很好吃的亚子,
饿到不行的我看向了QQ糖⋯⋯,
太想吃了,
小孩馋哭了,
人家吃多少糖你管得着吗？,
好想吃那个爆爆珠啊，看饿了,
好想吃那个爆爆珠啊，看饿了,
这个正方形的是巧克力吧！,
不太好吃……特别甜,
好好吃,
那些说吃糖多得糖尿病的你怕是没学过生物,
琥珀糖里面全是果冻，超好吃的,
吞咽都没有，希望妹子是吐掉了，吃多了对身体不好,
吞咽都没有，希望妹子是吐掉了，吃多了对身体不好,
啊啊啊啊好想吃,
啊啊啊啊好想吃,
唉，你们差不多得啦！,
我饿了,
好馋,
我什么都想吃,
饿了，企可修,
啊啊啊啊啊啊啊好想吃,
想吃,
好好吃的样子，但是我认为太甜了,
好想吃,
我馋了我馋了我馋了我馋了我馋了我馋了我馋了我馋了,
我吃太多果冻会有点想吐,
我吃太多果冻会有点想吐,
作为一个不长蛀牙但是吃太多糖就会牙疼的人，我表示看别人吃甜的东西很开森,
好想吃介个,
糖当饭吃，多少小孩子的梦想,
我也想吃,
我一点都不想吃但是我好喜欢看啊,
泡芙一样那个是蛋白糖，不太好吃。。,
好饿啊,
好饿,
这很好吃,
我也想吃糖果。,
我都吃过都超超超超超超好吃,
你看着都不行了，太想吃了！！！,
手里的旺旺小馒头突然不香了ww,
怎么还有傻子认为得吃糖多就会得糖尿病,
好想吃辣条,
这啥啊好想吃,
想吃泡泡糖了啊啊啊啊,
我看了这么多 就这个吃完了,
我想吃旁边那个小泡芙一样的。,
我jiao那种长条条小碎碎不咋好吃,
蛋白糖是真好吃,
蛋白糖沾淡奶油绝配,
感觉好好吃啊！,
天，好想吃啊,
实不相瞒，我想吃那个珍珠,
嫌色素多就别看,
这个糖。。。不太好吃的,
大晚上的看，馋哭我了,
这个好像是五角钱一个挺好吃的很甜老甜了,
吃这么多糖会不会爆痘啊,
吃太多甜食对身体不好,
隔壁家的小孩都馋哭了,
我居然饿了,
感觉好好吃,
好好看啊好想吃,
蛋白糖好吃,
好想吃(✪▽✪),
完蛋了我从想吃炸鸡到想吃泡面现在又开始想吃软糖了,
完蛋了我从想吃炸鸡到想吃泡面现在又开始想吃软糖了,
完蛋了我从想吃炸鸡到想吃泡面现在又开始想吃软糖了,
这个果冻球贼好吃,
特想吃,
搞得我也好想吃东西,
好吃好吃太好吃了美味啊我爱了爱了爱了,
姐姐会得糖尿病吗，我怎么感觉他吃了太多糖,
辱h的人真恶心,
想吃这个梳子,
饿了,
那都好，就是话多,
很多美食,
很多美食,
我们有许多紫色的食物,
第一次恰这个马桶橛子，太香啦,
色素好多啊 担心姐姐的身体诶,
我也想吃。,
看上去很好吃,
今天的不太好吃。。,
羡慕吃那么多甜，牙齿还那么好,
对身体有很多好处的哦,
它很好吃，可以放在水里泡着喝,
开始口吐芬芳,
哈哈哈笑出猪叫声。,
上香,
想吃了…,
好吃吗？,
不是很甜，每个都很好吃。,
上香上香上香上香上香上香上香上香上香上香上香上香上香上香上香上香上香上香上香上香,
上香,
不是说了吗，是口香糖啊,
上香,
胖了好多,
老了好多，看来真的要戒糖啊,
真香定语警告,
上香,
真的胖了好多,
姐姐胖了好多啊,
好想吃。,
色素放多了变成黑色了。,
上香,
看着看着手上的物理书突然不香了,
上香,
我看饿了,
说的没错啊.糖吃多了容易老也对脑子不好,
上香,
太好吃惹！,
怀疑东西掉下去，翻车翻多了hhhhhhhhhh,
第一次吃这么多,
油管是撒,
现在斗鱼虎牙这种助眠的都不让播了,
上香,
介个是口香糖,
上香,
上香,
我第一次没感觉到饿但快睡过去了,
老八：老妹这个专用业的东西在哪里可以买到鸭,
上香,
人家爱吃几口吃几口  前面你管人这么多,
想吃这个蝴蝶,
马桶搋子好好吃,
想吃,
哇好想吃这个果冻,
我三更半夜饿死,
艾玛真香,
上香,
我是邓紫棋，我会唱工资乐喝，只有我自己玩的吐吐才可以赢，这是一口气哦，你能遇上我。,
我是小孩子，但是我觉得你好可爱呀，我也想吃这么多好吃的妈妈不给买，我自己也有钱和妈妈不让买，哼。,
我是小孩子，但是我觉得你好可爱呀，我也想吃这么多好吃的妈妈不给买，我自己也有钱和妈妈不让买，哼。,
我是小孩子，但是我觉得你好可爱呀，我也想吃这么多好吃的妈妈不给买，我自己也有钱和妈妈不让买，哼。,
今天晚上的第一口食物（真香）,
谢谢，有被馋到,
糖吃多了对脑子不好啊,
有点担心小姐姐吃那么多色素会不会对身体不好,
催眠？丫的我越看越饿还睡得着【不含讽刺】,
这个是口香糖不能咽的,
上香,
上香,
饿啊啊啊啊啊啊啊,
我在想，那么多的色素，那排遗的时候。。,
我嘴里的口香糖都嚼出了果冻的口感,
上香,
超好吃,
马桶唐里面的粉超级好吃酸酸甜甜,
这个姐姐油管粉丝很多哒！感兴趣的可以去康康！巨可爱哒！,
这个姐姐油管粉丝很多哒！感兴趣的可以去康康！巨可爱哒！,
上香,
 吃这么多糖不会头疼嘛？,
我也想吃这个,
白眼式好吃,
看起来好好吃,
有点想吃,
口香糖啦,
好吃！,
弹幕有很多没素质的，所以看视频还是不开弹幕的好,
她自己做的应该不会放太多糖,
天呐应该有很多人在看吧,
美国人好像很喜欢吃甜的，特别是蛋糕真的放好多糖,
口香糖,
我们有口香糖,
葡萄味的什么都好吃 就是不喜欢吃葡萄 太麻烦了,
什么玩意猪油……,
什么玩意猪油……,
好吃到翻白眼,
想吃x6,
想吃x5,
想吃x4,
想吃x3,
想吃x2,
想吃x2,
啊啊啊啊啊啊啊啊我我好想吃啊啊啊,
我还以为插进去的巧克力呢,
大家去油管上找！姐姐有发过素颜，超可爱！,
我有点想吃,
这么多，吃的完吗？,
我觉得，，吃这么多甜的，会不好受，我吃那么多就要喝水润润嗓子和嘴巴了,
我觉得好好吃,
姐姐不要吃多了甜食啊,
姐姐，色素不要加太多了，不然会翻车的哦,
他们总是嫌up太多话，一直说，你别bb了，赶紧给我吃,
弹幕里好多xxx,
前面的，你在这说糖吃多容易老是什么意思？你应该去医学视频下去发表你的高见,
完蛋，饿了,
肚子里本没有紫色，吃的多了就有紫色,
我特别想吃那个梳子，超级想,
好好吃！,
吃这么多不腻吗,
要素过多,
集美们我也想吃,
胖了好多,
姐姐牙很好的，可能是之前吃太多硬糖太伤牙所以现在不吃了,
想吃！,
秘制小汉堡,
这个视频表情包素材好多，哈哈嗝,
糖吃多皮肤会容易被黄。。。奶茶一个道理 ,
这个真的想吃,
为什么这个视频那么多的素材让我笑,
我想吃这个球,
这世界上本没有紫色，吃得多了就有了紫色,
啊，好想吃呀！,
这哪是嫌弃，看不懂英文吗，明明是太好吃了,
巧克力？？！,
饿辽。。。。,
其实甜食真的不是你想的吃多了就很腻（甜食爱好者在这）,
其实有些人吃甜食多一点不会很腻的,
想吃果冻啊啊啊啊啊,
口香糖,
这啥啊我想吃,
这集是我笑得最多的哈哈哈哈哈,
口香糖,
看表情，感觉不是很好吃,
我的妈鸭跟个小朋友一样好可爱！！！,
好想吃,
好好吃的亚子,
是不是困了鸭,
好吃到摇头,
看起来很好吃,
好想吃好想吃好想吃！！,
好吃到翻白眼哈哈哈,
口香糖这一类的吗？,
好吃吗 好吃就是好马,
好想吃果冻冻,
好想吃果冻,
要是吃到指甲油咋办,
说人家丑的你自己是有多好看呢 仙女下凡吗,
Hello，猪,
这糖小时候也吃过，我小时候到底吃了多少奇奇怪怪的东西,
那么多甜的,
好想吃啊,
啊我好想吃马卡龙,
每次都吃这么多甜的,
猪油...那是唇釉吧...,
猪油...那是唇釉吧...,
吃糖太多确实会老化皮肤 但是一些难听的字眼就不应该说出来 弹幕礼仪还是要记住的呀,
多上撤硕的不要走，先来玩水,
好想吃,
吃太多会上火,
老好吃了,
确实变丑了，吃糖太多,
这个感觉好好吃,
感觉跟冻子差不多,
郭...郭老师吐信子,
这期怎么那么多表情包哈哈哈哈,
甜的吃多了就会胖的吧，嗯不过确实证明她真吃了,
蘸这么多，脸上来没得一点表情，是个狠人啊,
哦操好吃,
马卡龙啊啊啊啊啊我好馋,
可能吃甜品太多了,
她肿了好多 这样子吃身体怎么样,
超想吃这个！,
姐的法令纹深了好多,
可能有点斗鸡眼有的角度,
想吃……,
多上撤硕,
这期翻车太多了哈哈哈好好笑,
这看起来好好吃,
多上撤硕,
大半夜看太饿了,
吃了然后吐,
我寻思也不多啊，有必要假吃吗？我吃完这些估计都不会抱 假吃个屁,
好吃到鼻孔放大,
我的白开水都香了,
有北京的吗？永顺炸鸡！,
有北京的吗？永顺炸鸡！,
越看越饿,
貌似问到了炸鸡的味道？？？？？？？？？？？？？？？？？？？？？？？？？？？？？？？？,
貌似问到了炸鸡的味道？？？？？？？？？？？？？？？？？？？？？？？？？？？？？？？？,
港堡真好吃,
看过看过，感觉吃的好香啊,
我的三个先森到以后也很脆 好馋,
三个先森我也喜欢！！好吃好吃！,
手里的炸鸡依然好吃,
手里的炸鸡依然好吃,
手里的炸鸡依然好吃,
耳朵有问题的多听几遍   不行就看看医生,
绝了，明明一口一个鸡腿还能吃的这么优雅,
绝了，明明一口一个鸡腿还能吃的这么优雅,
吃这么多不会腻吗 ,
我都可以吃这么多,
就是假吃了啊...不是完全假吃，只是实际上没有吃那么多，不然为什么复出之后食量变小了？,
扁桃体发炎看这个 好馋了,
吃个鸡腿而已，怎么就能体现牙齿多好呢，莫名其妙了感觉。。。,
吃个鸡腿而已，怎么就能体现牙齿多好呢，莫名其妙了感觉。。。,
吃个鸡腿而已，怎么就能体现牙齿多好呢，莫名其妙了感觉。。。,
如果这么多假吃，为什么金枪鱼那集她吃的那么腻那么难受，脸上和字幕都名言她吃的不舒服,
如果这么多假吃，为什么金枪鱼那集她吃的那么腻那么难受，脸上和字幕都名言她吃的不舒服,
饿饿饿饿饿饿饿饿饿饿,
卧槽想吃,
我好想吃啊啊啊啊啊啊啊,
好爽我也想吃最近就馋这一口,
好爽我也想吃最近就馋这一口,
看的我好想吃,
想吃炸鸡了,
想吃炸鸡了,
想吃炸鸡了,
这姐的脸是打了多少玻尿酸？,
扔在她吐的垃圾桶里,
我饿了 我来看看,
馋死了啊,
旁边的小孩突然就不香了,
好饿好饿 现在凌晨12点,
三个先森的真的超好吃!,
鸡翅根：就挺突然得,
鸡翅根：就挺突然得,
怀里的女朋友突然就，呃…还是很香的,
看饿了,
上香,
我就不相信密子君没有假吃，没有催吐过,
为毛他们的炸鸡这么酥脆,
为毛他们的炸鸡这么酥脆,
三个先森真的好吃！！,
等我摘下牙套我一定要把炸鸡吃个遍！！！,
等我摘下牙套我一定要把炸鸡吃个遍！！！,
幸亏我拿了一包鸭舌,
好多说假吃的，姐姐已经澄清了，没假吃,
每次要吃完的时候都要卡顿，这是把食物吐掉了？,
管她真吃假吃干嘛。。我看着香就行。。。哈哈哈哈,
我饿了,
嘴里的口水不香了,
饿了，饿了～,
嘴里的旺旺雪饼突然不香了,
好饿好饿,
好吃,
刚吃完四块炸鸡已经撑了的我…,
刚吃完四块炸鸡已经撑了的我…,
饿的我胃疼啊啊啊啊啊啊,
11:12饿死,
孩子真的馋了,
好想吃好想吃,
鸡腿我吃四个就饱了,
鸡腿我吃四个就饱了,
咬几口吐出来那个请问她是吐你嘴里了？,
其实这个吃多了很腻,
鸡腿这样吃才好吃,
鸡腿这样吃才好吃,
鸡腿这样吃才好吃,
饿了,
手指那里是催吐留下的吗,
啊啊啊好想吃,
西安的 叫了只鸡,
怎么老是有人管别人弹幕发什么 管好多,
因为我对那只炸鸡爱得深沉,
因为我对那只炸鸡爱得深沉,
发现鸡皮的时候姐姐眼睛在冒光哈哈哈哈哈哈哈哈哈,
仓鼠的嘴也不大为什么能藏这么多吃的？？？你知道人家嘴多大？,
假吃催吐的体征就是脖子那里会肿胀  看这个姐脖子那里就知道了  而且这个姐已经假吃石锤了  粉丝别洗了  ,
这是腿，不是翅根，因为有鸡饶骨,
好饿啊,
好饿,
看着比我自己吃还香,
在现场，我是下一个鸡腿,
在现场，我是下一个鸡腿,
咕咕炸鸡,
咕咕炸鸡,
我也尝试把手里的炸鸡一口吃掉，结果发现闭不上嘴，又默默拿出来了。。。。。,
我也尝试把手里的炸鸡一口吃掉，结果发现闭不上嘴，又默默拿出来了。。。。。,
没人吊你吃了多咋样，戏多,
我在吃炸鸡,
我在吃炸鸡,
好幸福啊吃这么多炸鸡,
好幸福啊吃这么多炸鸡,
好幸福啊吃这么多炸鸡,
感觉碗里的红烧肉不香了,
是吃了再吐掉么？,
替代强化，我不饿，我不饿,
看到我好想吃耙耙,
我娘 馋死了,
自己吃鸡腿边还看别人吃鸡腿,
自己吃鸡腿边还看别人吃鸡腿,
我方便面拿出来了,
谁家炸鸡声音和萝卜一样啊,
谁家炸鸡声音和萝卜一样啊,
好想吃啊啊啊啊好想吃啊啊啊啊,
叫了只鸡,
姐多喝几杯王老吉,
吃的的很香  流口水,
看的我好饿啊,
让我康康姐姐什么时候吃那个鸡腿,
让我康康姐姐什么时候吃那个鸡腿,
吃这么多不腻吗 还是很好吃的表情,
吃这么多不腻吗 还是很好吃的表情,
感觉鸡腿不是特别大，镜头拉的进而已,
感觉鸡腿不是特别大，镜头拉的进而已,
弹幕有些人，自己不喜欢还非要恶心别人，生活是过的有多苦，嘴才这么臭！,
弹幕有些人，自己不喜欢还非要恶心别人，生活是过的有多苦，嘴才这么臭！,
饿哦饿饿饿饿饿饿饿饿饿,
羞涩一笑，鸡腿没掉,
羞涩一笑，鸡腿没掉,
唯有美食不可辜负,
我买的炸鸡都是...害.一言难尽,
我买的炸鸡都是...害.一言难尽,
ct是催吐的意思,
给我看饿了,
炸鸡我最多三块就腻了哎,
炸鸡我最多三块就腻了哎,
炸鸡我最多三块就腻了哎,
看饿了,
真不戳，鸡腿真不戳,
真不戳，鸡腿真不戳,
真是浪费咬几口就吐出来了,
在韩国两口吃不了一个咋鸡腿是要枪毙的doge,
在韩国两口吃不了一个咋鸡腿是要枪毙的doge,
催吐属实有一手,
姬孝子真多,
周冠宇也想吃,
周冠宇也想吃,
布里斯托哪里的炸鸡好吃,
布里斯托哪里的炸鸡好吃,
布里斯托哪里的炸鸡好吃,
看饿了说,
鸡腿有骨头影响姐的发挥,
鸡腿有骨头影响姐的发挥,
对不起，已经饿死,
看得我又饿又困,
厦门炸鸡求推荐,
厦门炸鸡求推荐,
前面黄芥末那位，真的真的超级好吃,
看得我好饿好想吃啊啊啊啊啊啊,
看得我好饿好想吃啊啊啊啊啊啊,
哈哈姐姐多少有些拿我们当外人了,
吃的好香 ，享受,
手里的牛肉干依然很香,
手里的牛肉干依然很香,
上香,
撒撒炸鸡…,
撒撒炸鸡…,
叫了只炸鸡一般般,
叫了只炸鸡一般般,
嘴里的面包好像变成炸鸡味了,
嘴里的面包好像变成炸鸡味了,
北京炸鸡外卖有和这个差不多的吗！！！！好吃的也行啊！求推荐,
北京炸鸡外卖有和这个差不多的吗！！！！好吃的也行啊！求推荐,
北京炸鸡外卖有和这个差不多的吗！！！！好吃的也行啊！求推荐,
北京炸鸡外卖有和这个差不多的吗！！！！好吃的也行啊！求推荐,
热量等于快乐,
我最多一次吃了4个鸡腿，她怎么吃的那么多,
我最多一次吃了4个鸡腿，她怎么吃的那么多,
我最多一次吃了4个鸡腿，她怎么吃的那么多,
我要饿死啦,
我手上的面包不好吃，哭了,
我手上的面包不好吃，哭了,
想吃但没钱,
救命，我好饿,
啧啧啧，馋了，可惜……只有泡面可以吃了。呜呜呜～,
为什么老是吵来吵去有直播没直播，乐意就看，不乐意就退出，事太多了，本来就是看视频放松一下,
吃到一半之后很多都是吃一半吐掉一半，这只能剪辑,
吃到一半之后很多都是吃一半吐掉一半，这只能剪辑,
差不多饱了,
弹屏事儿是真的挺多,
饿,
我也想能肆无忌惮地大口吃脆皮炸鸡,
我也想能肆无忌惮地大口吃脆皮炸鸡,
好想吃啊啊啊,
我也想吃这么多，可是我三个鸡腿就饱了TT,
我也想吃这么多，可是我三个鸡腿就饱了TT,
我也想吃这么多，可是我三个鸡腿就饱了TT,
我也想吃这么多，可是我三个鸡腿就饱了TT,
催吐石锤l,
饿了,
馋了,
啊，我好饿呀,
刚吃完饭又饿了,
馋啊,
馋4我了,
，馋4,
大晚上看的好饿啊,
你管它是不是假的  只要你喜欢  就别想那么多  又不是找男朋友挑的慌呢你,
吃一个小时歇一个小时 你也可以吃这么多,
你吃的挺香的 我看着也挺馋的,
你吃的挺香的 我看着也挺馋的,
人家是吃播又不是大胃王 管那么多屁干啥 有病,
前面的！！三个大叔是真好吃,
鸡腿上是啥,
鸡腿上是啥,
买五块钱的不香吗？,
手里的炒粉不香了,
鸡皮爱了爱了,
好饿好饿好饿好饿好饿,
我也在吃炸鸡，刚刚吃完最后一块哈哈哈,
我也在吃炸鸡，刚刚吃完最后一块哈哈哈,
我就想去韩国吃炸鸡,
我就想去韩国吃炸鸡,
饿了饿了饿了饿了饿了饿了饿了,
好想吃好想吃好想吃！！！,
好想去韩国吃炸鸡,
好想去韩国吃炸鸡,
这姐吃的太香la,
我饿了。。,
好饿,
馋死我了,
加油加油加油！,
真香,
我也想吃,
"我的天,手里的奥利给瞬间不香了",
饿饿饿,
我只在乎看着吃的香不香，声音是否诱人，其他的无所谓,
我只在乎看着吃的香不香，声音是否诱人，其他的无所谓,
好馋,
吃这么多 锻炼的话也是跑个马拉松吧,
好想吃脆脆的炸鸡啊,
好想吃脆脆的炸鸡啊,
好想吃脆脆的炸鸡啊,
好饿,
看着她吃炸鸡，我默默地开始啃手里的苹果,
看着她吃炸鸡，我默默地开始啃手里的苹果,
我爱炸鸡,
我爱炸鸡,
我也想吃。,
这个很好吃吗？,
我要吃这么多炸的会拉肚子,
好馋,
好香,
为啥想吃案板呀,
炸鸡配萝卜简直一绝。不接受反驳,
炸鸡配萝卜简直一绝。不接受反驳,
仔细看 这个手部在鸡腿伸进去那有个前后剪辑。伸进去出来不需要剪辑吧,
仔细看 这个手部在鸡腿伸进去那有个前后剪辑。伸进去出来不需要剪辑吧,
还好我吃着鸡爪,
我在想，是不是越晚看的人就越多,
饿了,
就馒头太香了,
，弹幕傻子多关掉关掉关掉,
前面说恶心的可以选择滚蛋，没强迫你看,
我要饿死了,
各位不慌，有我陪你们饿着,
在赶作业的我馋哭了,
我也想吃，可我没钱,
太好吃了！,
努力把嘴里的薯片想象成炸鸡,
努力把嘴里的薯片想象成炸鸡,
努力把嘴里的薯片想象成炸鸡,
我饿了,
好饿嗯嗯,
有些弹幕恶心死了，不想看就别看啊，发些人身攻击的东西恶心人,
太香了吧。,
叫了只炸鸡真的超鸡好吃！！！！！！！,
叫了只炸鸡真的超鸡好吃！！！！！！！,
叫了只炸鸡真的超鸡好吃！！！！！！！,
这外卖的名字叫啥？哦，这叫韩式炸鸡。,
这外卖的名字叫啥？哦，这叫韩式炸鸡。,
馋量加倍，声音加败。,
为何我的嘴里常含口水？因为我对这炸鸡爱的深沉！,
为何我的嘴里常含口水？因为我对这炸鸡爱的深沉！,
姐姐好像很喜欢吃鸡腿,
姐姐好像很喜欢吃鸡腿,
救命我流下了炸鸡味地口水哈哈哈哈哈哈哈哈哈,
救命我流下了炸鸡味地口水哈哈哈哈哈哈哈哈哈,
好想吃啊,
啊啊啊啊好想吃,
馋死了,
手中的泡面吃出了炸鸡的逼格,
手中的泡面吃出了炸鸡的逼格,
炸鸡可乐==馋死了,
炸鸡可乐==馋死了,
炸鸡可乐==馋死了,
饿死了,
这得饿了多久？,
这得饿了多久？,
炸过的鸡皮真的超级超级无敌香！！,
炸过的鸡皮真的超级超级无敌香！！,
这么多人,
代入感太强，已经变成鸡了,
韩国的炸鸡它为啥这么脆,
韩国的炸鸡它为啥这么脆,
太香啦～～～～～,
好饿好饿,
有多少人在线呢,
好饿好饿好饿好饿好饿好饿好饿好饿好饿,
薯片那个，一吃就中招。。不过还是会忍着疼继续,
我也吃完了最后一口炸鸡,
我也吃完了最后一口炸鸡,
2.17我馋了,
这看起来也太香了叭,
半夜2：16看的我饿了,
南宁的喔喔炸鸡或者lulu炸鸡都好吃的,
南宁的喔喔炸鸡或者lulu炸鸡都好吃的,
南宁的喔喔炸鸡或者lulu炸鸡都好吃的,
说恶心的就别进来看,
太香了太香了太香了,
好饿好饿好饿好饿好饿好饿好饿,
腌萝卜，吃炸鸡的时候很解腻,
腌萝卜，吃炸鸡的时候很解腻,
亿口炸鸡，一口可乐,
亿口炸鸡，一口可乐,
我饿了！,
果然还是最喜欢看她吃炸鸡,
果然还是最喜欢看她吃炸鸡,
声音太脆了馋,
好想吃好想吃！,
不用给我煮了，我不爱吃玉米,
想吃炸鸡TAT,
想吃炸鸡TAT,
想吃炸鸡TAT,
我好饿TAT,
好想吃啊,
馋了,
好饿啊,
有字幕从鸡腿里流过,
有字幕从鸡腿里流过,
这个炸鸡真是脆皮,
这个炸鸡真是脆皮,
馋死了，馋死了，这就去吃炸鸡。,
馋死了，馋死了，这就去吃炸鸡。,
馋死了，馋死了，这就去吃炸鸡。,
我是隔壁小孩，我承认我馋哭了T﹏T,
我把车都吐了。,
我爱炸鸡,
我爱炸鸡,
饿了！！,
刚刚吃完三根炸鸡腿的我也就来听个响,
刚刚吃完三根炸鸡腿的我也就来听个响,
刚刚吃完三根炸鸡腿的我也就来听个响,
沈阳熊家炸鸡太原街万达店,
沈阳熊家炸鸡太原街万达店,
大半夜看这个贼饿,
馋死了,
炸的东西吃多了很容易口腔破皮,
啊好饿,
问号只是排面并不是惊讶，老粉看多了不会惊讶的啦哈哈,
好香啊,
想吃炸鸡皮！！！！！！！！！！！,
想吃炸鸡皮！！！！！！！！！！！,
想吃炸鸡皮！！！！！！！！！！！,
好想吃炸鸡皮我的天,
好想吃炸鸡皮我的天,
好想吃炸鸡皮我的天,
我为什么吃不出来她这种香香的感觉,
口水炸鸡味那个等等等我,
口水炸鸡味那个等等等我,
炸鸡就算了，可乐给我来一口喂,
炸鸡就算了，可乐给我来一口喂,
凌晨四点半，馋死我了,
凌晨三点的我饿得不行了,
馋死了救命,
好好吃,
你是否有很多问号？？？？？,
韩国吃播不都一口吞过鸡腿吗为什么打问号,
韩国吃播不都一口吞过鸡腿吗为什么打问号,
我要死了姐妹们我好饿,
凌晨1:39我饿惨了,
害 看来韩国的吃播啃鸡腿真的很少啃脆骨部分,
害 看来韩国的吃播啃鸡腿真的很少啃脆骨部分,
谁想吃,
饿了的扣1,
你们馋吗,
馋死我了！！！,
好饿好饿好饿好饿好饿好饿好饿好饿好饿好饿好饿好饿好饿好饿好饿好饿好饿,
外卖炸鸡也这么酥脆吗我的天我好饿,
外卖炸鸡也这么酥脆吗我的天我好饿,
外卖炸鸡也这么酥脆吗我的天我好饿,
太香了,
太香了！,
吃得好香，看着太幸福了,
饿了,
弹幕傻子多，关掉,
很脆香辣，除非吃撑不会吃腻,
我也好想这样大口吃感觉好香,
我的口水吞出炸鸡的味道哈哈哈,
我的口水吞出炸鸡的味道哈哈哈,
我饿了,
唐姐别馋了,
三个先森的好吃，但是每次到了都不脆了，伤心,
为什么吃这么多不长痘啊啊啊啊啊啊啊,
好饿呜呜,
肯德基会有19.9四个大鸡腿的疯狂星期四 很好吃！,
肯德基会有19.9四个大鸡腿的疯狂星期四 很好吃！,
肯德基会有19.9四个大鸡腿的疯狂星期四 很好吃！,
吃火鸡面辣到人生的我来了,
吃火鸡面辣到人生的我来了,
好饿。。。,
听着太好吃了,
1.25我好饿,
好饿,
挺烦人的怎么看个吃播也这么多事啊？,
我服了！看吃播不是快乐吗？我太恶心现在的弹幕里,
蛋糕也烫是吧？新鲜出炉的奶油蛋糕？？,
不是说吐了吗哪有？,
也不是假吃 就定点剪辑催吐,
恶心你不还是来了？up就是搬运，要你养了？,
吃博播不就是看个开心，人又不是大胃王，吃了吐怎么了，吃你家米了？,
狗拿耗子多管闲事，假不假关你啥事，不爱看滚,
有些人真的好nt啊，不爱看走就行了在这揪着不放恶心人,
吃多少不重要厉害的是嘴大,
我现在吃饭都是看她的视频增香了,
看就得了 假吃不假吃的 逼事真多,
饿了,
好想吃这个粉,
tll饿死吧,
饿死tll饿死tll饿死tll饿死tll饿死tll饿死tll饿死tll饿死tll饿死tll饿死tlltll,
饿死tll饿死tll饿死tll饿死tll饿死tll饿死tll饿死tll饿死tll饿死tll饿死tll饿死tll饿死tll饿死tll饿死tll饿死tll,
饿死tll 饿死tll 饿死tll饿死她,
看她的视频，不是因为她吃的多，只是觉得看起来很有食欲,
原来咱大中国有这么多杠精,
假吃就假吃呗，你花钱看了？还是你出钱买菜了？你刷再多我就是觉得她漂亮，喜欢看，找什么存在感，现实里唯唯诺诺，网络里重拳出击,
不管什么原因，和别的吃播比她的视频真的剪辑太多,
假吃不假吃有什么吗，我就是看着下饭的，看她大口塞感觉食物很香,
想到催吐/嚼了吐还感觉香嘛，而且浪费食物，还弄个防杠精手册欺骗观众。。。[doge],
想到催吐/嚼了吐还感觉香嘛，而且浪费食物，还弄个防杠精手册欺骗观众。。。[doge],
这么大量肯定是嚼吐或者催吐啊，真吃身体承受不了的[tv_呕吐],
这么大量肯定是嚼吐或者催吐啊，真吃身体承受不了的[tv_呕吐],
真的恶心 ,
最恶心的是防杠精手册，姐姐这姐姐那的，我们看吃播纯属图个乐儿，正常女孩子你见过吃这么多不胖的？,
最恶心的是防杠精手册，姐姐这姐姐那的，我们看吃播纯属图个乐儿，正常女孩子你见过吃这么多不胖的？,
早就觉得她催吐or假吃…果然被扒了,
？？？是姐姐的排面。。。真的好讨厌这句话[吐],
为什么要假装自己可以吃很多呢？..........................抓住自己的优点不好吗，还接了隐藏广告吧 还是那句话 浪费食物可耻,
取关了，粉丝全员撒谎精也够恶心，还什么防杠精手册?一堆没有常识的小学生,
别再更了，这个人假吃，各种虚假，之前还挺喜欢的，现在感觉全是演戏，太恶心了,
无语，怎么还有人觉得假吃催吐没关系啊，什么三观？,
整天排面，姐的排面，我知道，不用你强调，你吵到我的眼睛了，你很烦你知不知道，很败姐的路人缘，成功让我想起了弹幕屏蔽这个东西，但我还是要吐槽，饭圈味十足,
真的是。。。人变多了弹幕又不能看了,
不能忍别忍，你加油,
恶心，你看什么？,
弹幕说恶心想吐的那你还跑来看什么？,
弹幕说恶心想吐的那你还跑来看什么？,
吐nm呢吐  真就不用眼睛？,
她嘴大 嘴里东西不多都看不出来 的,
大明白可真多,
我就是单纯的觉得我减肥的时候看她吃很爽，她假不假吃关我p事。刷屏多是作业太少了吗？,
就算是假吃，这嘴里能塞这么多也很厉害,
现在想说她假吃都那么多无厘头的原因了吗,
好多视频我都看到吞了，为什么都说假吃？,
来尼玛我吐了,
吃的真香 我都干不了活了。。。。专心致志的看视频，，感觉被姐姐吞掉了时间,
唉 刚吃完饭 我就看饿了。。。。,
浪费可耻 呕,
不管假不假？你是没饿过,
姐姐不是假吃，弹幕别恶心人,
这剪的有点多啊,
吞咽和她吃完吐掉了有冲突吗？,
演戏骗观众！明明吐掉食物还装的吃这么开心,
影帝，吃的都吐了，假吃,
说denq的，叔的视频删得差不多了哈哈哈,
搞不懂吃不了这么多东西为什么要摆出来,
反正不可能吃那么多，终于石锤了,
终于实锤了，md被制杖粉丝弄得恶心死,
别第几口了，这是假吃，全吐了，一口没咽,
可别恶心人了，还排面，全部都是假吃的,
不知道多少人饿着肚子，这货却浪费食物,
不知道多少人饿着肚子，这货却浪费食物,
当个演员挣的钱不比这多吗？演的那么像,
说虾的那位，你不虾你能看出什么？,
假吃给我吃呀。。我想吃。。,
三点了，我好想吃熏肉大饼和炸鸡呜呜,
三点了，我好想吃熏肉大饼和炸鸡呜呜,
三点了，我好想吃熏肉大饼和炸鸡呜呜,
她只是为了补妆，一些因为食物太烫，放进嘴里又吐出来的画面等，而进行剪辑,
前面的 中国的吃播假吃就不行 韩国的吃播假吃就行 只要看着香就行了是吗？,
这不明显吐累了,
姐姐好喜欢虾啊,
说无剪辑的宝贝是虾了吗,
我发现真的转场和剪辑好多,
关键不是竖手指，而是竖手指前后食物状态变化和这姐把食物吐出来的样子,
就恶心,
转个镜头，吃的就吐掉了,
看姐姐吃饭看久了会有一种我也可以一口吃这么多的错觉,
恶心,
好香啊闻到了,
上香,
看着开心就行管那么多干嘛,
靠！好想吃啊啊啊啊啊啊啊啊 。饿死了,
靠！好想吃啊啊啊啊啊啊啊啊 。饿死了,
有些人的双标真是够恶心的。,
双标妹那么多呢，国内吃播假吃就要被骂死，国外吃播现在还在这里洗白，真的是要笑死,
就算没有真的吃那么多，爷也爱看,
这么好吃的东西也假吃....,
吃这个春卷前，嘴巴里的米线已经吐了，好剪辑,
每次咽下去声音之前都有剪辑，可能是吃了咀嚼一会儿吐掉后剪辑,
emm…姐姐说自己是大胃王吗   如果没有的话感觉不都吃完也没关系啊  关键是她吃得很香啊,
吐完了,
别在这么恶心的假吃视频里刷大虾了好吗,
别在这么恶心的假吃视频里刷大虾了好吗,
假吃恶心死人,
八口吐完炒饭 牛的,
好饿,
太香了,
吐累了hhh,
有吞有吐的,
菜叶真的好吃吗,
上香,
发问号多少沾点,
剪了好多啊,
吐了,
如果是假吃那这么多食物就浪费了，我的天啊,
虽然那么多人骂，但这么久了一直一直很喜欢看她，很喜欢,
一开始看她就觉得假吃，被很多无脑粉喷,
还有人说一镜到底。。。跟你的姐姐多学着点剪辑吧,
我在吃炸鸡，太好吃了,
我在吃炸鸡，太好吃了,
我在吃炸鸡，太好吃了,
上香上香,
真的每个视屏里都有竖手指动作（暗示剪辑然后吐掉）,
这人一个月一百多万收入、 ,
健身过人都知道，这个食量热量，4个小时绝对不能完全消耗好吗,
想起之前有人质疑吃这么多不胖 弹幕一溜的姐姐每天运动4小时 说得像真的一样哈哈,
？？？我好饿,
这姐假吃确实无法原谅，但是弹幕很多事后诸葛亮有点好笑,
很多次吞咽声和镜头不符啊，仔细看吧,
肥猪,
知道是假吃，但是弹幕这么多人刷还是想不到,
不是假吃你们怎么不知道真像就乱说恶心！,
卷儿少了一个可能是因为要吐掉所以剪辑掉了,
tmd减肥好饿,
姐，我今天一天都没吃饭了，明天我就能到61开头了，你就当帮我吃了吧。慢慢吃，多吃几口。,
你们说嚼了又吐出来的，用来喂狗或者喂猪，这还算浪费吗？狗头狗头。,
你们说嚼了又吐出来的，用来喂狗或者喂猪，这还算浪费吗？狗头狗头。,
好难啊，我平时减肥吃一嘴嚼一下就吐，还好我没干吃播，不然我要被diss死,
哎，食物很香，但是,
吐完了呢。。。,
腼腆一笑，一口吐掉,
上香,
上香,
假吃实锤，有够恶心,
不知道现在豆瓣都很多xyh的吗，还信帖子,
其实看着香就好了呀，实在吃不下也没办法,
一口饭嚼三下就咽？反正也是要吐掉的是吧,
这个时候已经吐完剪了吧，哎,
唉妈 真香,
这红字别洗了恶不恶心啊你快哔嘴吧,
真的有很多没必要的转镜头 都是在吞咽声以后的,
真是无语了，假吃真吃有这么重要么，看吃播不就图个乐解馋么,
其实这个分量还好，不算很多,
好饿 直咽口水,
吃下，再吐出来，浪费粮食,
上香,
管她假没假吃，就看着香就行,
好想吃今天的这顿啊,
我好饿……,
馋死我了,
徐大虾哈哈哈哈,
呵呵 他中途就有吐掉 这也是剪辑过的,
吃了吐,
别老是盐吃多了用肺讲话（闲的没事别在这说废话,
上香,
我家猪圈里的猪都没你这么能吃,
吐了（物理）,
你直接把问号屏蔽了不就行了，多大点事儿啊，吵成这样。,
香菜劝退。。,
怎么多,
有多少人在看了,
恶心,
看到香菜突然没了胃口,
正常人都不会吃这么多啊这饭量明显就很大,
看起来好好吃啊救命,
为什么姐姐的吃相画风辣么飒，而我就像猪拱食,
不行了不行了我馋死了,
呕呕呕呕呕呕呕呕,
饿了饿了,
看着就想吃,
啊好想吃鸡蛋那个,
啊好想吃鸡蛋那个,
弹幕里面都是有病吗？天天刷自己吃多少就饱了，真当你是仙女。小鸟胃没什么好炫耀的吧？,
他摸过奶油-,
不是香草嘛,
我也爱香菜,
啊啊啊正一定很好吃,
看到香菜瞬间没有胃口了,
鸡蛋酱超好吃的,
鸡蛋酱超好吃的,
最想吃这个了！滑蛋的口感简直可以想象！,
她应该算大胃王了吧？吃的比正常人多,
这个我知道，去了奶油全是绿，正如对面站的你。,
馋,
深井冰没关系里面天使咖啡和赛百味镜头很多,
看的是吃播你饭量多少跟这有关系吗,
不吃香菜的皱眉,
看着好好吃哦,
晚上看真的是对我的胃不好，好饿,
鸡蛋控不争气的留下口水,
这鸡蛋绝了,
香香脆脆,
猪肉！美味,
冰香草拿铁，最爱咖啡,
没人关心你吃多少就会饱 能不能别再吃播秀自己的小食量,
感觉好好吃 好饿,
感觉好好吃 好饿,
第一个没其他两个好吃,
这个鸡蛋馅看上去好好吃啊wwww,
这个鸡蛋馅看上去好好吃啊wwww,
這其實很多了,
饿什么饿 那是钱,
说不爱吃香菜的gun，谁在乎你走不走，爱吃香菜的看着很难受,
我要饿死了,
你搅了也喝不到奶油,
姐姐只吃一顿的话其他时候不会饿吗,
我好馋,
好饿啊,
肉说真的好多呀,
这个好像是法棒，法棒很好吃的,
这得多好吃啊,
这得多好吃啊,
看到香菜有些ex,
想吃猪肉的,
想吃猪肉的,
中间那个最好吃,
我想吃牛肉馅的那个！啊啊啊啊啊,
我想吃牛肉馅的那个！啊啊啊啊啊,
你们是老大妈吗，怎么那么多管闲事,
减肥，越饿越爽。,
本不i鸡蛋人士先滚了,
一个等于三个汉堡啊这,
我吃半个就差不多了,
面包看起来有点干…不过被小姐姐吃的很香呀……,
这些我饿的时候也能全吃下,
看起来也太好吃了吧，眼泪从嘴角流了下来,
我也觉得有肉肉的会更好吃,
看来这个真的很好吃,
我想把香菜给姐姐拽出来哈哈哈,
有韧性的面包才好吃,
吃的少嫌少，多又嫌多，烦人的很,
感觉这个最好吃,
蛋黄酱没什么味道(鸡蛋黄的味)我也更喜欢吃肉的,
还好吧，这种面包真的超好吃,
我就算是一天不吃饭，也吃不了这么多………,
闻到了香味 是错觉吧,
老八蜜汁小汉堡，既实惠，还管饱,
那么瘦怎么能吃下那么多东西呀,
这是哪家的面包呀 我看饿了TT,
饿饿，又被谢到,
不是不喜欢吧，大概姐姐比起鸡蛋更喜欢肉肉,
感觉这个好好吃,
我觉得有嚼劲的面包很好吃呀,
弹幕一天天这么多好杠的？？,
越南三明治超好吃……,
这一个多少钱,
好饿,
看饿了,
这个鸡蛋是先打发泡再做的,
饿了饿了,
我发现...每次穿这个衣服和同款黄色的，读书多是吃快餐类,
好吃吗，鹅，饿了,
好吃吗，鹅，饿了,
哇哇哇好想吃  ,
饿,
看起来好好吃,
酸了酸了，我也想吃，太香了,
酸了酸了，我也想吃，太香了,
好想吃,
我感觉猪肉那个好好吃,
我感觉猪肉那个好好吃,
这个面包看这硬但是真的很有嚼劲的很好吃的,
好想吃法棍,
饿死了,
一般最好吃的，姐姐都会先吃完的,
超级喜欢鸡蛋三明治,
很多次要吞的时候就换镜头,
我可以吃完一个加一杯奶茶（其实我都想吃）,
救救孩子吧，饿死了,
仿佛闻到面包香味,
我喜欢超级多的内陷,
看起来很好吃,
吃的有多爽，运动的时候就有多痛苦,
好想吃这个,
无语，一天天是自己吃一口就饱说姐姐吃的真多什么的，我真的被你笑死,
可是你吃多少和视频没关系啊，感觉好绿茶,
半年没喝奶茶的我看到这个好鸡冻,
感觉这个最好吃,
弹幕好多绿茶哦  说着伤人的话还说没有恶意  别人一反驳就说戾气重,
香菜太棒了行吗！我最爱香菜！,
最爱香菜,
太香了,
想吃驴肉火烧了,
最右边那个好像最好吃,
饿死我了,
不爱香菜,
这个面包看着好老，但是姐姐吃着感觉好好吃,
香菜切劝退啊太难受鸟,
两个和三个差很多吗 吃一两个的你食量也没有很小吧,
我肚子更饿了,
没人想知道你吃多少弹幕礼仪遵守一下,
好想吃肯德基啊,
这个面包肯定很好吃,
饿到极致吃一点就饱了,
我也想吃,
法棍真的巨好吃，超级有嚼劲的,
手中的云吞瞬间不香了,
谁特码管你们吃多少啊  别自我介绍了烦不烦,
没人在乎你能吃多少,
我觉得这已经很多了,
不是面板硬感觉是那种我吃过脆脆的那种面板，烤的有点焦的那种，很好吃,
我好喜欢这种硬面包啊哈哈哈，好香，口水分泌(✪▽✪),
我最多两个面包一杯饮料,
这个面包长的好像油条哈哈哈哈哈哈,
香菜嗷嗷嗷嗷超爱爱爱,
但是我好想吃夹层啊,
好想吃,
受不了了  想把鸡蛋往里塞一塞,
建议高考生多喝草莓汁哦！,
好饿！！！,
也不是硬吧 就是很干的样子 反正看起来不怎么好吃,
我觉得硬的面包很好吃,
虽然吃得少但喝的多啊,
都想吃啊啊啊,
感觉鸡蛋的更像配菜哈哈哈,
在减肥 饿了,
面包好吃的感觉！！！！！！,
香菜放在里面很香,
减肥。。。。看了当有吃了 真香,
香菜爱好者,
香菜多好吃,
香菜多好吃,
香菜多好吃,
这种法棍做三明治很好吃的。。。,
这一个多大呀饭量哪里越来越少了,
看来不喜欢鸡蛋沙拉,
应该中间的最好吃哈哈哈每次剩下的都最少,
其实我只想吃馅，这个面包。。。emmm，算了吧,
想吃牛肉的,
想吃牛肉的,
没人关心你吃多少 谢谢,
我好饿我好饿我好饿我好饿我好饿我好饿,
我一个都吃不完，再说你管人家吃多少 呢,
面包能有多硬,
这个面包我差不多吃一两个就饱了,
我好饿救救孩子,
好饿,
想吃芫荽炒肉丝，芫荽猪肚啊啊啊啊,
想吃芫荽炒肉丝，芫荽猪肚啊啊啊啊,
想吃,
她喜欢猪肉，牛肉，鸡蛋,
她喜欢猪肉，牛肉，鸡蛋,
她喜欢猪肉，牛肉，鸡蛋,
吃多少跟你有关吗？松饼,
看着好香啊,
一说香菜我马上就闻到味儿了（难受）,
来了 看起来好好吃,
这种硬面包感觉好好吃,
姐姐会把最好吃的留到最后,
这个确实赶得上一个大汉堡了,
我好想吃这个！！感觉肉很好吃,
我好想吃这个！！感觉肉很好吃,
人家没放外面。。多到溢出来了而已,
鸡蛋的看起来好好吃,
鸡蛋的看起来好好吃,
我想喝那个香菜滴，再吃那个鸡蛋滴,
我想喝那个香菜滴，再吃那个鸡蛋滴,
我喜欢香菜,
我半个就差不多了,
我要吃鸡蛋的！！！！,
香菜我爱了,
西红柿特别好吃！！,
我觉得我吃可以勉强吃三个三明治，但是你要我再喝三杯奶茶，我绝对会吐,
好多肉吖,
有香菜？再见,
减肥 不饿 想吃 难顶,
减肥 不饿 想吃 难顶,
香菜和牛肉真的太搭了,
香菜和牛肉真的太搭了,
感觉中间这个最好吃！,
看来蛋黄这个不大好吃哟,
鸡蛋的肯定没有其它两个好吃,
鸡蛋的肯定没有其它两个好吃,
看把孩子饿得,
好想吃,
说实话，真的没有人好奇你们到底吃得多还是吃得少,
好饿,
香菜我爱了,
看来姐姐是肉食者哈哈可怜的蛋黄酱，剩最多，有肉的吃的停不下来，放下都依依不舍,
好馋啊,
感觉中间的最好吃,
我觉得等下猪肉的姐姐要一口吃掉←_←,
Hamzy有期做了这种鸡蛋！可以去学！,
手里的辣条突然不香了,
怎么感觉不是很好吃,
啊啊啊啊超级想吃中间那个对肉没有抵抗力啊,
好想吃过猪肉,
好想吃过猪肉,
饿了 我来了,
好香啊qaq,
饿！孩子饿！,
感觉鸡蛋的最好吃,
感觉鸡蛋的最好吃,
香菜我的爱,
这个看起来好好吃,
好多肉,
看起来好好吃,
啊啊啊啊啊啊啊，馋死了,
姐姐吃得东西看起来都很诱人,
想吃香菜,
想吃香菜,
这个我太想吃了啊啊啊啊,
这个感觉比前面的都大肉多！,
香菜。。。。,
哇好想吃,
馅料看着好好吃，但是面包感觉挺硌嘴得,
好饿,
我饿的一批,
看着就好好吃,
想吃,
