好可爱哈哈哈哈哈,
某位阎小姐默默的放下手中的烧鸭腿，点开了美团.......,
某位阎小姐默默的放下手中的烧鸭腿，点开了美团.......,
某位阎小姐默默的放下手中的烧鸭腿，点开了美团.......,
emm，我收回我的不屑一顾，怀里的烧鸭腿突然就不香了,
啃着烧鸭腿的我不屑一顾,
鸡腿真是ZBC,
这削铅笔怎么跟吃鸡腿似的,
我想吞手机了,
嘴里的口水突然不香了,
手持iPhone18考古,
实不相瞒，我想吃他的鸡腿,
终于一边吃炸鸡腿一边看这个视频了,
手中的窝窝头突然不香了,
我没流口水，只是嘴巴进了克洛克达尔,
吃鸡腿跟削笔刀一样就离谱,
哇这个胳膊,
还吃，只剩四个了，把你的手，给我放下,
我家肥宅水呢？,
手机没电了吗？,
看起来没一点肥肉，馋死我吧,
明天必买鸡腿，我本来是不吃肉的呜呜呜,
鸡腿看着就好吃,
减肥过来看看，磨练意志（哭,
渴望的泪水从嘴里流了出来,
是不是就是类似糖醋里脊的鸡腿？,
我手里的馒头加老干妈突然变的好吃了,
嘴角留下了不争气的眼泪,
我现在看着手机就想吃,
手里的薯片突然不香了,
早期人类驯服鸡腿视频,
这哥长得好像胖版崔连准,
这哥长得好像胖版崔连准,
这个脆骨一抠就掉的吗！！做的这么好的吗总结下来这是一顿炸得非常好的鸡腿,
这个鸡腿绝对嫩我看到流汁水了！！！,
感动的我眼泪从嘴里流出来,
感觉耳朵要炸了,
万人抢鸡腿（2/10000）,
吃着鸡爪看他吃鸡腿好气啊,
好想吃 减肥太伤了,
手里的BB突然就不香了,
我想咬手机,
不会吃腻吗，感觉这种快餐鸡腿都是一个味儿而且是没有层次感的不复杂的味道,
我的泪腺长在嘴角上了,
减肥的我口水根本控制不住,
吃几个鸡腿还会注意形象的吗？,
嘴里的口水不香了,
我的口水不爭氣的從嘴裡留了下來,
鸡腿哥,
大嘴哥,
痛苦的嘴角,
组团偷鸡腿（1/10）,
有些人看着看着就打开了美团doge,
吃酱费鸡腿,
我越减肥我越想看人家吃播视频，欠啊。,
止不住的泪水从嘴里流了出来,
默默打开美团,
可可爱爱吃得一脸幸福,
哎，我手里的辣条突然就不香了,
我刚吃完炸鸡腿我又饿了握草,
泪从嘴里6了出来,
这种鸡腿只有韩国能做得很好吃，我在首尔呆了一年，亲身见证！,
来了集美,
鸡腿太美,
鸡腿太美,
那一天，炸鸡腿终于想起了被人类支配的恐惧。。,
完了，这孩子吃太多鸡腿，已经疯了,
我要啃他手了,
嘴上的肉越来越不香了（goto,
这样的鸡腿能在哪里买呀？！！,
眼泪不争气地从嘴角流了出来,
小胖仔,
手里的空气突然不香了,
人间美味,
我是临沂的美国的,
手里的小孩瞬间不香了，手套可以给我舔一下吗？,
求鸡腿的教程,
人在家中坐口水嘴里来,
手里的被单忽然就不香了,
手里的空气突然就不香了。,
闭着眼睛吃，很享受嘛,
哈哈哈哈哈哈哈哈哈哈哈哈好可爱,
我告诉你们我想吃他的把手机给吃了,
怎么莫名可爱啊哈哈哈哈哈哈哈哈哈哈哈哈哈哈哈哈哈哈,
你的鸡腿可以放生吗？,
手里的烤串真的不香了,
手里的劳斯莱斯突然就不香了,
手里的帝王蟹突然不香了,
大家好干，翻了干饭了，今天吃韩国养生鸡腿,
要是我牙齿也这么好，我觉得身材会让我任性,
没事，为了身材不吃为好,
我要手套,
16个鸡腿，不知道各位数了没,
我刚吃饱，看着这一盘鸡腿感觉好腻啊,
她的嘴唇为什么可以撅到那么翘呢哈哈哈哈哈哈哈哈哈哈哈,
手里的键盘突然香了,
我怎么这么手贱打开了这个视频,
手里的空气突然不香了,
好可爱好可爱好可爱好可爱好可爱好可爱好可爱好可爱好可爱好可爱好可爱好可爱好可爱好可爱好可爱好可爱好可爱好可爱好可爱,
哈哈哈哈好可爱,
数了一下一共16只鸡腿~吃完撑到扶墙~,
手里的麻辣烫瞬间就不香了,
手里的炸鸡依然很香,
不由自主舔了一下嘴角。。,
基本每个美食视频推荐里都有他,
可爱红红火火恍恍惚惚,
他们的鸡腿，怎么能那么大那么饱满？,
我靠，这嘴跟削笔刀一样,
嘴边有白色的东西啦,
饿之呼吸，贰之形，嘴角流泪。,
每天亿遍减肥再见,
美汁汁,
建议改成韩国小伙像削铅笔一样吃鸡腿。,
我的嘴角留下了痛苦的泪水,
真开心你们半夜看到我在吃鸡腿眼馋又吃不到的样子,
嘴里的空气突然不香了,
为什么减肥刚开始，就推荐这种鬼视频给我!,
嘴巴流眼泪了,
谁有钱能不能借我点儿去韩国买点儿这个鸡腿儿。,
就是要吧唧嘴，给厌食症看的,
那小眼睛,
我的眼泪从嘴角流了下来！！,
我的嘴角留下了眼泪,
好家伙，这把麦克风塞嘴里了吗？,
不争气的打开美团,
给我留个手套,
我好怕他鸡腿卡喉咙里,
这鸡腿看起来好甜,
蜜汁恐龙腿,
喜欢鸡腿的脆骨,
是腿之大啦，这前后不照应啊（doge）,
手里的泡面依旧很香,
他在炫耀，他在得瑟，他在狂笑啊啊啊喔羡慕的眼泪不争气的从嘴角留下,
鸡腿在嘴里转360°,
鸡腿在嘴里转360°,
驿动的心颤抖的手,
不能先不擦嘴,
不能先不擦嘴吗,
这种鸡腿吃几个就腻了,
手中的披萨不香了,
我惊讶的把眼泪从嘴巴里流出来了,
不怕胖吗？,
手好看,
啊，鸡腿真好吃，嘶…想上厕所，拜拜思密达,
我手里的作业不香了,
虽然鸡腿看着好像是甜腻的   但我馋了。。,
口中的手指不香了,
哥把眼睛睁开哈哈哈哈哈,
手舞足蹈,
手里的鸡翅根忽然不香了,
我想用你的鸡腿刷牙,
哥你眼睛挤累了吗？嘴笑的酸不酸？doge,
哥你眼睛挤累了吗？嘴笑的酸不酸？doge,
我打算把手机吃了,
嘴巴里的舌头也不香了,
眼泪不争气地从嘴角流了出来,
你的鸡腿能放生吗？,
你吃了八只鸡的腿。,
这嘴富婆很喜欢,
半夜了，美团上的韩式炸鸡店都关了！,
我不要鸡腿了，桌板能借我舔一下吗？,
眼泪不争气地从嘴角流了下来,
忽然觉得自己手里的薯片不香了,
他的表情逐渐凝固:这鸡腿没熟吗？,
sans:手里的番茄酱突然不香了,
鸡腿刷牙,
削个鸡腿怎么像在吃铅笔？,
嘴里的空气突然就不香了,
哥你这么牛鸡腿知道吗,
手里的老干妈和白粥突然就不香了,
偷拿鸡腿↑,
佩服这位小哥吃那么多的鸡腿没有把衣服弄脏,
受不了我要减肥,
他的鸡腿好大，555好想吃啊,
有的人看着看着就打开了美团外卖,
我在想这个鸡腿是什么味的，要是甜的就好吃,
我饿死了在场每一根鸡腿都是共犯,
手中的草稿纸忽然香了……唉我作业怎么被咬了一口？！？！,
手边的试卷忽然……,
我不是哭了，只是眼泪从嘴里流出来了,
眼睛也不挣,
好残忍呀，多少只小鸡的腿呀,
我的嘴留下悲伤的泪水QAQ,
里面有味的，炸鸡腿之前会腌一下,
吃个铅笔咋跟削鸡腿似的,
我在上网课……他在吃鸡腿,
手中的钻石突然不香了,
集合偷鸡腿（1/99）,
他削铅笔怎么像吃鸡腿似的,
这鸡腿他要卖的话 我现在就下单,
樱桃小嘴,
我舔手套就行了,
手里的电脑不香了,
嘴里的口水忽然不香了,
无情转腿刀,
嘴里的口水突然不香了,
嘴里的口水咋突然就不香了,
我为什么也要噘嘴啊摔！！！！！,
长得有点像许放炮,
美汁汁,
看啊看啊 我嘴角流下了眼泪,
针不戳，这个鸡腿针不戳,
我口水吞出了鸡腿的味道,
一开始他挺瘦的，然后现在……,
美汁汁~,
手里的法国鹅肝不香了,
我张开嘴只吃到了空气,
我张开嘴只吃到了空气,
好嘴法,
就喜欢长得帅还有点毛病的,
去美团逛逛       铁汁们别想我,
这手臂粗得,
眼泪不住不争气的从嘴角滑落,
嘴巴里的坚果突然就不香了,
每天一边减肥再见,
眼泪又不争气的从嘴角流了下来,
眼泪不争气的从嘴里流出来,
多只鸡腿过，酱汁不沾唇,
手里的粑粑他突然不香了,
手持iphone12考古,
手持iphone12考古,
我是银行人员，听说你花费了一千万，就为了买那50几个鸡腿，恐怕这孩子傻了,
我只能在这里舔嘴唇,
两道口水从两个嘴角流了下来,
他的嘴是凡尔登,
这是我看过吃鸡腿吃得最香的视频,
手中的蛋炒饭突然不香了,
我嘴里老婆的口水突然不香了,
鹰逃小嘴,
总感觉他手里的鸡腿比我面前的炸鸡香,
总感觉他手里的鸡腿比我面前的炸鸡香,
樱   桃   小   嘴,
舔一下！舔一下嘴角！快！！！,
罗恩你鸡腿被吃了,
我也在减肥,
我的嘴巴嘟嘟，嘟嘟嘟嘟嘟,
手里的手机突然香了,
前面的，我偷到了鸡腿我要什么棒棒糖（狗头）,
嘴里的饭突然就不香了,
削个铅笔怎么像吃鸡腿一样？,
削个铅笔怎么像吃鸡腿一样,
泪嘴,
手中的三叶虫突然不香了。,
肚子：我要爆了 嘴：我不,
眯着眼睛看你,
零点二十美妙的时间点,
丑，丑，丑,
炸鸡，可乐，屏板，全家桶，冰淇淋，薯片，快乐肥宅水,
睡前正在看的我感觉晚上的梦都是鸡腿,
小哥你这手臂挺壮实啊！,
剩下的三个鸡腿给俺吧！（☆_☆）,
嘴里的口水突然不香了,
嘴里的泡面不香了,
还没开始，眼泪已经从嘴角不争气的流了下来,
罗恩的鸡腿啊哈哈哈哈哈,
嘴都吃麻了,
偷他鸡腿，偷到的每人一根棒棒糖,
偷他鸡腿，偷到的一人一根棒棒糖,
如果我饿死了视频里的每一个鸡腿都有罪······！！！,
手里的jio仍然很香，等等~~~~jio？,
罗恩的鸡腿,
无情的削腿机器,
好可爱,
我的眼泪不争气的从嘴里流了出来,
手中的鹅腿顿时就不香了,
手中的鹅腿顿时就不香了,
想想吃了要长肥，但谁现在想这些,
手里的空气不香了,
嘴中的脚指头不香了,
嘴中的脚指头不香了,
手中的深渊巨口是个啥意思,
我要吃炸鸡腿,
长得好欠,
我默默点开了美团,
手里的薯片忽然间不香了,
就这手抓饼看，我吃出了鸡腿味,
就这手抓饼看，我吃出了鸡腿味,
嘴里的西瓜突然变成烤肉味儿的了,
真的我自己也是这样两口吃鸡腿的,
他削铅笔咋跟吃鸡腿一样,
哈哈哈哈哈哈哈哈这动作太可爱了,
好吃的小手乱颤,
眼泪不争气的从嘴角流了下来,
手里的深渊巨口突然就不香了,
嘴巴里留出了泪水,
战术擦嘴,
摸摸停下了手中的笔，打开了美某,
摸摸停下了手中的笔，打开了美某,
手上的红魔虾突然就不香了,
他嘴都吃困了,
他削铅笔怎么跟吃鸡腿一样,
无情铁嘴,
他削铅笔怎么跟吃鸡腿似的,
今天吃眼生大鸡腿，不眼生我不吃昂。,
哈哈哈哈哈哈哈太可爱了，知道自己吃相不好还特地擦干净嘴巴,
哈哈哈哈哈哈哈太可爱了，知道自己吃相不好还特地擦干净嘴巴,
woc我小学隔壁班的小胖子叫曾帅,
不争气的泪水从嘴角流了下来,
哈哈哈哈哈哈哈哈好可爱,
胖版吴世勋…hhhhh,
他好可爱！！！！！,
吃饱了才能减肥,
啊啊啊啊啊啊啊啊在韩国舔嘴唇很不礼貌吗,
不要鸡腿了桌板可以给我舔一下嘛？,
快舔手指啊啊啊,
手里的奥利奥突然就不行,
眼泪不由得从嘴角流出,
太可爱了,
反手就是一个举报,
12个人正在看的，举个手,
真不错，这个鸡腿鎮不錯,
我还以为只有我一个人看直播的时候会张嘴,
超大火鸡腿,
火雞腿吧,
你不行啊放下鸡腿，我上,
火鸡腿吗,
美滴很美滴很,
火鸡腿 特别柴,
火鸡腿真的难吃,
有次太饿了，就一直吃牛肉干，然后真的张不开嘴了,
做好了还是挺好吃，味道很想不含淀粉的火腿,
拿手上都嫌累,
火鸡腿,
火鸡腿,
这个腿我要是早上吃一个中午就不用吃饭了,
这些有两条半胳膊,
这鸡腿这么大是什哦这到底是什么鸡的腿真大,
专业手法，好评,
记得叫他吃的时候注意下鼻子,
不过5个鸡腿太少了，还不过我吃到半饱,
这啥腿啊,
小哥，鼻子,
小哥，鼻子,
小哥，鼻子,
火鸡腿,
这是火鸡腿。,
这是鸵鸟腿吧,
鼻子尖上那一点始终是个亮点,
这是鸡腿吗？,
这是什么鸡，腿这么大,
打戒！把鸡腿交出来！,
火鸡腿,
这兄弟每次都吃的眯着眼睛一脸高潮……,
为什么每次都是眯着眼睛,
都吃鼻子上了,
这么大的腿,
这鸡腿够我吃上一年,
这鸡腿变异了吧？,
鸡腿在滴血,
嘴里的肉突然不香了,
火鸡腿,
火鸡腿吗？这也太大了,
火鸡腿肉质非常奇特，硬而不柴，没吃过的别瞎说,
火鸡腿就这样，肉质超结实,
啊啊啊啊啊哥哥好可爱,
什么腿啊,
放下那鸡腿，让我来,
放下那鸡腿，让我来,
这是火鸡腿吗,
你能把这么大的鸡腿一口一个,
应该是鸵鸟腿。,
这是什么腿呀,
火鸡腿？,
嘴巴不会酸吗！,
什么鸡腿这么大？？,
火鸡腿么？,
火鸡腿？,
有的人看着看着就打开美团了,
为啥鸡腿这么大,
好大一鸡腿，看得我都饱了,
这是什么腿,
迪士尼的鸡腿被你批发了,
感觉一个这样的鸡腿顶几个小的那种,
侧面看挺胖的,
这是什么腿,
不是鼻血啊，刚刚吃的时候辣酱沾在鼻子上,
这是什么腿啊,
火鸡腿吧,
这是油管，不是快手!,
这一腿下去我可能要胖10斤。,
这一腿下去我可能要胖10斤。,
这是什么腿？,
内个……能擦擦鼻子下面的酱料么……,
火鸡腿,
从小到大就没吃过那么大的腿,
黑洞般的嘴巴,
啊～朋友们美团见,
你的身材与你的长相严重不符,
酱从鼻子里冒出来,
这是什么腿，火鸡?,
渐渐快手化,
这是什么动物的腿呀,
这什么腿啊,
是火鸡腿,
火鸡腿 肉那么硬,
火鸡腿,
火机腿,
想帮崽崽擦嘴,
帮崽崽擦嘴,
火鸡腿味太重,
这是火鸡腿吧？,
火鸡腿,
火鸡腿？,
大鸡腿不入味,
这tm的吃对鸵鸟腿?,
想把他按在鸡腿上，帮他擦鼻子,
想把他按在鸡腿上，帮他擦鼻子,
这是火鸡腿吗？？？,
"他是拍给厌食的人看的,某手是为了钱",
嘴巴小但是嘴巴里的空间大,
你们看他鼻子上,
火鸡腿把   这么大,
火鸡腿,
火鸡腿,
说实话某手也是这样吃的啊，怎么这样就很带劲,
是火鸡腿吧？,
我并不想吃火鸡腿，我突然想吃火鸡面。,
这是鸡腿？,
真厉害嘴巴不疼吗,
我的天啊..这鸡腿,
这是什么腿丫,
这是鸵鸟腿吗,
鸡你太美,
这是火鸡腿叭？,
这火鸡腿叭,
人家没快手的吃的作呀 人也没跟你要老铁双击666呀,
这鸵鸟腿吗。。。,
这是什么腿?,
啊♂ 啊胖胖♂,
这是丹顶鹤的腿。,
情不自禁跟着做出张嘴咬的动作,
火鸡腿,
这是什么腿这么大,
火鸡腿啊？,
吃到鼻子上了,
火鸡腿的肉就是这样的啊,
减肥人士在此分泌口水,
这是火鸡腿,
人造腿？,
这是什么腿？？？,
火鸡腿,
肥宅快乐水,
所以这是什么腿,
不能先放下手中那两个鸡腿吗,
不能先放下手中那两个鸡腿吗,
哈哈哈一边吃一边笑好可爱啊,
火鸡腿都没这么大吧,
这火鸡腿吗,
这位哥的胃口真不错啊，不过5个火鸡腿的话，我只能吃个半饱。,
推荐注册快手,
2倍速完美了,
淘宝搜索火鸡腿,
下次播吃鸵鸟腿吧,
不知道的以为他被鸡腿揍了,
毫无美感,
腿肉还柴？在酸什么？,
这得是羊腿了，这么大,
这是什么腿？？？,
这什么鸡？腿这么大？,
难道是大雁腿,
火鸡腿啊 杠精没吃过吗,
火鸡腿吧,
你这是人腿吧。,
应该是烧烤或者烟熏，因为鸡腿下面有明显痕迹。,
这么大的腿怎么卷,
这特么的什么腿这么大,
就他这个健壮的胳膊肘绝对练出来的。吃得多正常,
这种鸡腿，送给我都不吃，完全没用食欲,
因为看到鸡你太美所以性感的流鼻血了,
因为看到鸡你太美所以性感的流鼻血了,
可爱的,
被鸡腿打了,
火鸡腿,
这什么腿，这么大,
这个鸡腿为什么这么大,
这个是火鸡腿好吧。,
火鸡腿,
不擦擦鼻子吗？,
火鸡腿,
好好吃的鸡腿,
这是啥鸡的腿,
火鸡腿好吃吗,
好想吃，看起来这腿很有食欲哎,
出现了 猪鼻子,
火鸡腿好吃的,
火鸡腿？,
火鸡腿吧,
我也想这样疯狂啃鸡腿,
这火鸡腿吧,
这是鸵鸟腿吗。。。？？？？,
火鸡腿,
他很可爱,
他很可爱好吗,
从哪来这么大的鸡腿呀,
就告诉你，火鸡腿肉老,
话说这是什么腿这么大？,
长这么大从来没见过这么大的鸡腿,
鸡你太美,
火鸡腿,
一个鸡腿就他拳头那么大，能算大鸡腿吗呵呵,
太可爱了我靠,
应该是火鸡腿,
吃个腿为什么还要吸着吃…,
火鸡腿就这种整好呢火鸡腿柴了可一口也吃不下,
我只想说，我看他吃的嘴都累......一般人光吃一袋花生都能嘴疼，他居然能啃这么久,
 不看的闭嘴,
快手6,
火鸡腿真的不怎么好吃，在上海迪士尼和大阪环球影城都吃过，烟熏味重，肉质柴，都不怎么好吃的～,
这是什么腿啊，都不见少的,
这种鸡腿好难烤啊，经常夹生,
这鸡腿要切几刀才入味,
这怕是打了激素的鸡腿,
请问这个还是我认识的鸡腿吗？,
这个甩头好可爱,
鼻子会很辣的,
我已经盯着他的鼻子很久了qwq！他为什么总擦不掉它！,
火鸡腿,
像极了我的腿,
火鸡腿,
我觉得不是吧唧嘴，是东西太多不得不张嘴嚼,
韩国人吃鸡腿不是可以一口一个的吗,
全程只咽下去一个鸡腿,
这个火鸡腿不知道里面入不入味,
减肥全靠看这个过过瘾,
这不是梦中的鸡腿嘛,
这是什么的腿儿,
像不像台版孙悟空的嘴,
好大的腿,
这火鸡腿能买到会烤不熟吗？最怕里面有血丝（我不是杠精）,
这种大鸡腿真的好吃吗？ 感觉里面的肉压根不入味,
这鸡腿跟小哥的小臂有的一拼,
嘴巴子疼,
这应该是火鸡鸡腿吧,
赶脚好好吃,
中间弹幕闭嘴？,
这腿太大了，巨腿,
可以不要吧唧嘴,
什么鸡的腿啊，这么大,
鸵鸟腿,
这种鸡腿里面没入味吧,
另外两个不能先放下，手不累吗,
哦～～鸡你太美,
我看着手里的馒头 嗯 真好,
这真的是鸡腿吗，哪有这么大的鸡,
我一顿饭就吃五个腿，不是很多,
饥荒火腿棒,
哥哥你是真的长胖了吗(//∇//)欧都尅,
我觉得很好吃啊火鸡腿,
脸皮下面全是嘴,
这是河马嘴巴吧,
这些鸡腿要是翅根能吃完,
真的是大胃王，两个饼加个鸡腿我就已经饱了,
鸡腿看着依然美味,
鸡腿看着依然美味,
鸡腿的软骨好吃,
鸡腿吃八个不能再多了。。。,
鸡腿蘸甜辣酱是真的好吃,
鸡腿我倒是能吃，但是加上这些饼。。。当场去世,
鸡腿看着就好吃，我可以吃八个一顿。。。,
嘴里的空气突然不香了,
这叫撸鸡腿。,
忽然感觉鸡腿好小啊,
忽然感觉鸡腿好小啊,
突然手里的粥不香了,
鸡你太美,
吃个鸡腿,
吃个鸡腿,
小哥高兴的眼睛都睁不开了哈哈哈哈哈,
这样吃完跑个十公里在做点引体向上，再练练肚子才不会增肥,
我擦，右手我能吃一天,
带个黑手套，吃的这样暴力好像个变态,
长得太像我同学了，感觉就在看我同学吃，我也是够了,
鸡你太美,
那是辣酱的话，鸡腿我都只能吃3个,
好大的嘴,
这个黑手套太影响食欲了吧,
你有钱了，你不变胖，你也吃不了。你的胃不答应！,
吃的有点丑....,
太可爱了怎么办,
你们养得起的话，我给你们两万美金,
9个饼，12个鸡腿，我哭了,
张嘴闭眼男哈哈哈哈哈笑死我了神人,
减肥人士表示追寻刺鸡就要追寻到底,
要是我吃不胖我也要这样玩,
吃到眼睛消失,
眼睛吃成一条缝,
前面的人家不是胖他是壮他健身的好不好,
好可爱啊,
好可爱啊哈哈哈哈哈哈哈哈哈哈哈哈嗝,
我觉得这跟快手完全不一样啊，快手吃东西让人没有食欲,
说对不起好可爱了哈哈,
偷偷吃掉一个饼加一根鸡腿,
他嘴角流着血。脸上露出幸福的微笑,
前面说手臂粗的，这是肌肉啊……,
削腿刀,
能看出来他的身体很强壮  不是胖的,
那全是肌肉，不是肥肉,
什么叫吃不胖人家是健身的,
嘬手指，讲究！,
好想吃鸡腿 o.o,
有点可爱,
能吃一周有问题吗？一天两个饼两个鸡腿喝点水够了,
美奈子,
没有胖诶？,
没有胖迪,
美 人 回 眸,
分我三个饼，一个鸡腿就够了！,
糖尿病在招手,
人家吃的干净也是美德,
啊啊啊刚才那一下好可爱！！！,
为何要眯眼睛,
这鸡腿 在他跟前看着太小了,
他不瘦,
肥宅快乐水,
手机肉夹馍店带点脑子看,
只有觉得他很可爱吗,
好嗨森的赶脚,
你永远想象不到奶油跟美乃滋在韩国的地位,
这嘴……,
拿走，我减肥,
要么一个鸡腿，要么一个饼。,
两个鸡腿，一个饼不能再多了。,
靠 好想吃啊啊啊啊（减肥好苦逼）,
右手给你比个心哈哈哈,
粗不代表胖，那全是肌肉啊,
你看孩子给瘦的,
我以前吃面包嘴开得太大嘴角都裂开了，看他张那么大嘴好担心哦,
感觉他吃得美滋滋的，我口水都流了。,
鸡腿能吃完的等等我！！！,
看见前面有个小可爱说吃一个就八分饱的乐死我了,
为什么还不胖,
一嘴塞个地球仪,
这个鸡腿绝了,
你忘记你的小鸡腿了,
看小哥的视频自己管不住嘴了,
他嘴怎么整这么大,
我左手一只鸡腿右手一只鸭腿,
我左手一只鸡腿右手一只鸭腿,
嘴不累吗你不噎吗不得肠胃炎吗不得阑尾炎吗 一群憨憨,
前面的等等我！我也是鸡腿能吃完，但是饼两三张就够了……,
鸡腿刷牙,
好可爱啊哈哈哈哈哈哈,
疯狂分泌口水，但这里的一个饼加一个鸡腿就是我的量了,
突然也好想尝试一次买十几根鸡腿然后一次吃完啊,
好可爱,
我想帮他擦嘴,
鸡腿削笔刀。,
鸡腿,
这还不胖吗 手臂都那么粗了,
这还不胖吗 手臂都那么粗了,
卷腿男,
光着饼我都吃不完我说的是他手里拿的,
小哥好像很喜欢吃鸡腿啊,
我想把他那盘鸡腿全抢过来。。,
鸡腿是辣的,
说肉夹馍的眼睛瞎了,
双腿流哈哈哈哈哈哈哈哈哈哈，笑死了哈哈哈哈哈哈哈,
每次都戴手套抓食物,
双手握住简单的快乐,
手好粗,
鸡腿真香,
啊!这鸡腿有毒!,
封面以为把鸡腿往耳朵塞,
封面以为把鸡腿往耳朵塞,
哈哈哈哈可爱思密达,
真想给他安副假牙。太特么累嘴了。,
好可爱啊,
一顿三个饼五个鸡腿我觉得是OK的,
嘴巴裂开了,
饼不说，就这鸡腿不够我一顿,
饼什么的无所谓，主要是想吃鸡腿！！！( ⚆ _ ⚆ )……,
饼无所谓，主要是想吃鸡腿！！！,
神技能 在嘴里转一圈就没了,
这手套每次都笑死我,
这个嘴巴。。。。无敌了,
为什么要戴黑色的手套,
不不不，小哥是真的不胖，他身上的都是肌肉好吧？,
这种鸡腿一口啃掉是最爽的,
悄悄偷走一个鸡腿,
悄悄偷走一个鸡腿,
好可爱哈哈哈哈哈哈,
他真的好可爱,
14个饼 12个鸡腿,
瞧把这个孩子给瘦的,
闭着眼睛硬吃  太痛苦了,
他不胖是因为锻炼，自己看看他小臂上的肌肉,
吃鸡腿最爱那口脆骨哈哈哈,
吓得我看了看手上的旺旺雪饼,
为什么总是不把嘴里的咽完再咬下一口，感觉看着很难受，嘴里一直有东西,
有些人能用自己的眼睛分辨下吗。。醉了简介说是什么就是什么,
吃着吃着，手没了,
这个吃完我能胖回两年前,
吧唧个腿,
他吃鸡腿肉饼，我吃苹果,
这样吃嘴巴不酸吗,
这个鸡腿肯定巨甜,
鸡腿有毒！,
吃不胖+有钱+身体健康？,
吃不胖+,
如果吃不胖我也这么吃,
他主要吃的太费嘴,
奔驰哥吃鸡腿那个视频你们看过不，好想让他俩比比,
看他的胳膊就知道他健身，所以吃不胖,
看他的胳膊就知道他健身，所以吃不胖,
12个肉饼，12个鸡腿,
哈哈哈哈哈哈这个鸡腿这个颜色这个肉看得我好想吃啊,
就他手上的饼我就能饱了,
我拿着手机咽着口水，想象我在吃鸡腿和肉饼,
我拿着手机咽着口水，想象我在吃鸡腿和肉饼,
我觉得他是可爱派的哈哈哈哈哈哈哈,
擦完嘴后，瞬间入戏,
只想吃鸡腿,
有的人真是嘴臭 看个视频冷嘲热讽你马呢 不爱看滚出去,
哥你胖了,
换成我，最多吃完鸡腿和三分之二的饼，还得健身，不但得胖不少,
换成我，最多吃完鸡腿和三分之二的饼，还得健身，不但得胖不少,
鸡腿不吃脆骨就是浪费啊，这么好吃的脆骨怎么能不要呢,
肥宅快乐饼啊，一口下去满满的幸福感,
张嘴闭眼男！,
快手即视感,
鸡腿:啊，你不要过来呀,
鸡腿版《我们三》,
能不能把眼睛睁开吃,
把眼睛睁开，可以?,
把眼睛睁开再吃，嗯?,
看到手臂没？人家小哥是健美爱好者，所以不胖的,
看到手臂没？人家小哥是健美爱好者，所以不胖的,
看到手臂没？人家小哥是健美爱好者，所以不胖的,
人家小哥是健美爱好者呢,
有点可爱233,
嘴角有     ,
一嘴顶我一顿,
肛检手套,
不会变胖这样吃＋1,
这个嘟嘟嘴，，妈呀！,
我超喜欢这个小哥，马鸭，太可爱了，太帅了吧,
超长版本快手？,
中国的手套是方便袋,
嘴不累的吗。,
看着手套难受,
好可爱啊哈哈,
这糟糕的手套,
求求你吃两个鸡腿吧,
这嘴绝对有特殊构造。。。,
鸡腿是辣的啊缇娜好心疼,
一起来感觉就是这美妙的感觉,
好可爱啊2333,
小哥被打了一样嘴角流血哈哈,
把眼睛给我睁开，李荣浩,
战术舔手,
剩下的这些是减肥的我三天的量…正常吃的一顿哈哈哈哈哈,
肉夹馍？这么告诉你吧，要是肉夹馍的话他手里两个加一起就够他塞一会的了,
小哥吃归小哥吃，你们不要说什么吧唧嘴,
小哥未免过于可爱,
为什么要带手套，感觉手套不卫生,
想给他擦擦嘴,
是他嘴大还是鸡腿太小,
是他嘴大还是鸡腿太小,
小哥好可爱啊,
是双腿流吧,
王大嘴,
好可爱,
感觉这个小哥好可爱,
妈鸭大佬你嘴不疼嘛,
头皮屑甩到鸡腿上了,
我就说不能太大口，看吧，嘴都崩坏了。。。,
震惊，一男子竟吃吃鸡高手,
为什么...你吃不胖！,
眼睛呢？,
嘴不累吗？,
鸡腿我可以吃完  这个饼我吃不完,
以前很瘦的,
五个鸡腿我就饱了,
俩饼仨腿极限,
我现在手里拿着馒头，看着视屏，想象吃的是这些。。。,
好像让他擦擦嘴,
那不是胖的，是健身健的,
12个鸡腿14个饼,
如果我有钱能吃又不长胖还有人陪我一起吃就这样吃好了（不清醒）,
第二天会不会嘴丫子疼。。。,
瘦脸针你也可以这么小,
肥宅快乐水,
好吃的眼睛都睁不开了,
第一次见韩国人吃鸡腿的时候吹软骨,
鸡腿是辣的,
说实话，我认为他长得帅,
看他吃饭好想笑啊哈哈哈哈  太可爱了,
鸡腿没问题，饼估计把自己腻到了,
鸡腿的精华就是两头的软骨,
鸡腿的软骨真的好吃,
这么吃，他的胸肌一定很大,
常吃鸡腿的人就知道软骨比肉好了,
鸡腿是用来刷牙的,
这怎么叫吧唧嘴，吃东西肯定有声音的,
俏皮的一缕头发~,
吃脆骨是对鸡腿最起码的尊重,
我想知道这个鸡腿辣不辣,
吃这么多次鸡腿不腻吗,
张嘴闭眼男♂,
可墨迹，啊啊啊，雅美蝶,
小哥可爱的啊嘎嘎,
感觉他的鸡腿天下第一好吃,
哈哈哈哈哈哈哈好可爱反应过来后道歉,
你好可爱,
我也想这么吃鸡腿,
舔了舔嘴里的牙套,
这手真胖,
这手真胖,
不会咬到舌头和嘴唇吗,
一口两个鸡腿是什么感觉？,
一口一个鸡腿是什么感觉？,
你看这瘦的,
这嘴，我可以,
真怕他嘴扯了,
这个肉夹馍长得挺别致的,
这嘴看着真油腻,
他长了一个色咪的眼和沾酱的嘴,
生怕他把自己的手也给吃了,
我不敢这么吃，易胖体质,
嘴角疯狂上扬,
看胳膊就知道肌肉很发达,
这糟糕的嘴角残留物,
脸这么肥还不胖脸前面的你是瞎了吗,
脸这么肥还不胖脸前面的你是瞎了吗,
吃东西能不能不吧唧嘴…,
别把麦克风含嘴里行吗（滑稽）,
他不是闭着眼睛，只是眼睛朝下而已,
嘴角都来不及长好，又要扯破了,
这小哥不胖脸,
鸡腿应该是甜辣的，酱也像是甜辣酱,
可怕，嘴裂了！,
双手握住简单的快乐,
左手右手一个鸡腿 梦想啊,
左手右手一个鸡腿 梦想啊,
好可爱我呜呜呜呜,
眯眼睛的都是怪物,
我也想这样吃但我怕胖w,
请问哪里吧唧嘴了？,
太可爱了,
我感觉这手套不错,
哈哈哈哈哈哈哈哈哈哈哈哈他好可爱,
嘴要是扯开了咋办,
我觉得吃着吃着就会吧唧嘴,
眼睛终于睁开了,
不会比较好吃，但是看起来嘴巴会很大。推荐细嚼慢咽,
糖饼配甜味鸡腿？想想就饱了。。。,
戴手套差评,
为什么手这么粗脸这么小！,
真可爱,
哈哈哈哈哈哈可爱,
他吃鸡腿真的一绝……,
如果我不会变胖我也想这样吃,
左手一只鸡腿，右手一只鸡腿，左边一口，右边一口,
左手一只鸡腿，右手一只鸡腿，左边一口，右边一口,
我也好想一口一个鸡腿啊,
看看人家手臂，那么粗,
这黑手套 吓人,
累嘴啊。。,
这不是鸡腿，是鸡翅根,
好可爱啊咋肥四,
好可爱啊咋肥四,
感觉看他视频很舒服，就是吧唧嘴有点难受,
没怎么张嘴还吧唧？这是咀嚼声,
橡胶手套感觉带着难受,
鸡腿看着好嫩,
他睁没睁眼睛？,
肥宅快乐水最配了！！！！,
张这么大嘴吃，下巴都受伤了,
你这大晚上的是诱惑谁呢？啊？鸡腿我最近对你太放纵了吗啊,
不要吧唧嘴啊,
这个挠头好可爱,
哈哈哈，颜色君好可爱,
好可爱,
我都是往嘴里塞四五个然后喝一口醋,
螺旋擦嘴，讲究,
可可爱爱,
顺手网购一堆小笼包,
沾化肥,
二倍速好烫嘴,
手里的袜子不香了,
我看他吃的好烫嘴,
擦嘴好习惯,
吃相小巧可爱,
越来越看不见耳朵了弟弟,
嘴里的口水变得不香了,
底下的技术君太可爱了,
烫嘴,
哈哈哈好可爱,
口水从眼睛留下来,
铁嘴,
哈哈哈哈，大家都好可爱，哈哈哈,
嘟嘴讲究,
手里的油条突然不香了,
弟弟早期视频还是这么可爱,
计数君太可爱啦！,
太可爱啦！,
从左到右，从未失手,
我在减肥啊啊啊啊啊,
为什么我的嘴中常含泪水,
加辣椒的醋就完美,
浙江人用嘴吃，讲究,
用手拿，讲究,
减肥来看，看饱了,
减肥第一天,
沾汽油的举个手,
下面好可爱哈哈哈,
用手，讲究,
泡在蘸料里吃的举手,
喜欢沾美汁儿汁儿的就我一个？,
不bia唧嘴好评,
瞅把孩子烫的，嘴都歪了,
用嘴吃讲究,
用嘴吃讲究,
用嘴吃讲究,
用嘴吃讲究,
用嘴吃讲究,
好可爱,
185，140斤，很苗条,
为什么不用筷子吃？灌汤包啥时候用手抓着吃了？,
可爱,
把嘴巴里面的麦吐出来,
这话筒放嘴巴里了？,
这话筒放嘴巴里了？,
这话筒放嘴巴里了？,
为啥用手啊 好烫的,
胖哥吃的太香啦！我好想吃包砸～,
为什么总是吸溜嘴？,
为什么总是吸溜嘴,
弟弟应该长的挺帅的，就是胖了,
算吃的少 人又胖的,
烫嘴烫嘴烫嘴烫嘴烫嘴烫嘴,
烫嘴烫嘴烫嘴烫嘴烫嘴烫嘴,
完美收工,
无情噘嘴,
烫嘴，讲究,
我是眼见他胖起来的哈哈哈哈哈,
美国很美吗,
吃醋吃到嘴白,
小包子被捏着好可爱啊,
个人表示尝试过用手捏饺子 感觉微妙的有点下饭 难道是错觉？,
他的耳朵去哪了,
减肥大军来了,
这个汤还挺烫嘴(手动滑稽),
这个汤还挺烫嘴(手动滑稽),
能完全看完的有几个  举一下手,
烫嘴的感觉,
麦在嘴巴里？,
耳朵消失在远方,
小葱蘸酱越吃越胖,
感觉有点烫嘴,
沾脚气神油。,
我在减肥，我好饿ಥ_ಥ,
不盘了不盘了，才盘了根雕，手疼,
蘸洁厕灵和风油精的都是狼灭，失敬失敬，受大哥一拜(手动滑稽),
减肥的时候看看 过过眼瘾,
日渐消失的耳朵,
减肥人士的精神食粮,
现在知道嘴巴檫干净啦,
弟弟吃的不是量，是性感声音,
欢迎收看，耳朵失踪记,
哈哈哈太可爱了吧,
用手的那个，咸吃萝卜淡操心。,
有些人看着看着就点开了美团外卖,
馋的我都瘦了,
逐渐消失的耳朵。,
逐渐消失的耳朵。,
我觉得这些小包子都好可爱啊！,
2倍的世界比较美好,
可爱,
一点不烫嘴呢,
一点不烫嘴,
为什么我的嘴里常含口水,
再来一碗鸡蛋汤，完美！,
哈哈哈为什么我觉得好可爱,
耳朵消失，讲究,
好可爱,
好可爱,
用手抓着吃真的好爽,
擦嘴巴8次,
擦嘴7次,
揉眼睛3次,
擦嘴目前5次,
揉眼睛2次,
用手，讲究,
美团外卖启动！！！！,
看着他越吃越胖 哈哈哈哈哈,
要我就用手吃哈哈哈,
烫嘴吗？,
好可爱啊,
耳朵呢,
嘴里有麦克风,
说丑的什么心态，我觉得人挺可爱的又有礼貌，你管人家怎么吃又没碍着你什么整天diss别人你有优越感了？,
说丑的什么心态，我觉得人挺可爱的又有礼貌，你管人家怎么吃又没碍着你什么整天diss别人你有优越感了？,
为什么他吃啥都不用餐具手不烫嘛,
为什么拿着筷子还用手,
战术嗦喽嘴  嗦喽 嗦喽,
可能是因为怕下一个也出现意外，所以提前都把包子一个一个分好，弟弟真的好可爱啊(๑‾ ꇴ ‾๑),
这就是包子阿  说饺子的眼睛？？？,
耳朵都瘦没了,
耳朵都瘦没了,
前面说好丑的，你听咀嚼音看脸？,
减肥期间看弟弟感觉没吃也爽,
刚刚嘟嘴好可爱,
刚刚嘟嘴好可爱,
能不能别用手,
在减肥的我想说好痛苦π_π,
我的耳朵,
九号选手请做好准备,
看以前的视频瘦不少哈哈哈哈哈,
弟弟果然吃胖了,
用嘴嚼 讲究,
人家用手怎么了,
能吃20个小笼包的小可爱路过,
好可爱啊啊啊啊啊,
自助餐杀手,
两个包子亲嘴嘴,
用嘴吃，讲究,
擦嘴，讲究,
吃过鸡胸肉的饺子馅是白色的,
手指呢,
开心的样子有点可爱,
第一次吃这个，嘴都快烫烂了,
只看嘴有点可爱,
只看嘴有点可爱,
妈耶看不下去了 是cheers 干杯哦小可爱们,
灌汤包一口吞会烫嘴的 ,
想吃的赶脚,
为什么要用手,
耳朵怀孕了,
我也喜欢用手拿,
刚刚从吃鸡腿过来,
还是手方便哈哈哈,
胖货,
吐什么啊，要吐还会这么胖？,
在这儿犟灌汤包里没汤  玩文字游戏的人  你们没吃过灌汤包能闭嘴吗 安静看着,
完美,
很有礼貌，很可爱，不错,
他其实长得挺好看哎,
而且我还不会胖,
渐渐消失的耳朵,
醋+辣椒酱，那才完美,
嘴里镶麦？,
弟弟越来越胖了,
计数君好可爱阿,
吗的 用嘴吃讲究的想笑死谁,
擦嘴讲究，讲究,
这才是吃播应该有的身材,
烫嘴,
减肥来看别人吃,
减肥期间来看这玩意,
吸溜嘴，讲究,
好像肥皂,
不用手拿，讲究,
人眼睛本来就那样。,
抠鼻子讲究,
好可爱的小火龙~,
肥宅一个,
死肥猪,
拿纸擦嘴讲究,
抹嘴，讲究,
芝士太美了吧,
好可爱的小龙,
擦嘴，讲究,
我一个正在减肥的将来干嘛,
手里的辣条他突然就不香了,
若隐若现的耳朵,
弟弟是不是画眉毛了 还是棕色的眉笔,
一只手，讲究,
又胖了几斤,
说吧唧嘴的那个是傻吧？没看见人家脖子带麦？,
舔一口胖十斤    话说为啥这么像我妈炸的年糕,
嘴莫名像猪鼻子，讲究,
嘴莫名像猪鼻子，讲究,
有五根手指，讲究,
我一脚一个一拳怪,
用嘴嚼，讲究,
烫嘴吗，烫嘴就是好芝士,
在现场，我是嘴,
在减肥！,
我要减肥，成功之后吃烤芝士,
馋哭了，但是我胖不敢吃,
很像长胖的老番茄,
嘴会动，讲究,
眨眼睛，讲究,
是美乃滋,
要是我，一口一个（手动狗头）,
屁股上有颗痣，讲究！,
两只眼睛，讲究,
嘴巴油了 讲究,
日渐失去的耳朵,
吃完这一顿胖10斤,
熟悉的打歌舞台摄像老师手法,
每次看他吃高热量的东西都是我减肥的动力,
蘸的是美乃滋吧,
你胸口的小火龙馋死了,
减肥的我为什么要来看这个,
惊现耳朵,
突然发现弹幕字号可以调小    完美了,
这还不胖？,
擦嘴，讲究,
吧唧嘴你是认真的嘛这是咀嚼音,
吧唧嘴你是认真的嘛这是咀嚼音,
小火龙可爱,
他没胖,
擦嘴，讲究,
我是嘴,
兴奋到没有手比大拇指,
手擦嘴，讲究,
手擦嘴，讲究,
擦嘴，讲究,
弟弟你耳朵没啦,
用手拿，讲究,
有头发，讲究,
用手拿筷子，讲究,
吃东西嘴会动，讲究,
说讲究怪可爱，讲究,
嘴巴会动，讲究,
烫嘴哈哈哈,
好可爱,
因为美食基是孤独的,
我再来，热量这么大 长胖十斤,
你们好可爱啊,
把你的嘴，从麦克风上拿开！,
常含泪水的，那是人家眼睛水灵！！！烦不烦啊,
舔嘴，讲究,
眼睛有红血丝，讲究,
胖我也会吃呜呜呜,
太瘦了，都露出耳朵了,
太瘦了，都露出耳朵了,
你们这些讲究怪怪可爱,
你们这些讲究怪怪可爱,
日渐消失的耳朵,
看那个可爱的小火龙！,
耳朵没了23333,
我也想吃 但是怕胖,
日渐消失的耳朵,
这眉毛画的有点随意啊,
眨眼睛 讲究,
哈哈哈耳朵日渐消失,
耳朵没了，讲究,
擦嘴，讲究,
吧唧嘴没礼貌盘他,
有鼻子，讲究,
烫嘴,
前面的，你好像对吧唧嘴有什么误解,
哈哈哈哈哈哈哈好烫嘴啊,
眉毛长在眼睛上，讲究,
眉毛长在眼睛上，讲究,
耳朵逐渐消失,
长得很像我们老班,
弟弟正在逐渐变胖,
眨眼睛，讲究,
没有吧唧嘴啊,
柔软的肥宅,
啊 嘴角的白浊,
他已经不瘦了,
衣服上的小火龙还是什么的 好可爱哈哈,
长得像yg社长,
用嘴吃，讲究,
烫嘴哈哈哈哈哈哈哈哈哈哈哈,
擦嘴 讲究,
动嘴，讲究,
闭眼睛，讲究,
我好想把他嘴扒开,
美乃滋的啦,
耳朵没了讲究,
烫嘴讲究,
我来!别吧唧嘴,
嘴里放炮,
看着好香！话说这哥们原本是瘦子吧好像？,
烫嘴吗,
耳朵消失,
用嘴吃，讲究！,
我再来，端着盘子手不累吗,
我也来:吃这么多不胖死你,
用嘴吃讲究,
修眉毛了讲究,
根本没有大口吃，噘着嘴装吃的大口,
闭嘴嚼，讲究,
很讨厌他吧唧嘴,
不用手擦嘴，讲究,
不用手擦嘴，讲究,
擦嘴，讲究,
撅嘴，讲究,
挠鼻子，讲究,
用纸巾擦嘴，讲究,
美乃滋,
他c的耳朵是往后长的耶,
舔嘴 讲究,
在现场，我是手里的夹子,
手机前小孩馋哭了,
不会胖死吗,
一张嘴，讲究,
想吃，怕胖,
用嘴吃 讲究,
有鼻子，讲究,
为何我的嘴里常含口水,
擦嘴，讲究。,
我也来：一口胖十斤,
口感是，奶香味的鸡胸肉,
吸一下鼻子通气  讲究,
落筷 双手放下离桌 讲究,
落筷 双手离桌 讲究,
用嘴吃讲究,
承包空屏，擦嘴，讲究,
耳朵自动隐形，讲究,
不管了！一口胖十斤我也要吃！！！,
你们住嘴吧,
当然少不了我：不会胖吗？,
这是嘴里含了麦吗,
用嘴吃，讲究,
对于减肥的我来说能这么吃真是幸福,
眨眼睛，讲究,
沾嘴唇，讲究,
那我也来，端盘子手不累吗,
日渐消失的耳朵,
手中的馒头瞬间不香了,
用嘴吃，讲究,
用手好评,
很可爱鸭!哈哈哈,
啊啊啊啊啊好可爱,
他太可爱了哈哈哈哈哈哈哈哈,
看着小哥从瘦到胖,
看着小哥从瘦到胖,
哈哈哈哈哈哈哈太可爱了弟弟,
好可爱,
太可爱了哈哈哈哈哈哈哈,
哈哈哈哈哈哈哈太可爱啦,
好可爱,
减肥的我默默流口水,
再见 我美团去了,
有瘦的时候的视频,
弟弟挺可爱的,
是zhenxiz突然觉得他好可爱刚才,
请各位小可爱善用举报功能,
好可爱啊,
好可爱啊我的妈呀,
片名《弟弟耳朵消失记》,
片名《弟弟耳朵消失集》,
减肥看这个能开心一点,
我以前觉得自己喜欢高高瘦瘦的，现在发觉弟弟这种我也好喜欢呀(#‵′)靠,
哈哈哈哈哈哈哈哈哈哈哈哈哈好可爱,
这个是印尼捞面。。。和美国应该没有关系吧,
减肥的造孽呀，手贱呀,
减肥的造孽呀，手贱呀,
哈哈哈，可爱到爆炸,
弟弟真可爱 偷偷吧唧一口♡ʚ♡ɞ(ू• ̮ •ू❁),
好喜欢看弟弟戴眼镜！好可爱！！,
低头写了一会作业，抬头发现你们还在讨论绿的是什么,
我以为他要看手表时间 和H啊哈哈,
瘦下来绝对好看,
哈哈哈哈好可爱,
为何我的嘴里常含口水,
啊啊啊啊啊啊啊怎么这么可爱啊,
哈哈哈哈哈哈哈好可爱啊,
美国的拉面,
弟弟为什么这么可爱啊……水汪汪的眼睛,
弟弟为什么这么可爱啊……水汪汪的眼睛,
你正面能看到耳朵你就是招风耳，扛精,
辣椒好吧，没听见辣的呲溜嘴，秋葵毛线,
太可爱了,
可爱你个鬼的那个，别找存在感行吗,
wcnm，你管别人擦不擦嘴，人家乐意。,
夹不上来就上手了哈哈哈,
突然想起忘记说724好可爱,
好可爱,
可爱啊,
别争了是鸡腿,
嘴小吃得很费劲啊,
哈哈哈哈，好可爱啊,
我眼睛也常含泪水的……,
哈哈哈太可爱了!,
这肯定是手擀面,
又跟我一样攒了一嘴口水没咽的吗,
168才70多斤的那个也太瘦了，瘦的跟竹竿一样,
我在想这嘴角上的面什么时候吃掉,
看了快手骚耳再回来。没有底噪太幸福了,
怎么这么可爱,
不闭着嘴嚼，还张开嘴？,
感觉好干啊，能来杯快乐水就完美了，，，,
逐渐消失的耳朵,
瘦成竹竿真的超好看(゜ロ゜),
可爱的杠杆精灵们,
他手里拿着一小包面。仿佛微缩面条。,
耳朵：看不见我看不见我,
哈哈哈好可爱啊,
这嘴我也想要,
美国的方便面前面说了,
可爱炸了,
听声音觉得他嘴好干,
哈哈哈哈哈哈哈哈哈哈哈哈哈好可爱,
同减肥 喝了一口白开水,
看帽子好吧，左手,
握草长得像前任,
减肥的那个你别走,
前面说什么心态的难道不可爱吗,
美国拉面所以用叉子吃哈哈！,
又不是只有帅哥才是可爱，胖胖哒也很可爱啊,
又不是只有帅哥才是可爱，胖胖哒也很可爱啊,
可爱你个鬼,
可爱你个头啊,
小勺子，可爱(/≧▽≦/),
秋葵也有籽ok？傻得可爱,
可爱死了，可爱的不像话,
请你务必摸一下眼睛哈哈哈,
说是秋葵的赶紧闭嘴 你拿白味秋葵就面吃吗？而且这是辣椒,
减肥前能吃这么一大份，减肥期间只吃剩下这点【泪】,
用手，讲究,
哈哈哈哈哈哈哈哈哈可爱,
别人食量小也要喷，真是丑恶,
可爱死了！忘记说了还补哈哈哈哈,
人家饭量就那么多还要怼？？还有前面那个担心太瘦所以发弹幕的我觉得这个理由很尴尬,
哈哈哈哈哈哈哈哈哈好可爱,
青辣椒，手抹鼻子是辣出了鼻涕，喝冰水是为了解辣。,
青辣椒，手抹鼻子是辣出了鼻涕，喝冰水是为了解辣。,
泡面和火腿肠,
剩下的是一个减肥的人的量,
弹幕好可爱,
减肥看，,
好可爱哈哈哈哈哈哈哈哈哈哈哈,
作为一个胖子已经失去了吃糖的资格,
哈哈哈好可爱哈哈哈哈哈哈,
挠手，讲究,
用手拿，讲究,
应该是胖若两人了 现在,
哈哈哈哈哈哈哈哈哈哈哈可爱,
美国的拉面,
这一嘴普通的面不得事半包,
美国的拉面,
说喝水的那个，我刚刚看鬼片，你可能吃出来一团头发，你回来就发现吐出来的头发，不见了,
哈哈哈哈哈哈哈哈哈哈可爱！,
好可爱,
这也太可爱了吧！！！！！,
快点擦嘴了啦！,
每次减肥节食的时候就看吃播,
拿勺子有点可爱,
瘦成竹竿人家可以吧 你操什么心呢还是说你酸？,
减肥你还来看哈哈,
嚼的这么细一定会胖的吧,
如果在这还要说是秋葵那就去看看脑科了，不是眼睛问题了,
看不到脖子上的麦吗？放在嘴里也是够了,
他吃东西爱撅着嘴,
好可爱啊啊啊啊啊,
左手拿筷的。。看清楚了吗，这是右手吧。。,
擦嘴大概是怕嘴太太油了吧,
不是饭量小要怼，是营养摄入不足对身体不好啊宝贝。瘦成竹竿真的那么好看嘛？,
我十八男生，四包吧，吃不胖随意吃,
我们自己知道是青椒就好，别浪费口舌了，还有人能把鸭腿说成鸡腿也是服气,
我朋友超瘦她也不大喜欢吃饭吃饭也很少,
哈哈哈太可爱了,
减肥看他吃，聊以慰藉,
嘴上有油呀……,
麦放嘴里，讲究,
麦放嘴里，讲究,
减肥的第4天已经看吃播看了4天了，饿死了,
那是右手啊，兄弟！！！,
用嘴吃讲究,
减肥的有吗,
都闭嘴吧那个绿色的是贾乃亮,
都闭嘴吧那个绿色的是贾乃亮,
他的嘴为什么都要撅起来,
用手将就,
嘴角,
减肥党在哪里？,
耳朵怀孕了,
好可爱 好像抱着亲亲,
可爱死了,
天知道我为什么抖腿,
逐渐消失的耳朵,
为啥老有说把麦放嘴里的,
擦嘴，讲究,
张嘴咀嚼，差评,
左右手通用,
减肥看这个，，,
正在减肥期的我来作死了。,
减肥  就看吃播√,
不用想了，美国已经跟中国断掉贸易上的往来了,
前面说把麦放在嘴里的，长点脑子，那是在喉咙里，好吧？,
可爱,
一手筷子一手叉，骚操作,
啊啊啊啊啊啊好可爱啊,
前面的，你真搞笑，你怎么不说吃东西就不怕长肥？,
这卷面手法，，难道是，，，我儿仔?,
哇，当他把面全塞进嘴里时，满足感爆棚。,
有嘴巴，讲究,
美国有卖的,
美国的拉面,
他也太可爱啦啊啊啊啊啊啊,
用嘴吃，讲究,
可爱,
幸亏中午吃了鸡胸,
减肥。为了吃更多,
最近在减肥。饿了就看各种吃播。,
用手，讲究！,
已经减肥一个月的我……每日只能望梅止渴😫现在是凌晨，肚子在咕噜叫,
减肥的我擦了擦嘴,
减肥的我擦了擦嘴,
超喜欢嘴里塞满东西,
好可爱啊我的天啊,
可爱,
哈哈哈哈哈哈哈怎么这么可爱啊,
正在减肥天天看  锻炼意志力,
嚼的时候嘴就不能不留缝么,
扶眼镜真可爱qwq，,
哈哈哈哈哈好喜欢弟弟啊太可爱了啊啊哈哈,
那是右手,
好可爱,
美国的拉面,
说把麦放到嘴里的我也是醉了,
胖若两人，hhh无敌了,
hhhhhhhhhh  太可爱了,
 左手拿筷子是怎么做到的,
挠手背莫名可爱,
挠手背莫名可爱,
我就觉得他吃相很好，闭着嘴咀嚼～,
他是把麦放在嘴里吗,
中西混合进食手法,
哈哈哈哈扶眼镜太可爱了！！！！,
减肥的我 喝了一口白开水 ,
美姑娘拉面,
我也喜欢边吃边擦嘴巴，不擦不得过,
你真是不是胖嘟嘟你只是可爱！！！,
你真是不是胖嘟嘟你只是可爱！！！,
怎么这么可爱,
哈哈哈好可爱啊,
边减肥边看当gay,
蠢萌蠢萌的，超可爱,
超级喜欢嘴里塞满食物的那种满足感！！,
减肥的我迟早饿死在这破B站,
太可爱了,
🐷🐷嘴,
妈呀！太可爱了,
哈哈哈这里完全可爱啊,
秋葵生的不注意都会扎手，怎么生吃,
跟我一个习惯，吃一口擦嘴一下，就受不了嘴巴上有油！,
论嘴大的好处,
哈哈哈哈  直接上手  好萌啊,
不会1.5倍的同志请用两只手指在屏幕上向右滑动,
现在可以擦嘴了啦,
现在可以擦嘴了啦,
我不是胖嘟嘟 我只是肉很多,
弹幕的你们太可爱了哈哈哈,
弹幕的你们还可爱,
长期用前牙吃东西可以把腮帮子瘦下来,
是胖若两人,
美国的拉面,
噜甲噜胖,
夹不起来……直接上手哈哈哈哈哈哈哈,
点设置在点播放器设置，往下翻有调速。手机.,
这个面有点油吧，可能嘴上沾油不舒服,
哈哈哈哈哈哈哈哈可爱死了,
弟弟好可爱啊,
好萌好可爱,
右手在下面嘎哈呢,
精致的男孩，吃面不忘擦嘴,
嘴小容量大,
突然羡慕嘴巴大的,
好可爱,
哇，，这嘴巴，什么都能一口吞下,
下单下单，买买买，吃吃吃，胖胖胖,
眼睛瞪得像铜铃,
眼睛已红,
握草屁股很痛的,
颤抖的小手,
眼睛都红了,
眉毛一皱，发现事情不对,
那离开你以后我才发现那爱笑的眼睛,
辣白菜烫嘴,
长得好像黄子韬啊,
颤抖的手,
看进度条集美们,
眼睛都红了……就不能少放几个饺子吗？,
哈哈哈哈哈哈太可爱啦,
这就开始挤眼睛,
哈哈哈哈哈哈哈哈哈哈，差点上手揉眼睛,
哈哈哈哈哈哈哈哈哈哈，差点上手揉眼睛,
丑死,
太可爱了哈哈哈哈哈哈哈,
"小哥加油,好可爱",
他看着好可爱,
眼睛都红了,
嗯～小东西真可爱,
小小的眼睛，大大的疑惑,
瞪大我的眼 辣味可以从眼睛里散发掉,
手指在颤抖,
果然吃太辣会忍不住吧唧嘴的,
感觉下不去嘴了,
冰块的声音让我知道他颤抖的手……,
无处安放的小手,
小哥差点离开这个美丽的世界hhh,
手都在颤抖,
这个丑萌丑萌的大叔是因为不能吃辣但是很喜欢吃辣才会这个亚子,
辣到吧唧嘴的那个hhhhhhc笑死我了,
拿饺子的手微微颤抖,
鸡冻的心 颤抖得手,
他怎么那么可爱,
激动的心，颤抖的手,
他好可爱哈哈哈哈哈,
颤抖的手,
建议去做肛门摘除手术,
眼睛一闭意识到不简单,
现在收手已经来不及了,
手在发抖,
小心别粘到眼睛,
嘴唇子都肿了哈哈哈哈哈哈哈哈哈,
又好笑又可怜是怎么肥事,
飞翔的眉毛,
辣到吧唧嘴哈哈哈哈哈,
辣到吧唧嘴哈哈哈哈哈,
飞舞的眉毛,
太可爱了哈哈哈哈,
激动的心 颤抖得手,
你看他那毫无血色的嘴唇,
请记住这个嘴唇,
哈哈吞口水 可爱,
太可爱了,
感觉自己眼睛大了,
啊哈哈哈哈拿饺子都手 微微颤抖,
揉眼睛，爽翻天,
还是不画眉毛看着顺眼哈,
嘴肿了 哈哈哈哈哈哈哈,
太可爱了,
颤抖的小手哈哈哈哈,
好可爱啊哈哈哈哈哈哈,
激动的心，颤抖的手,
这个时候哪儿还顾得上吧不吧唧嘴了,
眼睛好红,
下不去嘴，哈哈哈,
莫名可爱,
他的手在颤抖，笑死,
好胖啊,
你现在的笑多么真实可爱,
嘴已经变样了,
这眉毛,
长得挺老实，明朗的,
颤抖的双手,
手抖啥，怕是要笑死我,
吃辣吧，让你瞬间拥有卡姿兰大眼睛,
吧唧嘴应该是被辣的嘴巴疼,
鼻子下面都红了,
为什么我的头发蒙,
无从下手,
眼睛原来可以睁得这么大,
拉倒吧快手都是色素辣都不辣的这个小哥太实诚了,
 看另一个视频你们说想到了吃辣饺子 在这里又看到你们说想到了吃冷面 我就跟随你们的脚步一下午了,
大半夜让我笑出声的幕后凶手,
突然觉得有点像涛涛是怎么肥事,
颤抖的手,
拿饺子的手微微颤抖hhhhhh,
好可爱,
眼睛红了……,
这个多敬业啊，想想快手老铁,
请记住现在他的嘴,
我觉得，他也太可爱了吧，哈哈哈哈哈哈哈哈哈哈哈哈,
hhhhhh小哥哥太可爱了,
辣眼睛啊,
可爱,
拿白菜的手开始颤抖,
拿饺子的手微微颤抖,
无从下手，无从下口,
好想给他修一下眉毛,
颇有快手风范,
随手一截就是个表情包,
眼睛已经红了,
手都开始抖了,
如果你被绑架了就连眨两下眼睛！,
辣到手抖,
今天没有手套了,
手在抖,
鸡腿年糕找过来的,
颤抖的小手,
可爱hhhh,
下不去手,
挣扎的小嘴唇,
性感肖央，在线辣哭,
性感肖央，在线辣哭,
眼睛都辣红了,
下不去嘴了都,
手动微笑,
关二爷的眼睛....,
面部表情系统手动重启,
手指也感觉得到辣,
手在颤抖,
嘴都辣肿了呀,
眼睛都红了有点心疼,
再次手动微笑,
手动微笑,
哈哈哈哈哈哈哈可爱,
吞剑选手,
我辣到的时候就在嘴里含一口白糖！！,
小心翼翼的手哈哈哈哈,
上面烫嘴巴，下面辣菊花,
哈哈哈好可爱,
嘴最辣,
原来是印度人用手吃,
辣到手抖,
小哥嘴都肿了,
小哥的表情真的太可爱,
眉毛开始跳舞,
眼睛都红了,
嘴都肿了,
我每次看他都觉得胳膊酸,
嘴：我不想吃了，手：不，你不想,
嘴：我不想吃了，手：不，你不想,
人生就此完美，等到老了把这视频翻出来可以吹到死,
嘴角都辣肿了哈哈哈哈哈哈,
手都在颤抖,
手在抖,
辣眼睛,
手指都在颤抖,
不是不能吃，是真的特别的辣！！嘴会肿的那种，神智不清,
颤抖的小手,
嘴边一时爽，明天大粪喷一个整,
这该死的美味，竟然让我上头。。。,
这小眉毛,
眼睛都红了,
这饺子竟然该死的甜美,
添手指是最辣的！,
眼睛都红了,
手动微笑,
手撕白菜？？？,
眼睛红了,
还舔手上的辣酱哈哈哈,
眼睛都红了,
这是把一包酱挤嘴里了吗？！,
嘴边一时爽，x花……,
这嘴肿的,
嘴都肿了,
吧唧嘴你是认真的吗 ,
这臃肿的小嘴唇,
嘴肿了吧……,
哇，眼睛都红了,
颤抖的手,
手都在发抖,
嘴唇边起色了！哈哈哈哈哈哈,
咂嘴。。差评,
嘴好像肿了...2333333,
辣到没有眼睛,
手指:我想拿 辣椒:不，你不想,
好萌啊，手动微笑,
想想我们快手老铁,
他已经辣的无意识翘手指了哈哈哈,
手抖了,
哈哈哈哈哈好可爱,
手要是揉上眼睛你就死定了233333333,
手要是揉上眼睛你就死定了233333333,
一手的辣酱,
眼睛逐渐变红,
小哥哥嘴小还硬要塞很大一块哈哈哈,
眼睛充血,
天啊他眼睛都红了,
眼睛发红要哭,
下不去嘴，哈哈哈,
如果有人绑架你  逼你吃这些   你就眨眨眼睛,
吃的手都发抖了，欧巴,
辣到眼睛都大啦哈哈哈哈哈难得,
手都在颤抖,
看不见耳朵了哎,
嘴都辣肿了_(:ᗤ」ㄥ)_,
下...下不去嘴,
油进眼睛里了，要小心一点啊,
他吃洋葱也有一手hhh,
这眉毛 哈哈哈哈哈,
手在颤抖,
眼睛都辣没了,
眉毛好好玩哈哈哈哈,
拿勺子推嘴里比筷子快多了，用筷子还得辣,
在吃下去眉毛也会脱妆的,
激动的心 颤抖得手,
嘴真的会肿,
口红色号=超辣火鸡面特别值吃个面还送香肠嘴,
好可爱的小哥,
眼睛都红了,
双手微微颤抖啊哈哈哈哈哈哈哈哈哈哈哈哈,
一直盯着眉毛,
介个眉毛～,
性感嘟嘟唇喔,
不出我所料，他的嘴巴应该是火辣辣的疼哈哈哈哈哈哈哈哈,
可爱,
完美证实了我吃火鸡面的亚子,
舌头：我不行 手：你可以,
眉毛今天给你加鸡腿,
眉毛今天给你加鸡腿,
眉毛都变淡了,
嘴：我你要手：不你要,
嘴：我你要手：不你要,
这眉毛是纹了吗,
辣的眼睛都红了，哈哈,
好像感觉不到嘴唇的存在了,
手不受控制了吗哈哈哈,
耳朵红了,
往嘴里扒！！没得感情！,
这眉毛真搞笑,
看吃辣视频有助于减肥看得我都饱了 ,
这个小哥超可爱，蠢萌蠢萌的［个人感觉，杠精勿喷］,
珍惜现在的嘴唇,
激动的心，颤抖的手,
上眉毛了,
颤抖的手,
好可爱啊！？！,
眉毛居然不脱妆,
会不会吃着吃着眉毛掉了,
眉毛演的好,
手在颤抖,
嘴巴在抗拒这碗面哈哈哈哈,
小哥，你的颤抖的手狠醒目,
嘴肿了吧,
眉毛出众,
颤抖吧我的手！,
这眉毛到底谁画的,
眉毛有点意思,
小小的嘴大大的梦,
这个眉毛是认真的嘛,
手在颤抖啊,
面条突嘴,
江苏人表示这个面还好，会流汗，辣嘴唇,
眉毛像是纹过,
无情铁嘴,
激动的心 颤抖的手 双眼含满泪花,
嘴唇好红(✪▽✪),
眉毛好秀,
这眉毛太秀了,
眉毛是怎么了！,
幸好左手没有粘上酱料,
眉毛出戏了哈哈哈,
忧郁的大眉毛,
拿筷子的手微微颤抖,
手已颤抖,
这个表情哈哈哈哈哈哈我不行了好可爱,
可爱,
嘴唇:我意识到了事情的严重性,
脸和耳朵越来越红，,
这个眉毛哈哈哈哈哈,
眉毛逐渐掉色,
哈哈哈哈哈哈哈这么可爱，这小眉毛,
哈哈哈哈哈哈哈这么可爱，这小眉毛,
吃完了会感觉嘴发麻,
拿手纸擦一下吧大哥,
"性感的嘟嘟唇,！哈哈",
应该辣到头晕眼睛发花,
脸部已经发红，手已经颤抖,
这小哥的眉毛哈哈哈哈哈哈哈,
颤抖的手,
我吃完火鸡面感觉耳朵不在了,
这个眉毛,
这眉毛。。。。,
烫嘴,
烫嘴,
小哥头发很乌亮，为啥眉毛如此稀少，全靠画,
小哥头发很乌亮，为啥眉毛如此稀少，全靠画,
嘴唇子比鸡肉面都红,
拿筷子的手微微颤抖哈哈哈哈,
小哥眉毛好有特点,
他的头发有点像假发,
烫嘴吧,
手在抖,
看他吃面的样子我都熏眼睛,
好可爱,
樱桃小嘴,
半只脚踏入病房了,
眼睛都辣红了,
颤抖的手已经说明了一切,
眉毛是最骚的,
嘴好红啊啊哈哈哈哈哈,
吃双倍辣嘴巴忍的了肠胃不行从胃开始到最后排出肚子一路剧痛,
嘴肿了。。。,
辣到眼睛了,
我也觉得好可爱 眉毛吸睛,
我也觉得好可爱 眉毛吸睛,
这眉毛，好丑,
这眉毛，好丑,
小嘴儿好性感,
小嘴儿好性感,
感觉嘴都肿了……,
激动的心，颤抖的手,
这眉毛2333,
扑登 美女们,
拿筷子的手,
实力作死选手,
今天嘴巴，明天pp,
辣的眼睛都红了,
你的眉毛出卖了你,
嘴唇发红,
他的舌头应该已经麻了嘴巴里很疼,
激动的心颤抖的手，吃完厕所走一走,
眉毛纹的多少钱的？？？,
这个眉毛哈哈哈哈哈,
这小哥眼瞅着就胖起来了,
你的眉毛为谁拼过命,
等一下会不会吃的眉毛掉了,
颤抖的手却无法停止 无法原谅,
这眉毛,
太可爱了,
这眉毛。。。。,
眉毛笑死我了,
手抖,
这浓眉红唇真是再性感不过了,
小哥这个眉毛是半永久,
胖子,
眉毛都红了，可是看他吃辣才有感觉,
他这是画了眉毛么,
眉毛不丑啊,
眉毛不丑啊,
哦！这动人的眉毛,
这小哥的眉毛纹的不错,
眉毛是纹的吗？,
嘴爽肛遭殃,
这眼睛好红,
你胖了,
美味，人间真正的美味，再来一碗,
还好是眉毛不然到时候妆哭没了,
这个眉毛是刚纹上去的吗？？？？？,
他长得好像我的历史老师啊（doge,
腊肠嘴,
烫嘴的感觉,
怎么会有这么可爱的大龄男孩子啊,
哈哈哈哈哈哈你们一说眉毛我就只看眉毛了,
眉毛……,
嘴已经肿了，。。,
头发怎么了哈哈哈,
嘴巴辣肿了,
嘴巴肯定很辣,
辣得烧嘴巴,
手在抖,
嘴巴颜色好好看啊，好高级的感觉,
嘴巴都红了。,
眉毛实力抢镜,
不能吃辣还喜欢吃辣你也太可爱了叭,
你怎么能画眉毛呢我们喜欢的是纯天然的你,
这眉毛纹的有点失败啊,
画眉毛了,
这个眉毛跟我画的好像啊(ಡωಡ),
长得像苏明成,
手都颤抖了,
别人身攻击，前面的你丑的像狗,
我的眼睛常含泪水,
手在颤抖,
激动的心，颤抖得手,
辣的眼睛睁不开,
手抖,
手都在抖哈哈哈,
这个小哥太可爱了哈哈哈,
眼睛红了,
强颜欢笑 太可爱了叭,
拿筷的手，微微颤抖,
肖央又胖了,
嘴巴里得多疼啊,
激动的心，颤抖的手,
大哥的眉毛是纹的么,
火红色的大嘴唇,
手都在颤抖,
又想笑又心疼小哥23333小哥太可爱了,
眼睛流汗了,
觉着有点可爱,
蓝瘦，香菇,
辣的舌头疼嘴巴疼,
可爱,
哈哈哈哈好可爱,
瘦了？！,
这眉毛越看越想笑哈哈,
小哥哥的眉毛有点奇怪,
嘴巴肿了,
这个眉毛是怎么肥四,
这个眉毛是怎么肥四,
激动的心，颤抖的手,
手手开始抖了,
好像翔哥的眼睛,
眼睛都红了……,
嘴巴已经嘟嘟了,
小新长大了 有点可爱,
在眉画的还是纹的 绝了哈哈哈哈可爱,
辣的烫嘴,
嘴巴眼睛都肿了,
嘴巴眼睛都肿了,
这眉毛太丑了,
这眉毛太丑了,
焦点全程在眉毛上,
嘴会辣肿的,
激动的心颤抖的手，手中肉，一线喉  干(º﹃º ),
这小哥的眉毛也挺瞩目的 哈哈,
大哥擦完眼睛发现手上沾着辣酱,
大哥擦完眼睛发现手上沾着辣酱,
手逐渐颤抖,
眉毛画了？,
嘴唇鲜艳欲滴啊,
花了眉毛，为什么还没吃觉得他眼睛已经红了,
花了眉毛，为什么还没吃觉得他眼睛已经红了,
唇色不错，哈哈眉毛纹毁了,
眉毛颜色配色不对框感太重眉头太重无力吐槽,
眼睛好像要粘住,
眉毛好像是最近才画成这样的,
这个眉毛...,
他每次一唔眼我就笑得不行，怎么这么可爱,
眉毛咋了？？？,
想到第二天屁股的多痛,
这眉毛好像纹了眉一样  哈哈哈哈哈哈,
眼睛辣红了,
为什么我的眼睛饱含泪水,
吃的时候一滴辣椒油到眼睛里面,
辣眼睛,
完了，又是盯着眉毛挪不开视线的一级,
辣的眼睛都肿了,
嘴肿了,
眉毛哈哈哈，小哥总是自带萌点,
长痛不如短痛直接全塞嘴里,
这个笑好可爱啊,
闭着眼睛享受,
你说嘴巴嘟嘟,
这只手摸过嘴了不许再擦眼睛了！！,
这只手摸过嘴了不许再擦眼睛了！！,
这只手摸过嘴了不许再擦眼睛了！！,
小哥哥头发自然卷啊,
眼睛红了,
死亡眉毛,
顫抖的手卻無法停止,
以前从来没注意看过 突然发现这眉毛是认真的吗,
这嘴唇,
快乐肥宅水呢,
胖了哈哈哈,
妈耶这个嘴巴,
嘴都肿了,
主要辣是痛觉，舌头和嘴巴太疼了,
嘴张大 感觉嘴角都疼,
这哥的眉毛？？,
怎么变胖了,
眉毛好评,
好可爱啊啊啊,
好可爱啊,
手在颤抖,
口红很性感,
他现在立即需要一瓶肥宅快乐奶解辣,
你这眉毛咋了,
这个眉毛哈哈哈哈哈哈哈哈逗死我了,
嘴肿了,
激动的心，颤抖的手,
小哥:我分不清这手中是泪还是汗,
眼睛红了,
眉毛画得不丑啊,
眉毛画得不丑啊,
别吃了，看着好痛苦，手都抖了,
这眉毛纹的不太行,
这嘴巴可真性感,
这嘴巴可真性感,
胖了,
这眼睛红的,
这嘴是擦了口红吗？,
应该是纹的眉毛吧,
眉毛……,
不得不说这眉毛太失败了,
眉毛哈哈,
眼睛肿了,
眉毛,
眉毛是纹的吧,
眼睛都红了,
拿着筷子的手微微颤抖,
小小的眼睛充满大大的绝望,
手都抖了,
胖了,
胖了,
基本看不见耳朵了呦,
香肠嘴了,
夹面的手微微颤抖,
嘴都肿了,
他每天都自己画眉毛吗,
画了眉毛,
面烫嘴,
跟这个黑的扎眼得头发不太搭(・ω< )★,
胃疼什么嘴巴疼啊，嘴巴最多感觉辣,
这嘴唇好性感,
这嘴唇好性感,
吃到最后连嘴都不敢往大张,
上眉毛的是魔鬼吗,
当我终于觉得你看起来不丑的时候  你给我看这个！,
哈哈辣的手都抖了,
快赶上蜡笔小新款眉毛了,
嘴巴颜色好看,
硬核眉毛,
辣的手在颤抖。。。。。,
这是小哥嘴张得最小的一次,
我以为面把他嘴烫了。。。。。,
烫嘴,
上眉毛了,
辣椒别摸到眼睛,
手抖,
拿小手来扇一扇就不辣了,
胖了,
辣到头发炸起来,
拿筷子的手，微微颤抖,
手在颤抖,
嘴巴肯定疼,
眼睛那的粉底液融了，2333,
这个嘴唇……,
辣眼睛,
为啥要捂眼睛,
高手,
溅到眼睛当场去世,
哈哈哈哈好可爱,
难以下嘴,
辣的呛眼睛,
眉毛秀啊,
这是我见过最可爱的吃播❤️,
嘴唇还有知觉吗,
吃一嘴血,
手动@郭锥,
小小的眼睛里充满大大的绝望,
眼睛逐渐湿润,
要是崩进眼睛里了怎么办,
要是崩进眼睛里了怎么办,
拿筷子的手微微颤抖,
辣眼睛,
妈呀，看来这面辣眼睛,
减肥期好多不能吃   就来看看你,
激动的心颤抖得手,
最后汤汁喝完完美,
淘宝五块一包很便宜，但是热量曝炸很长胖的,
太可爱了吧,
哥 你要是被绑架了你就眨眨眼睛,
嘴巴都在用力,
莫名可爱,
他长得像筷子兄弟叠加版,
蹦到眼睛就结束了,
颤抖的小手,
崩到眼睛里，你就废了。,
他吸面的时候眼睛是闭着的,
辣眼睛,
有没有想过酱弄进眼睛是什么样子,
嘴都肿了,
这个大叔真的是丑萌丑萌的,
无情铁手,
辣眼睛,
辣眼睛,
每次看小哥的眉毛都觉得很喜感,
这个up吃饭不挣开眼睛,
嘴部发力,
辣眼睛,
熏得辣眼睛，哈哈,
辣眼睛了,
舌头和嘴唇以麻木,
他不会没有眉毛吧    好像是画的,
嘴巴都红了,
嘴巴都肿了,
辣眼睛,
这要是跳一滴在眼睛上，当场毙命,
特别怕他卷面条的时候汁溅到眼睛里,
他眉毛是不是不对称,
比以前胖了好几圈，不运动的吗,
从炸鸡腿过来的。,
这手刚摸过辣椒油,
天啊，看着这个眉毛，我好难受啊！,
看他嘴唇，都厚了,
眼睛都辣红了 壮士啊,
嘴角疯狂上扬,
嘴爽、肛痛。,
这个眉毛…我是服了，马上退马上退,
手在颤抖,
收手吧！,
嘴唇都紫了,
手都在抖,
嘴巴颜色nice,
辣眼睛,
这眉毛差评,
辣到手指不能自理,
激动的心 颤抖的手,
哈哈哈哈伸个懒腰,
辣眼睛,
嘴说，你不能再吃了，。手，还能吃,
嘴说，你不能再吃了，。手，还能吃,
林俊杰你胖了,
心告诉他：继续吃试试！味觉说：没感觉；眼睛说：要哭了……,
王太利你胖了,
辣到睁不开眼睛,
烫嘴哈哈哈嗝,
是辣眼睛了吗,
辣眼睛了,
真·辣眼睛,
假装伸个懒腰,
辣眼睛23333,
颤抖的手,
拉辣到眼睛了,
辣椒水别进眼睛里才,
这面烫嘴,
