手里的沙拉瞬间不香了,
手酥酥麻麻的 怎么回事？,
酒上头了，开始上手了,
那个不是火腿肠，是磨牙棒吧？,
手里的车仔面突然不香了,
炸儿会自己剥火腿肠吃   太赞了,
糖醋肉我的天，太美了,
炸弹好可爱啊，哈哈哈哈,
弹幕里可喜欢指手画脚了,
弹幕里可喜欢指手画脚了,
人美路子野,
自己开火腿肠,
看完我就去减肥,
重新减肥的我又来了,
炸酱:西八，哎，这个西八火腿肠,
吃这么多还这么瘦，慕了,
姐姐好可爱啊啊啊,
减肥的我好想吃麻辣香锅啊,
炸儿在和火腿肠打架 哈哈,
长得干净，干活利落,
姐姐好好好可爱呀！,
哈哈哈哈哈哈可爱,
减肥中，看它吃，解压。忧郁心情都没了,
麻辣香锅里面再加个面简直完美,
姐姐嘴真的超级小,
炸酱好可爱,
减肥路漫漫啊～,
好可爱呀,
吃东西的样子憨憨的，好可爱,
姐 对你的嘴温柔点行不 ,
胖了,
这麻辣香锅长得像麻辣拌,
姐姐好可爱,
美食乐的别走,
背后小黑手 哈哈哈哈哈哈,
配上米饭香锅就完美了,
什么长胖了，是胸大！,
什么长胖了，是胸大！,
狗子太可爱了,
狗子太可爱了,
只喜欢喝肥宅水，感觉酒太苦了,
太可爱了吧,
眼睛开始直了,
两个小手手扶着好可爱,
两个小手手扶着好可爱,
后面那只狗好可爱啊,
好可爱,
可爱！,
姐姐的眉毛让我想起了某男团成员吃饭时的样子，眉毛可以出道了,
姐姐的眉毛可以出道了,
无情铁嘴,
awsl姐姐太可爱了,
该换LG OLED电视了。三星的液晶电视太闪了，废眼睛,
炸酱：你能看到我美丽的大眼睛吗？,
炸酱：你能看到我美丽的大眼睛吗？,
可可爱爱,
欧尼可爱,
啊欧尼好可爱,
在嘴巴里的时候多嚼会就好了,
美女露脸,
真的好可爱啊！！！调皮的转身哈哈哈哈,
好可爱啊,
弹幕无语 没人想知道你吃不吃 闭嘴吧,
姐姐好可爱呀~,
哈哈哈哈哈姐的眉毛,
姐姐腿骨折了，绑的那个不像我们白的，姐姐绑的就是绿的,
姐好可爱啊哈哈哈哈哈,
一口吃不成胖子，就吃这一顿还能对胃有什么伤害?,
手好看,
手还好好看啊啊啊啊,
我的泪水不争气的从嘴角流了下来,
减肥动力吗？,
太可爱了，而且一点也不做作,
姐姐很可爱,
啊啊啊啊啊好可爱,
太可爱了吧！！！！！！！！！！！！？！,
绿色的是石膏，hamzy腿受伤了,
一直没明白姐姐这小嘴是怎么一口吃下这么多的,
小姐姐的无情铁嘴应该是习惯了,
小姐姐的无情铁嘴,
好可爱啊姐姐!!!!!!!,
炸酱水灵灵的大眼睛,
今天妆容好美哈哈哈,
好可爱,
好像小花花，好可爱,
汤泡饭人间美味,
好可爱,
姐今天美美的妆捏,
天天这个不好那个不好 喝奶茶会胖你不照样在喝？？,
我的减肥动力,
哇这个镜头的姐姐好可爱啊啊啊,
生日快乐可爱的姐姐,
以后会有很多小可爱跟你一起的,
我们知道汤泡饭不好，只是喜欢吃，你哪只眼睛看到提倡了，怎么这么烦人，这是姐姐生日视频,
好可爱,
胖了,
可爱！,
可可爱爱,
好可爱啊！！！！,
炸酱在屏幕左下角，姐姐腿旁边,
欧尼也太可爱了吧，啊啊啊爱了爱了,
啊啊啊啊啊啊好可爱！！！,
嫌弃什么？你自己有那么讲究？嘴里跟长了痔疮一样,
可爱！！,
炸酱好可爱,
炸酱好可爱啊啊啊啊,
好可爱啊啊啊啊啊啊,
啊啊啊啊好可爱,
姐姐的手脚太麻利了,
姐姐的手脚太麻利了,
哈哈哈哈好顺手,
啊啊啊啊啊啊啊啊啊太可爱了,
笑死我了，这个嘴巴,
她吃饭吧唧嘴,
减肥的等我,
耳朵聋了,
好饿555555减肥好难,
吃东西的时候我总觉得自己的嘴不够大,
辣的手忙脚乱的,
辣的手忙脚乱的,
炸酱：有一种爱叫做放手,
姐姐的美甲是穿戴甲吗,
这个手速就是怕食物凉掉的我啊！！！,
韩国有没有啥便宜的美食,
吃相好丑 面目狰狞,
手法逐渐暴躁,
嘴到用时方恨小哈哈哈,
怎么总有说吃的是加速的 看不出来狗狗和擦手之类很正常吗？,
我最多吃4个鸡腿就撑了。,
希望把嘴先擦一擦，别扭,
太可爱了炸酱,
嘴可真长。,
姐姐好可爱。,
玉米片超好吃啊啊啊就是费嘴巴，吃多了嘴巴疼,
美味,
好美味哦(^_^) ,
可别说健身不胖了，就她这么吃如果不是体质原因，罗尼的训练量也得胖,
默默的喝着手里的白开水,
眼泪不止的从嘴角留下,
姐是不是胖了点,
世界上哪有那么多吃不胖的，高卡路里自然用强消耗量健身啊,
手里的方便面突然不香了,
哪里看得到眼睛哈哈哈哈太黑了,
谢谢姐姐在我减肥期间给我埋下了许多想吃的愿望种子,
确定减肥看这个有用吗,
终于擦嘴了,
我在减肥，我疯了,
炸酱是坐起来了吗好可爱,
姐姐到现在都没有擦嘴嘴kkk,
为什么眼泪从嘴里流了出来,
好讲究！！我都直接上手！,
减肥的等等，咱俩聊聊,
合肥捉,
不太喜欢舔手指。。。,
我觉得姐姐有点恨自己嘴巴太小,
手里的酸辣粉突然不香了,
眼泪不争气的从嘴角流下来,
差点吓掉了我手中的茶杯,
玉山的因为脚的原因，即使连疫情好了也出不去,
绑着束腰，看吃播,
姐 咱可能擦擦嘴,
好想给小姐姐擦嘴角呀,
老有一种给她擦擦嘴的冲动,
减肥看这个很有用的点赞我,
我减肥二十二斤了,
手中的馒头突然不香了,
减肥的我自闭了,
天！我还在减肥，为什么要点进来！！,
擦下嘴吧姐姐，球球了,
我的耳朵,
这个声音，美妙。,
就喜欢这种话不多，直接上嘴,
我在吃鸡腿我不怕 哈哈,
同款擦嘴！把嘴都要蹭烂了哈哈哈哈哈哈,
我觉得这是个减肥的好方法,
减肥的我为什么要看这个,
抱起我的脚，啃两口。。。。,
合肥的我快哭辽,
少年说炸酱眼镜可爱的，你是怎么看到的,
姐姐：怪我嘴太小,
你终于擦嘴了！！！！！！！,
姐的嘴边哈哈好可爱,
姐的嘴边哈哈好可爱,
无情铁嘴,
买个童子鸡吃了两个腿我就吃不下了，腻得荒，真佩服你们,
青岛减肥的也馋疯了,
不用这么急的往嘴里塞吧,
洗手好评,
为什么姐姐吃不胖？？？？？,
嘴中的瓜子突然不香了,
没人觉得她有点像天桥小耳朵吗我我真的没有一点嘲讽的意思,
基本上这个汉堡下去我就饱了，xmsl，能吃不胖,
鹅...有人觉得可爱就会有人觉得不可爱吧 为什么只能有一种声音呢,
"看手指应该不瘦, 为什么还要这么吃糖啊, 对身体不好的",
"看手指应该不瘦, 为什么还要这么吃糖啊, 对身体不好的",
前面说皮蛋的，我嘴里已经有内味了,
姐姐也太可爱了吧！好喜欢她。,
翻译：我现在要用鼻子把它们吃掉！！！,
好丑啊,
我还以为这个杯子手机塑料模型……,
可爱,
说丑的左上角不送,
美甲的妙用,
不会扎到嘴吗？,
我差点把他脖子那个头发当成喉结了。,
他的指甲长得跟芦荟似的。,
你个，你个小可爱赶紧去地里吧,
j姐是国外的一个男性美妆博主啦hhh,
蓝色抹胸都露出来好几次了，只不过大部分时间都被桌子挡住而已，不要再抖机灵了,
太可爱了哈哈哈哈哈,
抹胸（还是吊带？）也是蓝色的！好用心,
笑起来蛮可爱的,
笑起来蛮可爱的,
←_←说没咽下去的先去看看眼睛吧,
这个姐姐好可爱哈哈,
美人儿,
可爱,
真的可爱呜呜,
手都蓝了,
耳朵差点就瞎了,
手指蓝了,
眼睛都蓝了,
哈哈哈哈哈好可爱,
脖子上的是头发啊喂,
这个姐姐好可爱哈哈哈,
蓝色抹胸！看到没有！,
蓝色抹胸！！！看清楚点行不行！,
服了，一堆人说她没穿没穿，不会看仔细点吗，她偶尔前倾的时候没发现她穿了一个蓝色抹胸吗？没看清楚不要乱说好不好，把人家说得跟个什么似的，可笑！,
反手炸了指挥部,
马卡龙是不掉色的吧，视频刚开始姐姐手上就有色素应该是制作的时候有掉色,
J姐每次吃都会有些小状况可爱哈哈,
小姐姐好可爱啊,
可爱哈哈哈哈哈,
可爱,
大声了把你耳朵震聋了,
太可爱了哈哈哈哈,
哇，以前真的瘦哈哈哈，现在很可爱,
哇，以前真的瘦哈哈哈，现在很可爱,
手机牌哭了，调不了色！！,
手心都是蓝的,
哈哈，美甲的正确打开方式,
小姐姐好可爱,
手蓝了手蓝了,
她的手蓝了她的手蓝蓝,
她的嘴变色了,
她的嘴变蓝了,
前面的，大点声你就没有耳朵了,
小可爱，她要是大声带着耳机的兄弟就没啦,
 不不不这个姐姐当然不是俄罗斯的，她是欧美那里的,
哈哈哈哈好可爱,
这个姐姐好可爱啊哈哈哈,
美甲：我当时害怕极了,
可爱死了,
Lisa同款美甲？,
小姐姐头发吼吼看,
耳朵要聋了。,
前面那个为野犬干杯的好可爱,
集美们我弯了,
这女人竟该死的甜美,
她真的好可爱！！！！！,
#66CCf#美！,
正在减肥的我，看到了别人吃我最爱的马卡龙,
姐姐，你的嘴唇已经蓝了……,
减肥的我眼泪不争气的从嘴角流下来,
减肥的我眼泪不争气的从嘴角流下来,
好美,
是因为可以配色的弹幕只能在电脑上的，手机上没有www,
闭嘴,
卧槽弹幕可爱的,
下面的都可可爱爱,
可爱哈哈哈哈哈,
我差点离开这个美丽的世界,
丑,
姐妹们这年头还有人说指甲是自己长得吗？爷再次笑了,
声音明明是可爱的女孩子还有人说是男的爷又笑了,
可爱的姐姐,
啊啊啊啊啊啊啊啊她好可爱,
她好可爱啊啊,
就是可爱啊,
好可爱哈哈哈哈哈,
然而这是贴上去的美甲,
手指都蓝了哈哈,
美妙,
可爱·,
手指头都变蓝了。,
果冻杯子好可爱,
喜欢手上的玫瑰花纹,
好可爱啊,
感谢字幕君（美国人好像不爱看字幕）,
说左手的那些你右手拿手机自拍一下看看，闲的吧(￣△￣；),
姐姐太可爱啦！！！,
好丑,
好可爱2333,
 嘴唇哈哈哈哈哈哈,
穿了，一个蓝色的叼带被头发挡住了,
不是真指甲洗手也洗不到指甲里面哇,
不是真指甲洗手也洗不到指甲里面哇,
好可爱！！！,
哈哈哈哈哈嗝好可爱！姐姐说话有点像睡前故事，真的好困,
就好像你们吃完薯片不嘬一下手指一样,
这是磨耳朵,
嘴都蓝了,
她好可爱阿,
我觉得她可爱,
姐姐好可爱,
姐姐真的好可爱,
姐姐你太可爱辣,
就是可爱,
操 手是都是掉色的 这些对身体真的没事吗,
给姐姐排面！！！超可爱的姐,
好吃就先翻一下白眼，然后再扭动一下身体嘴角，不自觉地往上扬。,
美宝莲的蓝胖子。,
美宝莲的蓝胖子。,
脖子上是头发不是喉结,
你好美丽,
姐姐好心灵手巧,
好可爱呀,
这姐手也太巧了,
用左手拿东西不代表就是左撇子，这只是一个很简单的动作而已,
耳朵直接去世,
我耳朵没了。。。,
哈哈哈哈哈哈哈哈可爱死了,
可爱,
可可爱爱，快来一起变蓝吧,
想往嘴里倒,
小姐姐好可爱啊,
满嘴都是蓝色。,
很怕她洗不干净嘴,
弹幕呢兄弟集美萌啊,
太美好了,
哈哈哈好可爱,
太可爱了,
哈哈哈哈哈哈哈好可爱,
我还以为是肥皂,
好可爱,
嘴变蓝了都,
审美能不能不要那么狭窄啊，不是一定要大眼睛高鼻梁细鼻子薄嘴唇尖脸才好看啊,
审美能不能不要那么狭窄啊，不是一定要大眼睛高鼻梁细鼻子薄嘴唇尖脸才好看啊,
审美能不能不要那么狭窄啊，不是一定要大眼睛高鼻梁细鼻子薄嘴唇尖脸才好看啊,
审美能不能不要那么狭窄啊，不是一定要大眼睛高鼻梁细鼻子薄嘴唇尖脸才好看啊,
一型糖尿病是先天的 是因为胰腺无法分泌出胰岛素好吧 肥胖只会引发二型糖尿病 这些和吃糖吃多了都没关系,
一型糖尿病是先天的 是因为胰腺无法分泌出胰岛素好吧 肥胖只会引发二型糖尿病 这些和吃糖吃多了都没关系,
美甲的妙用,
下面蓝色字体翻译好可爱!,
张大了嘴,
小姐姐，你的手.…,
美甲好好看呀！,
姐真的好可爱呀爱辽爱辽,
肥皂,
可爱！,
这个姐姐太性感了吧我天，想嫁,
啊——（张嘴）,
那个说人家话多的，动动手指快进会累死你？,
集美们把字幕都打成蓝色的,
我觉得姐姐可爱，我就要夸我就要夸怎么了？杠精你是嫉妒了？,
哈哈哈哈哈哈哈哈哈哈哈好可爱,
好可爱,
哈哈哈哈操好可爱,
你们看她的手指，变蓝了,
嘴里的麦丽素突然开始没味道了,
甜的东西我的心头好啊，我这怕胖只好来看别人吃的诡异心理,
啊啊啊  太可爱了吧,
可爱！！！！！！！,
为野犬干杯(手动滑稽),
小姐姐说话好温柔好可爱呀…,
本来就可爱呀 就说就说气死你,
她有胸！那他脖子上的是个啥?,
神仙美甲,
睫毛膏能用才是王者,
多可爱哪里做作了？这还有人喷？真无语,
多可爱了哪里做作了？这还有人喷真是无语,
姐姐好可爱,
这个是美甲甲片啦,
她她你说你很可爱耶！他贪他们说的。,
字幕君好可爱,
安全感手势,
哈哈哈哈哈哈哈哈哈哈哈笑吐了原来是头发我说那么大块喉结,
j姐是一个国外的美妆达人 这个眼影盘还有磨砂膏都是她的美妆品牌产品,
小姐姐好可爱www,
好可爱,
集美们，自动变色吧,
我看出来了 那个喉结是头发形成的阴影（滑稽,
没得吃闭嘴,
不是，嫌啰嗦动动手指快进一下会累死吗？？,
太可爱了哈哈哈哈这个表情,
手都蓝了,
弹幕都是小可爱,
都好可爱呀,
试颜色的也太可爱了吧,
我可爱的蓝色大军呢？,
她一喊：鸡你太美。咱就团灭了,
看完我竟然想对我的眼影盘下手，，,
你们低估了欧美人噬甜的程度,
姐姐太可爱啦！！！！,
可爱,
啊～(已经张好嘴了）,
好可爱,
姐姐好可爱,
姐姐太可爱了哈哈哈,
嘴吃了可变色的口红,
耳朵怀孕了,
好可爱,
李现手势？,
好可爱啊哈哈哈哈哈,
别说脏不脏的了 就你吃饭前洗手？,
服了 人家就不会洗手吗？,
嘴变蓝了,
姐姐那头发乍以为是喉结哈哈哈,
艾玛，看饿了，手里的辣条它不香了。。。,
美甲真的没有你们想象中的那么脆弱，相反硬得要死,
是翘起来的头发,
嘴巴有点...怪怪的？,
66ccff姐姐好美啊,
大声说话的话你耳朵直接没了,
有点可爱,
太可爱了！,
小姐姐忒可爱了,
天哪感觉我被强行放松了……耳朵怀孕了,
她太可爱了吧！,
嘴蓝了hhhhh,
小姐姐吃这个的时候，手里的可乐忽然不香了,
我看这个视频的时候，手里的可乐忽然不香了,
你们是东莞人，还是？知道为什么我讲出来，我讲没，因为你们拍的英语。不是。美国大的，中国人还是日本的。,
姐姐好可爱哈哈哈哈,
手里的香飘飘奶茶顿时不香了,
手里的源石突然不香了,
嘴里有麦克嘛,
吃播界最难看的嘴。。。,
小时候代谢高啊，主要不是狂吃一般都是瘦子。（对不起跑题了doge）,
这是把麦塞嘴里了？？？,
是个丑八怪，你是个丑八怪，你是个丑八怪，怪怪怪怪。,
看完手里的六个核弹突然不香了,
看完手里的六个核弹突然不香了,
不争气的眼泪从嘴角流下,
好可爱啊这个小姐姐,
感觉在嘴里放烟花,
嘴里开始不停的分泌唾液,
小学生当然可以说不胖了哈哈哈，过了青春期再来,
手里的旺仔牛逼糖不香了,
手里的旺仔牛逼糖不香了,
听的我颅内高潮嘴唇发麻,
嘴真的好好看唉！,
这嘴真白，不对！这皮肤真好看,
太像阮教练的嘴了,
嘴巴的眼泪,
手里的冰棒，不然感觉不香了,
←这好可爱,
哈哈，可爱的双下巴。,
看的我眼泪从嘴巴流出来,
那要看你吃啥了，吃的好 还不胖才羡慕,
手边的棒棒糖为啥一点都不香？,
小姐姐真的好可爱啊！,
我现在不能吃辣条，因为我嘴巴旁边搞了一个洞洞。,
手里的馒头不香了,
太佩服了，热量爆炸，减肥可不容易,
手里的棒棒糖突然就不香了,
好可爱哈哈哈哈,
手里的大,
感觉手里的螃蟹不香了,
泪不争气地从嘴角滑落,
这是美国扭扭棒，没吃过,
羡慕吃糖不怕胖的,
帕金森专业二十年手抖,
0.5倍耳朵曝炸,
好可爱,
嘴好大呀,
口红色号太美了吧 ,
哈哈哈哈哈姐姐吓到好可爱,
为什么吃这么多不胖？人家可是锻炼的OK？像你这种只吃不动的不胖才有鬼,
同小学四年级，都不胖的,
说腻的我看你比肥肉还腻,
羡慕吃不胖体质,
手里的零食突然不香了，。,
油炸耳朵,
笑死我了大金牙哈哈哈哈哈哈哈哈哈哈太可爱了,
我也在抖腿,
手里的曲奇备饼干突然不香了,
色素美食,
手里的酸奶突然就不香了,
眼泪不争气的从嘴里流了出来,
我更想要这张嘴 真好看,
嘴巴真好看,
我也是吃不胖体质，嘻嘻。,
完了我感觉我嘴里在跳了,
医学僧再次科普一下，过于肥胖的小伙伴得糖尿病的几率确实会增加，所以在注意身体健康，身体棒棒,
医学僧再次科普一下，过于肥胖的小伙伴得糖尿病的几率确实会增加，所以在注意身体健康，身体棒棒,
是烫嘴嘛？哈哈哈,
无情铁嘴,
嘴巴好好看呀,
我只是那种过年只胖1斤的人（我小学四年级）,
手里的旺旺小馒头突然不香了ww,
不会长胖吗,
吃头发咋回事？,
可爱,
我就不应该看，我现在在吃头发,
蛋白糖放进嘴里嚼几下就化了，怎么会噎着···,
嘴真大,
好美味的亚子,
一碗倒嘴里会不会爆炸,
直接一碗到嘴里会不会爆炸,
吧唧嘴，哈哈哈哈,
好可爱啊哈哈哈哈,
这个球好可爱啊啊啊,
好可爱啊,
长得有点像牛姐,
哈哈哈哈，好可爱。,
眼睛像睁不开一样,
好可爱啊,
手都紫了hh,
好喜欢这个姐姐 可爱还美丽,
好喜欢这个姐姐 可爱还美丽,
哈哈哈哈哈哈哈好可爱,
这种化起浓妆的外国离我婆娘都会有人觉得可爱！可想而知你是好丑啊！或只要女的都可以接受,
这种化起浓妆的外国离我婆娘都会有人觉得可爱！可想而知你是好丑啊！或只要女的都可以接受,
好吃好吃太好吃了美味啊我爱了爱了爱了,
哈哈哈哈哈哈哈，好可爱,
好可爱,
她太可爱了哈哈,
好可爱啊,
好可爱,
很多美食,
这个姐姐好可爱呀,
太可爱了哈哈哈哈哈哈好可爱,
这期我看过了，很好看，小姐姐很可爱,
哈哈哈哈哈好可爱,
姐姐太可爱了,
是假睫毛显得比较不一样??,
她好可爱我睡不着啊啊啊啊,
好可爱,
美国人一般都很喜欢吃甜食他们的发胖率很高,
美国人一般都很喜欢吃甜食他们的发胖率很高,
代入感很强，已经分泌一嘴巴口水了,
好可爱wwww,
小可爱们出去时一定要把音量调低哦,
小可爱们出去时一定要把音量调低哦,
小可爱们出去时一定要把音量调低哦,
小可爱们出去时一定要把音量调低哦,
小可爱们出去时一定要把音量调低哦,
小可爱们出去时一定要把音量调低哦,
小可爱们出去时一定要把音量调低哦,
那些说丑的请你滚出去谢谢，没人逼着你来这喷的，我们只是来看吃东西的！不许人身攻击,
哎~怕胖！,
手机，糖？,
看看老娘翘起的睫毛,
感觉老了（抱头），还是很可爱啦,
太可爱了，投币了。K,
舌头大到感觉嘴成不下,
很可爱，可惜太啰嗦。,
哈哈哈可爱啊,
可爱死了我不行了,
扎不扎嘴,
 确认完毕姐姐没开过美颜,
天太可爱了,
直接撒嘴里么好了,
哇，好可爱,
胖了好多,
这姐长得好像芭比,
我第一次见她时候，她的手腕还只有那么细(⇀‸↼‶),
这位姐姐肉眼可见的胖了起来,
真的胖了好多,
姐姐胖了好多啊,
吃得都好可爱,
好喜欢这个嘴唇子,
不扎嘴吗,
为啥欧美吃播声音这么小,
嘴唇鼻孔真实,
嘴 牙 手 舌头都紫了哈哈哈,
嘴 牙 手 舌头都紫了哈哈哈,
哈哈哈哈哈好可爱,
看着看着手上的物理书突然不香了,
美甲＝女生的指甲,
扎嘴吗,
长得像个猩猩,
眼泪不争气的从嘴角流了下来,
可爱,
好扎嘴,
这就是少女的酥胸吗这么脆的吗,
能不能别老扯郭美美啊，你们是真的很烦这么爱看他回去看啊,
哈哈哈面部表情好可爱,
好可爱吼吼吼吼,
底下的翻译君好可爱啊,
姐姐不要这么可爱,
不要觉得怪异，美国人很爱吃甜食,
下面字幕君真的是好可爱,
嘴唇成功变紫,
美味的,
嘴巴好好笑哈哈哈哈哈哈哈,
笨笨的可爱,
太可爱了，哈哈哈哈哈,
好可爱,
好可爱的小姐姐,
好可爱的小姐姐,
太可爱了,
丑女人,
好可爱啊哈哈哈哈哈哈哈哈哈哈,
太可爱了,
扎嘴吗？,
好可爱哈哈,
姐姐你爱吃糖粉就直接放嘴里吧哈哈哈哈哈哈哈哈哈哈哈哈哈哈,
怎么这么可爱啊啊啊啊啊啊啊啊啊,
好可爱哈哈哈,
啊啊啊她好可爱,
哈哈哈好可爱,
太可爱了哈哈哈,
下面字幕君好可爱。,
趁酸粉不注意倒进嘴里,
姐姐的嘴好亮,
hhhhhh可爱,
好可爱,
这个姐姐太可爱了,
哈哈哈怎么感觉每张截图都是个表情包，好可爱,
美p,
我记得我第一次看姐姐的时候手还有点骨头,
我是小孩子，但是我觉得你好可爱呀，我也想吃这么多好吃的妈妈不给买，我自己也有钱和妈妈不让买，哼。,
她胖了,
她胖了,
她胖了,
她胖了,
哈哈哈哈这个姐姐的表情好可爱,
表白下面可爱的翻译君！！,
眼睛是变小了吗,
她好可爱啊,
太可爱了吧,
好可爱,
这也太可爱了吧,
太可爱了吧,
我觉得还挺可爱的,
你为什么会那么丑,
哇，你好丑,
好可爱呀,
扎嘴,
说变丑那个 有没有素质啊,
可可爱爱~,
可爱死了,
哈哈哈哈哈太可爱了,
有点可爱啊~,
姐姐敲可爱呢,
真的超可爱,
我嘴里的口香糖都嚼出了果冻的口感,
姐姐太可爱了,
姐姐太可爱啦,
哈哈哈哈好可爱,
这个姐姐油管粉丝很多哒！感兴趣的可以去康康！巨可爱哒！,
手：要你管,
姐真的胖了,
这个可爱,
哈哈哈哈哈哈有点丑哈哈哈哈,
嘴巴跟口红真的太好看了,
扎嘴,
嘴都扎出血了哈哈哈哈,
哈哈哈哈哈有点可爱,
好可爱啊啊啊啊,
美滋儿滋儿,
她憨憨的好可爱,
嘴唇颜色我喜欢！！,
姐你长胖了,
这个姐姐挺可爱哈哈哈哈！,
有点扎嘴啊,
可爱,
这姐可爱死了,
好可爱啊啊啊！,
太可爱了！！！！！！！！,
手纹都紫了,
她好可爱啊,
都是哪里买的啊，好可爱,
这个眉毛画的也太好了,
这声音太美妙了,
撩头发好可爱,
撩头发好可爱,
好可爱,
美国人好像很喜欢吃甜的，特别是蛋糕真的放好多糖,
这也太可爱了,
姐是美黑吗,
扎嘴。,
下面的紫色字幕翻译君好可爱,
暂停学表情hhhhhhhhhhhhhhhhhhhhhh姐姐太可爱了吧,
嘟嘴的时候太可爱了。,
嘟嘴的时候太可爱了。,
我们有一个紫色的老式手机,
小姐姐好美！,
真可爱,
好可爱,
太可爱了！！,
姐姐好可爱,
好可爱！！！,
哈哈好可爱,
太可爱了！！！,
这个表情太可爱了,
好可爱啊,
吉吉国王还是大嘴猴,
这个姐姐怎么这么可爱哈哈哈,
大家去油管上找！姐姐有发过素颜，超可爱！,
❀虎妞超可爱❀o(*￣▽￣*)ブ,
姐姐，手大部分都是色素，洗洗吧,
姐姐，你嘴巴动累了没？我要是和你一起，早就吃累了,
天啊，嘴巴怎么样了,
我觉得，，吃这么多甜的，会不好受，我吃那么多就要喝水润润嗓子和嘴巴了,
有点齁甜啊，姐姐不打算和一口清水润润嗓子和嘴巴吗,
Up主好可爱哦,
哈哈哈哈哈好可爱,
姐：不行再扣我美甲就没了,
欢迎收看，看之前温馨提示请屏蔽关键词“色素”，“胖，丑，老”等词汇,
欢迎收看，看之前温馨提示请屏蔽关键词“色素”，“胖，丑，老”等词汇,
傻气中甚至有点可爱,
手也是紫色的哈哈哈哈哈哈,
太可爱了,
姐姐原来还去参加过健美比赛，没想到后来竟然做了吃播,
哈哈哈哈哈哈哈记翻车的兄弟好可爱,
太可爱了吧小姐姐,
真的美,
蓝绿色的眼珠好美,
姐姐好可爱嗷,
姐姐你好可爱哦。,
集美们我也想吃,
真的好可爱啊！,
胖了好多,
嘴巴都紫了，哈哈哈哈哈哈可可爱爱,
嘴巴都紫了，哈哈哈哈哈哈可可爱爱,
噫嘻嘻嘻嘻，好可爱！,
姐姐越来越可爱了,
吃过糖的手手摸上了肥肥的脸脸,
吃过糖的手手摸上了肥肥的脸脸,
梳子：老子把你嘴掀翻,
她在说不关我事      哈哈哈哈哈哈哈好可爱啊,
好可可可爱(๑• . •๑),
哈哈哈哈这个姐姐好可爱,
姐姐这是分手了这生气吗哈哈哈,
她变胖了,
看着好扎嘴,
姐姐的眼睛有点奇怪,
姐姐嘴巴好好看阿,
太可爱了吧这小表情,
太可爱了哈哈哈哈,
撅嘴嘴,
太可爱了叭,
可可爱爱,
我自己做哒！（姐姐心灵手巧惹）,
厚，谁和你是集美惹，清者自清,
扎嘴,
哈哈哈哈哈太可爱啦,
她好可爱！！,
可爱hhh,
哈哈哈哈哈好可爱,
她好可爱哈哈哈哈,
嘴巴逐渐魔仙小月,
眼睛一亮哈哈哈好可爱啊,
眼睛一亮哈哈哈好可爱啊,
哈哈哈哈哈哈姐姐太可爱了,
S---so！太可爱了哈哈哈哈,
chuachua嘴,
铁汁扎嘴不,
太可爱了(๑• . •๑),
太可爱了!,
小姐姐太可爱了吧❤️,
说丑的那位，过了,
太可爱了,
被小表情可爱到了哈哈哈哈哈,
把手机盖住。就不会掉了。,
可爱的姐姐,
看个视频讨论人家姐姐胖不胖，哎呦没,
姐姐眼睛是不是不舒服,
一直说胖的烦不烦啊,
没觉得胖到哪里 有些人也别太苛刻了,
嘴巴扎破了啊！！！,
好可爱,
哈哈哈哈哈哈太可爱了叭,
可爱极了,
太可爱了真的,
好可爱的姐姐,
我的妈鸭跟个小朋友一样好可爱！！！,
嘴边什么都没有，你们什么都没有看到。反正老娘话就撂这儿了！（优雅）,
都是集美们厚,
小小的眼睛大大的疑惑。,
好可爱,
太可爱了,
这姐今天怎么这么可爱,
紫色系的！连衣服和发饰都是！太可爱了！,
好可爱,
这么一会儿翻了几个白眼了 太可爱了,
太可爱了吧,
好可爱,
总比那些十级美颜，还作的人好伐？,
好可爱啊啊啊啊啊,
假睫毛太厚了,
这也太可爱了叭,
哈哈哈扎嘴,
人美路子野,
啊！小时候吃的奶嘴糖就是这种的！,
胖了怎！么！地！幸灾乐祸那样，日（一种恒星）,
说人家丑的你自己是有多好看呢 仙女下凡吗,
妹子 你胖了,
哈哈哈哈哈哈可爱,
眼睛放下去一一感觉就像闭上了眼睛,
姐姐嘴巴太好看了555,
天啊姐姐的嘴唇好想亲亲，像果冻一样（不要打我，俺真的好喜欢）,
感觉真的胖了,
不扎嘴吗梳子,
好可爱我的天哪,
这姐超可爱   但翻车是日常,
姐姐这期的美甲好好看！,
镜面翻转一下更美,
可可爱爱没有脑袋,
姐姐胖了,
长得像芭比,
哈哈哈哈哈哈哈哈哈可爱,
憨憨哈哈哈哈哈太可爱了！！！！！,
是假睫毛显得比较不一样??,
好可爱好可爱,
她的嘴巴给人一种永远都合不上的感觉,
嘴唇逐渐哑光,
太可爱了呜呜呜,
前面郭老师味的集美别走！,
可爱～,
哈哈哈哈哈可爱死了呢,
他眼睛怎么了？,
啊哈哈哈好可爱,
确实变丑了，吃糖太多,
可爱,
眼睛更双了？看着眼睛有点不太聪明的样子,
脸变胖了,
今天是什么小可爱,
好美,
好可爱,
高鼻子的优越。,
人家再丑也比你好看,
美汁儿汁儿,
姐姐紫色好美,
扎嘴了 哈哈哈哈哈哈哈哈,
是假睫毛没贴好,
甜的吃多了就会胖的吧，嗯不过确实证明她真吃了,
小姐姐吃胖了,
可爱,
可爱,
哈哈好可爱,
哈哈哈太可爱了,
觉得这姐脸圆圆的肉肉的 好可爱！,
姐姐真的好可爱啊哈哈哈哈哈哈哈,
姐姐胖了点可是可爱wwww_(´ཀ`」 ∠)_,
姐姐胖了点可是可爱wwww_(´ཀ`」 ∠)_,
带了美瞳吧,
感觉今天的妆容眼睛有点臃肿,
是真的胖了,
可能是假睫毛的事儿吧哈哈,
那个手机也可以吃吗？,
好喜欢她，太可爱了,
太可爱了吧,
太可爱了哈哈哈哈哈哈哈,
hhhh嘴都紫了,
可能是因为睫毛不够翘？,
可爱,
好久没来看，胖了哦,
我还是觉得姐姐早期正常的欧美妆好看，吃颜色食物化的妆比较猎奇,
承包接下来的表情！可爱到爆了！,
说眼睛有问题的，我觉得可能是因为紫色眼影显得眼睛肿的缘故,
嘴唇真好看,
今天老嘴瓢啊哈哈,
可爱死啦！,
以肉眼可见的速度，胖了,
可爱死了,
太可爱了吧,
原来姐姐变胖了，后面的保温杯也变胖了啊,
这个女人怎么能这么美啊啊啊我好爱,
睫毛的问题吗？怎么感觉姐姐眼睛怪怪的,
睫毛的问题吗？怎么感觉姐姐眼睛怪怪的,
太可爱了吧,
姐姐好可爱,
好可爱,
姐姐也太可爱了吧,
姐姐好可爱,
美甲又回来了,
哇好可爱我可以～,
前面的站住，今天的妆容是我感觉最美的一次,
胖了，哈啊哈,
姐姐太可爱了,
噗嗤，好可爱,
嘴巴逐渐染色～,
哈哈哈哈哈好可爱,
无情铁嘴,
哈哈哈可爱,
左边眼睛有点奇怪,
太可爱了叭,
姐姐好可爱,
可可爱爱,
她怎么变丑了……,
太可爱了叭,
她太可爱了,
在现实中可不要尝试哦，把马桶塞子放嘴里漱一下然后捅到马桶里,
眼睛挺好的啊,
这里太可爱啦！！！,
哇，这个撅嘴也太可爱了吧！！！！！！！,
哇，这个撅嘴也太可爱了吧！！！！！！！,
可爱,
可爱,
哈哈哈哈哈太可爱了,
可爱！,
简直不要太可爱哈哈ヾﾉ≧∀≦)o,
这姐真的好可爱,
hhhhhh好可爱,
啊啊啊你太可爱了哈哈哈哈哈哈哈哈哈哈哈哈哈哈哈哈哈哈哈哈哈哈哈哈哈哈哈哈哈,
姐姐好美啊啊啊啊啊啊啊啊,
这个姐姐太可爱了！！！！！,
害，姐姐胖了{狗头},
哈哈哈哈哈哈小姐姐好可爱,
←手中的……奥利给？？？？,
手里的炸鸡依然好吃,
耳朵有问题的多听几遍   不行就看看医生,
路人表示这嘴可以吃小孩么？,
绝了，明明一口一个鸡腿还能吃的这么优雅,
手里的菜叶子都变得美味了起来,
手里的菜叶子都变得美味了起来,
姐姐的嘴里应该是厚的,
吃个鸡腿而已，怎么就能体现牙齿多好呢，莫名其妙了感觉。。。,
嘴真的这么厉害吗,
姐姐好可爱啊,
打嗝剪了呗 还补了口红擦了嘴呢,
（鹰逃小嘴）,
只是视觉上看着大到了手里只有一只手大,
这个嘴牙医最喜欢了 张的好大,
透明手枪笑死我 太可爱了,
透明手枪笑死我 太可爱了,
才发现姐的手好看啊,
好可爱哈哈哈,
嘴里的口水不香了,
嘴里的旺旺雪饼突然不香了,
鸡腿我吃四个就饱了,
咬几口吐出来那个请问她是吐你嘴里了？,
鸡腿这样吃才好吃,
减肥还差最后十斤！,
手指那里是催吐留下的吗,
吃一顿胖3斤,
发现鸡皮的时候姐姐眼睛在冒光哈哈哈哈哈哈哈哈哈,
仓鼠的嘴也不大为什么能藏这么多吃的？？？你知道人家嘴多大？,
我觉得这个手好看，很红润,
这是腿，不是翅根，因为有鸡饶骨,
注意弹幕礼仪，集美们,
注意弹幕礼仪，集美们,
注意弹幕礼仪，集美们,
在现场，我是下一个鸡腿,
我也尝试把手里的炸鸡一口吃掉，结果发现闭不上嘴，又默默拿出来了。。。。。,
我也尝试把手里的炸鸡一口吃掉，结果发现闭不上嘴，又默默拿出来了。。。。。,
众所周知，这是一个减肥节目,
这吃播长得好像pony,
新来的小可爱们问号是姐姐的排名哦~,
她是有三十两厅嘴的,
自己吃鸡腿边还看别人吃鸡腿,
为什么嘴不大却能塞下,
手指上有伤痕，姐姐不要伤害身体,
人类驯服野生嘴巴高手,
人类驯服野生嘴巴高手,
让我康康姐姐什么时候吃那个鸡腿,
感觉鸡腿不是特别大，镜头拉的进而已,
弹幕有些人，自己不喜欢还非要恶心别人，生活是过的有多苦，嘴才这么臭！,
姐姐太可爱了吧,
羞涩一笑，鸡腿没掉,
唯有美食不可辜负,
哈哈，刚刚愣了下看那个球腿差点抽奖,
嘴大不能优雅了吗？吃相优雅不可以吗,
姐姐手好美,
姐姐手好美,
真不戳，鸡腿真不戳,
黄礼志？？？首先眼睛就不像礼志啊,
在韩国两口吃不了一个咋鸡腿是要枪毙的doge,
催吐属实有一手,
而且菜品都发生了变动，嘴脸的污渍都不见了，还原版视频呢,
鸡腿有骨头影响姐的发挥,
假吃还能胖？,
哈哈哈哈姐太可爱了,
好可爱哈哈哈哈,
长得漂亮怎么都对,
手里的牛肉干依然很香,
嘴里的面包好像变成炸鸡味了,
我最多一次吃了4个鸡腿，她怎么吃的那么多,
我手上的面包不好吃，哭了,
嘴和口腔是两码事,
大嘴姐，大嘴,
大嘴姐,
我也想吃这么多，可是我三个鸡腿就饱了TT,
透明手枪哈哈哈哈哈哈好可爱,
透明手枪哈哈哈哈哈哈好可爱,
这姐嘴巴怎么这么大啊,
鸡腿上是啥,
有没有在啃手指的,
手里的炒粉不香了,
想起之前这个姐姐的视频下面，有人都没说的很直白额，就只是问了一嘴，为什么吞咽的镜头几乎都被剪了，只保留了一两个让画面看起来更真实，就被网络孝子喷了，说姐姐有直播，一进来就问镜头真是烦死了,
姐姐是不是胖了,
"我的天,手里的奥利给瞬间不香了",
看着她吃炸鸡，我默默地开始啃手里的苹果,
希望减肥三十斤,
姐姐的手好好看,
仔细看 这个手部在鸡腿伸进去那有个前后剪辑。伸进去出来不需要剪辑吧,
仔细看 这个手部在鸡腿伸进去那有个前后剪辑。伸进去出来不需要剪辑吧,
太可爱了呜呜呜,
耳朵疼,
努力把嘴里的薯片想象成炸鸡,
姐姐的手好漂亮,
艾玛，刚才手机掉了。,
为何我的嘴里常含口水？因为我对这炸鸡爱的深沉！,
太可爱了哈哈哈,
姐姐好像很喜欢吃鸡腿,
手中的泡面吃出了炸鸡的逼格,
要这么吃，我第二天肯定张不开嘴,
啊真的 长得和Kiki有点像，但又说不出来是哪里像。。。,
眼泪从我的嘴角流了出来,
嘴大,
你们质疑姐姐为什么不会胖？运动4小时控制好拉伸，就可以维持这个样子啊,
哈哈哈慌慌张张太可爱了,
鹰逃小嘴,
来看手指,
耳朵怀孕了,
姐嘴里有三室一厅两卫,
你是来看吃播的还是来看身材的？说什么都要杠一句？,
胖了,
看不不大的嘴，实则收缩自如,
带我变胖子,
有字幕从鸡腿里流过,
刚刚吃完三根炸鸡腿的我也就来听个响,
嘴不大，但里面容量大,
营养到了我的耳朵！,
舍不得吃哈哈哈哈哈哈哈太可爱了,
无情铁嘴,
这个芝士球真的我嘴都放不进去,
要相信半夜看的熬过你就瘦了,
树手指来了,
你管这大嘴叫优雅？,
韩国吃播不都一口吞过鸡腿吗为什么打问号,
害 看来韩国的吃播啃鸡腿真的很少啃脆骨部分,
好可爱呀,
？？？？？？笑死我了姐姐好可爱,
我想吞手机,
姐姐手好好看,
哈哈哈哈姐姐好可爱,
鹰逃小嘴笑死我了哈哈哈哈哈哈哈哈哈哈哈哈哈哈哈哈哈,
回来看手指竖起来的手势,
好可爱…!,
肯德基会有19.9四个大鸡腿的疯狂星期四 很好吃！,
姐姐的手也好好看！！！,
可可爱爱,
减肥过来看的,
别再质疑了，这姐比以前胖了。。。,
啊哈哈太可爱了吧姐,
姐好可爱啊哈哈,
只看大嘴 假吃真吃 反正嘴大 哈哈哈,
我高中班一个女生，可以把手握成拳头放进嘴里,
我高中班一个女生，可以把手握成拳头放进嘴里,
吃多少不重要厉害的是嘴大,
竖起手指关你屁事,
为什么她一直不胖啊,
假不假和你有啥关系怎么你要看人家胃啊，还是说这些东西吃到你嘴里了,
你管她真吃假吃呢，吃的时候美味就行了，我要求不高,
嘴巴放干净，真吃，不信看看没剪辑版本,
我是喜欢看她三室两厅的嘴，不是喜欢看她咽东西,
嘴上那个东西在两秒前已经消失了，现在又出现了,
毕竟是吃播，看她无剪辑版的能看到补镜头什么的，毕竟是视频为了美观,
想到催吐/嚼了吐还感觉香嘛，而且浪费食物，还弄个防杠精手册欺骗观众。。。[doge],
最恶心的是防杠精手册，姐姐这姐姐那的，我们看吃播纯属图个乐儿，正常女孩子你见过吃这么多不胖的？,
最恶心的是防杠精手册，姐姐这姐姐那的，我们看吃播纯属图个乐儿，正常女孩子你见过吃这么多不胖的？,
她被锤的最狠的一场翻车，我觉得应该是食物还没吃到嘴里！嘴就已经开始习惯性的做咀嚼的动作！网友说是假吃养成的习惯,
现在看那些说健身四小时才不胖的评论感觉真是讽刺,
还有什么杠精手册,
取关了，粉丝全员撒谎精也够恶心，还什么防杠精手册?一堆没有常识的小学生,
为什么浪费食物还有人支持[撇嘴],
整天排面，姐的排面，我知道，不用你强调，你吵到我的眼睛了，你很烦你知不知道，很败姐的路人缘，成功让我想起了弹幕屏蔽这个东西，但我还是要吐槽，饭圈味十足,
哪个电视台实锤了吗？就你们有嘴？,
请问是新闻实锤的吗？就你有嘴一天叭叭叭的,
吐nm呢吐  真就不用眼睛？,
全程无吞咽 眼睛不用捐了吧,
她嘴大 嘴里东西不多都看不出来 的,
我就是单纯的觉得我减肥的时候看她吃很爽，她假不假吃关我p事。刷屏多是作业太少了吗？,
就算是假吃，这嘴里能塞这么多也很厉害,
那些说没吞咽的 这么大的吞咽声听不到吗？  是耳朵聋了吗？,
她只是为了补妆，一些因为食物太烫，放进嘴里又吐出来的画面等，而进行剪辑,
说不是假吃的眼睛瞎了吧还是没有眼睛呢。,
关键不是竖手指，而是竖手指前后食物状态变化和这姐把食物吐出来的样子,
前面说竖手指，照你这么说别人眨眼睛也是暗示吗，叭叭的什么都能吹，写小说去吧你，一整天给你闲的,
前面说竖手指，照你这么说别人眨眼睛也是暗示吗，叭叭的什么都能吹，写小说去吧你，一整天给你闲的,
哈哈哈哈哈，我也来找手势暗示,
这里要假吃了吧  看她放下的手  ,
这就是一天锻炼四小时的手臂肌肉吗爱了爱了,
吃这个春卷前，嘴巴里的米线已经吐了，好剪辑,
为啥她嘴上的芝麻没了，但是嘴巴还在嚼呢,
姐姐可爱死了,
说姐姐假吃之类的请你们闭嘴！,
说姐姐假吃之类的请你们闭嘴！,
说假吃影后之类的请你闭嘴,
好看么，都被骗了，快看手指！,
嘴里咽下去的时候啥都没有这演技真牛,
嘴里咽下去的时候啥都没有这演技真牛,
咽了一部分 嘴里还有,
注意看 食物都在嘴里 根本没咽,
再说我也没见b站的美妆博主啥的把推广都说的很明白吧,
手指头？,
真的每个视屏里都有竖手指动作（暗示剪辑然后吐掉）,
他从不直播，请大家擦亮眼睛,
姐的鼻子事做的么,
说是无剪辑的视频已经锤了剪辑过得 还有专门的剪辑手势 我房子塌了,
想起之前有人质疑吃这么多不胖 弹幕一溜的姐姐每天运动4小时 说得像真的一样哈哈,
找手指的也是醉了，你以为她手指镜头都会留下来吗？指十次留两次不会吗？,
筷子不是夹了那个卷？长眼睛？,
肥猪,
？就算她假吃我也喜欢啊，她出名难道不是因为嘴大吗？这又剪辑不了。,
剪辑的小手指在哪里,
她每次喝饮料都会有那个手势其他时候你有看到？,
tmd减肥好饿,
好难啊，我平时减肥吃一嘴嚼一下就吐，还好我没干吃播，不然我要被diss死,
好难啊，我平时减肥吃一嘴嚼一下就吐，还好我没干吃播，不然我要被diss死,
这么美味的食物怎么可以假吃阿？？？姐姐你不怕你的下一代会遭到报应吗？？,
哈哈，手势剪辑假吃？？？,
摆手势,
这嘴忒大,
来找手指1,
这个镜头明显嘴里东西没了，哭了，崩塌,
这红字别洗了恶不恶心啊你快哔嘴吧,
防杠精手册在哪？快点，我想看,
嘴噘嘴真难看,
朋友们 她竖起手指了 ,
我去 我发现她刚入嘴嚼两下就剪辑 ,
别笑，别那么在乎表情管理好么，又不是歌手,
说假吃的呢？大家真的放着眼睛就是用来做瞎子的，呵呵,
假不假的，终归食物也没进你肚子里，瞎嚷嚷什么呢？闭嘴！,
我是过来看看手指剪辑的,
竖手指了,
原来她一竖手指就是剪辑的意思,
我来看看是不是真的手指剪辑,
来找竖手指暗示hhhhhb,
这个也被锤加速的也是剪辑版，只要左手食指竖起来就会剪辑，过一段时间才会拼接，食物会发生变化,
会不会胖啊怎么吃,
一直不懂这种三明治怎么吃的，我的嘴没这么大咬不下去,
我昨天模仿她，没想到嘴唇脱臼了,
为什么还怎么瘦？！,
姐姐好可爱,
韩国人应该是嘴张的最大的,
看大我眼睛直了,
美女都爱吃水果,
看美女吃东西我太快乐了！,
183那个肯定很瘦,
哈哈哈哈可爱,
姐姐好美,
猪肉！美味,
姐姐真的很可爱,
好可爱,
你当然吃不了 人家是吃播你是啥  前面的小鸟胃选手可以闭麦了,
觉得不可爱你就别看。。,
姐姐的鼻子好像有点短,
姐姐的鼻子好像有点短,
她又好看又瘦还优雅有钱，而你又丑又胖又粗俗穷酸，她哪里不比你可爱?服了，酸精,
她又好看又瘦还优雅有钱，而你又丑又胖又粗俗穷酸，她哪里不比你可爱?服了，酸精,
她又好看又瘦还优雅有钱，而你又丑又胖又粗俗穷酸，她哪里不比你可爱?服了，酸精,
她又好看又瘦还优雅有钱，而你又丑又胖又粗俗穷酸，她哪里不比你可爱?服了，酸精,
可爱,
嘴巴好大,
她为什么不胖,
可可爱爱,
胖……胖了,
减肥，越饿越爽。,
看起来也太好吃了吧，眼泪从嘴角流了下来,
可爱,
手里的……算了我啥也没吃,
那么瘦怎么能吃下那么多东西呀,
每次姐姐吃面包的时候，只要手指快碰到嘴巴，我的牙齿就开始疼,
每次姐姐吃面包的时候，只要手指快碰到嘴巴，我的牙齿就开始疼,
哈哈哈哈哈哈，好可爱啊,
嘴珠很明显,
以前更瘦,
有些人就是天生吃不胖,
好美,
好可爱啊,
这里好可爱,
好可爱,
好喜欢细条的肉啊啊啊啊手撕的,
这女人该死的可爱,
吃这么大一口你不撅着嘴去吃？脑子去哪了？,
前面说一定要撅着嘴嚼东西的那个 塞满不撅着嚼 你凹着还是张开,
美女都爱水果,
哈哈哈哈哈咬到自己的手可还行,
前面说姐姐为什么不胖的姐姐是有在健身的哦,
眼泪不争气地从嘴角流出来,
哈哈哈！可爱,
眼睛瞪得像铜铃,
姐姐的字幕太可爱了,
姐姐遇到对手了,
好可爱,
那么大一口不撅嘴吃张嘴吃？那你来示范一下？,
我一个胖子吃一个也撑了，太厉害了,
姐姐为什么吃不胖,
手中的云吞瞬间不香了,
前面手里辣条的留下,
姐姐为什么这么瘦啊啊啊啊啊啊,
好可爱,
字幕好可爱,
姐姐好可爱哈哈哈哈哈哈哈哈哈哈,
慢慢的打开了美团外卖,
姐字幕也太可爱了,
一点点看着姐姐的嘴变大,
嘴巴容量大也不等于咬合力大啊,
在减肥 饿了,
减肥。。。。看了当有吃了 真香,
集美们 喝的是啥饮料,
擦手好可爱哦,
擦手好可爱哦,
突然摸出把叉子来 好可爱hhh,
哈哈哈姐姐好可爱,
饱饱饱的那个你别跑！你好可爱！！,
哈哈 好可爱,
字幕好可爱哈哈哈啊哈,
字幕好可爱,
真害怕姐姐咬到自己的手,
裙子好美啊,
墙哇塞好可爱哈哈哈哈,
好可爱,
上个视频姐姐揉腮好可爱,
突然感觉她长得有点像宋茜,
减肥 不饿 想吃 难顶,
手真的好好看！,
手里的辣条突然不香了,
手好好看呀,
hhhh，字幕好可爱,
可爱,
好可爱哇,
姐姐好可爱啊～,
手里的奶酪面包突然就没有了味道TT,
欧尼可爱,
馅料看着好好吃，但是面包感觉挺硌嘴得,
好扎实美味的声音,
养肥了再来,
太可爱了太可爱了太可爱了,
真的是大美女,
姐姐好可爱,
哈哈哈这个字幕有点可爱,
她都下不去嘴， 别人该怎么吃啊,
烫手,
好可爱,
姐姐太可爱啦,
哈哈哈好可爱,
