姐姐真是酒蒙子，太牛了,
也不是很懂为什么姐姐醉了没这件事值得讨论,
姐姐，我们都只喝一杯的,
姐姐海量啊啊啊啊啊啊啊啊,
烟台的来了,
姐姐上头了哈哈哈哈,
太厉害了我的姐,
脸都没红，姐姐好酒量,
姐姐真的好酒量啊,
姐姐真的在韩国吗,
不小心点到最大音量！炸裂！,
姐姐试试五粮液你会喜欢的,
山东青岛报到,
姐姐把白酒当清酒喝了哈哈哈哈哈,
我也买了麻辣香锅，和姐姐一起吃,
厉害了！,
说什么上头呢 姐姐几乎每次吃东西都有开电视在看电视好吧,
都怕姐姐吃一半晕地上,
姐姐坐姿都变了,
姐姐都不上脸,
辣到姐姐了hhhh,
我的天姐姐好能喝,
姐姐几岁啊,
感觉姐姐已经飘了,
姐姐喝酒太猛了,
姐姐 你好狂。。。。。。,
姐姐好酒量，吃东西真带劲，哈哈,
厉害啊，这个度数比平常喝的真露一类的应该高得多啊,
姐真厉害,
别来了姐姐,
别来了姐姐,
姐姐一般吃东西都会看电视啊，怎么就上头了？,
机智的的我在小破站搜韩国吃，姐姐就出来了,
机智的的我在小破站搜韩国吃，姐姐就出来了,
没有吧，这姐姐平时就是这么吃的啊，会喝饮料的,
一杯干，厉害了,
莱芜的来了,
烟台莱阳来了,
吃的好香啊。。。口水流下来了。。。,
感觉姐姐已经喝得有点上头了hhhhh,
姐姐好豪爽呀！吃肉喝酒,
喝这么高浓度的酒然后又配那么辣的菜，姐姐你是个狼人,
只属于姐姐的粮仓,
人家酒量比你厉害一个个很酸的样子,
非要说人家上头了，其实人家一切正常阿，酒量就是这么厉害怎样哦,
太厉害了,
姐姐一会儿喝醉了咋办哈哈哈哈醉酒吃播,
姐姐这一顿吃的中餐诶,
姐真厉害,
姐姐好酒量,
这姐姐多少有点ne哈哈哈哈,
高粱酒，我的天，姐姐海量,
别喝酒啦姐姐,
姐姐平时酒量就不错，喝这么点儿不会醉的，大家没必要担心啦,
重新减肥的我又来了,
姐姐，白酒不能这么喝啊！,
厉害，中国白酒,
喜欢看姐姐做菜,
喜欢看姐姐做菜,
山东枣庄来了,
把姐姐强打在公屏上,
喝白酒的人都好厉害,
"姐姐可能之前喝的烧酒,没喝过白酒",
看姐姐吃饭好馋啊,
姐姐这一口看的我口腔溃疡生疼,
姐姐好爱吃粉,
姐姐在看电视哈哈哈,
？？？？你们没见过上头吧，姐姐在看电视,
姐姐皮肤真好啊,
韩国小姐姐都挺能喝的,
姐姐:我的天什么吃相弄这么脏,
姐姐的狗和我的狗一样也是黑的,
姐姐上头了,
姐姐在看电视,
姐姐是在看电视啦 不是眼神直了,
哈哈哈哈哈哈哈哈哈哈哈哈比烧酒烈一点，慢慢喝啊姐姐,
厉害了，我吃香锅一定要配米饭，不然真的咸,
姐姐看电视是静音的,
姐姐不咸吗？,
姐姐好可爱啊啊啊,
姐姐也太利索了吧,
以为姐姐喝高了要喝酱,
姐姐来一趟中国吧,
姐姐慢点儿喝,
韩国酒的度数都很低，所以这个酒的度数对姐姐来说应该挺高的,
别别，我喝酒不厉害,
感觉姐姐已经上头了,
姐姐就是在看电视,
姐姐在看电视在看电视,
姐姐的胃不是胃，是钢铁般吧,
姐姐是不是上头了,
姐姐这合法固定是第一次和低估了中国酒的度数。,
 我觉得姐姐没喝过中国的白酒明显低估了中国酒的度数,
最讨厌吃丸子,
酒量厉害,
姐姐好好好可爱呀！,
姐姐，我推荐你二锅头兑柠檬水,
白酒加可乐，法力无边啊我的姐姐,
仙后来了,
仙后来了,
仙后来了,
要知道韩国烧酒都是16度左右，姐姐猛,
山东人来了,
姐姐少喝点，别这么猛,
我喝姐姐那么大一口不一会儿就会醉。。。,
哈哈哈哈哈哈姐姐第一次喝吧，别这么猛啊,
和烧酒不一样姐姐,
姐姐不觉得辣吗?,
感觉姐姐没有以前能吃了,
青岛的来了！,
姐姐喝酒不上脸哈哈,
运动完瘫在沙发上看姐姐吃饭,
姐姐喝烟台酒是宠中国粉丝啊哪是什么广告,
姐姐在看电视,
姐姐你酒量真好,
姐姐拽,
姐姐厉害了,
姐姐厉害了,
烟台隔壁威海娃儿来了,
哈哈哈哈姐姐白酒不是这么喝的！,
危 姐姐 危,
临沂来了,
姐姐太豪爽了哈哈哈,
姐姐可能以为跟烧酒差不多吧喝了一大口哈哈哈哈哈哈,
姐姐为什么一直一直一直在吃糖醋肉,
咋感觉姐姐吃累了。。。。,
我觉得姐姐完全没醉 酒量真的好啊,
姐姐脸有点红了 眼周那里hhh,
姐姐嘴真的超级小,
姐姐看电视呢,
姐姐这直接当烧酒闷,
山东潍坊报到,
弹幕从第三口就开始刷迷离上头 到最后姐姐都没啥事哈哈哈哈,
怼了半瓶姐姐nb,
姐姐是个狠人,
姐姐真的猛,
就这么一杯我可以抿好久，姐姐猛啊！,
厉害,
真能喝这姐姐,
主要是姐姐这喝法安全，一口一杯下去肯定会醉的吧这可是白酒,
爱死姐姐了,
姐姐逐渐迷离的眼神,
爱了爱了,
前面说姐姐天天吃外卖的站住，把姐姐所有视频都看完了再逼逼,
感觉姐姐吃了个寂寞,
姐姐：自己倒的我今天就是倒在镜头前我也把它喝完,
同样的菜，姐姐吃到的外卖肯定比咱们的优质，毕竟是知名吃播了，接点广告很正常,
姐姐这是要与世长辞吗？,
姐姐上头了,
姐姐内心：这是嘛酒啊，忒辣了点吧,
姐姐:感觉有点奇妙，再来一杯,
山东济南来了,
哈哈哈哈哈哈哈这个真的厉害啊,
姐姐酒量真不错,
来了来了来了来了,
姐姐厉害呀，喝了半瓶,
姐姐厉害呀，喝了半瓶,
姐姐这是在看电视,
姐姐好可爱,
姐姐你吃不完了，让我来,
来了,
来了来了。,
姐姐慢点喝呀，这个后劲挺猛的,
来了,
不由自主的跟姐姐一起面目狰狞,
山东济南上学的来了,
姐姐眼尾好漂亮,
哈哈哈哈30岁的韩国姐姐也有舔盘子的习惯吗,
白酒啊 厉害,
这个肉太优秀了,
这个肉太优秀了,
狗子太可爱了,
狗子太可爱了,
厉害,
太可爱了吧,
山东来了hhh,
姐姐慢点喝慢点喝,
临沂来了,
烟台的来了,
这姐姐好能喝酒啊,
爱丽来了,
山东蓝家人来了,
姐姐海量，我抿一口都难受，她居然喝了那么多,
快给姐姐把酥肉撒上孜然辣椒粉！,
总算是知道姐姐的酒量是什么等级了,
姐姐多机位,
姐姐太厉害了,
姐姐太厉害了,
哈哈哈哈哈哈姐姐醉了,
慢点喝啊姐姐,
大家切胡萝卜注意安全！像姐姐那样放容易滚动！,
大家切胡萝卜注意安全！像姐姐那样放容易滚动！,
太恐怖了。谁娶姐姐。,
生日快乐姐姐,
说摆拍的第一次看见小姐姐吃烫吧→_→,
姐姐生日快乐!!,
姐姐拍视频自己一个人 三个机位的 没人架摄像头,
姐姐的眉毛让我想起了某男团成员吃饭时的样子，眉毛可以出道了,
姐姐的眉毛可以出道了,
生日快乐姐姐,
姐姐生日快乐,
awsl姐姐太可爱了,
awsl姐姐太可爱了,
awsl姐姐太可爱了,
迟到好久的生日祝福，超喜欢姐姐！姐姐加油！,
实不相瞒，我想绿了她男朋友,
姐姐生日快乐啊,
姐姐生日快乐,
姐姐生日快乐,
迟到的生日祝福 姐姐生日快乐呀,
姐姐生日快乐,
姐姐生日快乐,
姐姐生日快乐,
姐姐生日快乐～,
生日快乐啊啊啊啊啊姐姐,
姐姐生日快乐,
姐姐生日快乐呀,
姐姐生日快乐！,
姐姐生日快乐！,
姐姐生日快乐,
姐姐真的是好会吃!,
生日快乐姐姐！！！,
生日快乐！姐姐,
姐姐生日快乐！！！！,
姐姐今天好开心哦,
姐姐生日快乐呀,
炸酱来了,
姐姐生日快乐,
感觉姐姐饿很久的样子哈哈哈哈哈哈,
姐姐生日快乐,
来了来了,
生日快乐啊姐姐,
姐姐生日快乐,
生日快乐姐姐,
祝姐姐生日快乐,
生日快乐姐姐,
为姐姐发的第一条弹幕：姐姐生日快乐,
可能男朋友架机啊,
姐生日，男朋友没表示一下,
姐姐说的是moguo吧，是吃的意思吧,
姐姐生日快乐,
姐姐生日快乐,
姐姐生日快乐,
姐姐生日快乐,
小姐姐都可以代言产品了，绝对买买买，哈哈。,
虽迟但到姐姐生日快乐,
姐姐生日快乐呀！,
感觉姐姐吹和嚼的过程都剪的好自然，不怎么看得出来,
姐姐生日快乐啊,
姐姐生日快乐,
生日快乐姐姐,
姐姐好可爱呀~,
我觉得姐姐刚刚在对男朋友笑,
我觉得姐姐刚刚在对男朋友笑,
姐姐生日快乐,
生日快乐姐姐,
姐姐生日快乐！！！,
姐姐生日快乐,
生日快乐姐姐,
生日快乐，姐姐要天天开心哈,
生日快乐小姐姐,
生日快乐姐姐,
生日快乐姐姐,
姐姐生日快乐！,
小姐姐生日快乐！,
姐姐腿骨折了，绑的那个不像我们白的，姐姐绑的就是绿的,
姐姐的项链也挺好看的,
生日快乐，祝姐姐吃嘛嘛香，天天开心，身体倍棒！,
姐姐生日快乐,
姐姐生日快乐,
看姐姐用小碗好像用瓶盖吃饭,
姐姐永远开心!,
姐姐生快,
姐姐，炸儿呢！,
我发现姐姐和我一天生日！,
姐姐生日快乐,
姐姐生日快乐,
姐姐生日快乐,
姐姐生日快乐,
姐姐生日快乐啊，以后也要幸福健康地生活,
喜欢姐姐这样的吃播，并没有吃太多还不伤身体,
啊啊姐姐生日快乐！,
慢点吃呀姐姐，感觉有点烫呀,
姐姐生日快乐啊啊啊,
姐姐生日快乐！,
姐姐生日快乐,
太可爱了，而且一点也不做作,
姐姐生日快乐,
姐姐生日快乐,
姐姐居然吃了生肉板上的彩椒,
姐姐很可爱,
虽然来晚辽但是姐姐生日快乐呀！(≧▽≦),
生日快乐么么哒＾3＾,
主食配主食 果然是姐姐,
姐姐，生日快乐啊！,
太可爱了吧！！！！！！！！！！！！？！,
姐姐生日快乐！,
姐姐说的是吃吧  前面那个无语,
今天这餐我爱了,
一直没明白姐姐这小嘴是怎么一口吃下这么多的,
姐姐生日快乐鸭！！！,
姐姐生日快乐！,
姐姐是摩羯座诶,
小姐姐的无情铁嘴应该是习惯了,
小姐姐的无情铁嘴,
姐姐生日快乐！,
生日快乐姐姐,
生日快乐！姐姐！！,
好可爱啊姐姐!!!!!!!,
姐姐生日快乐！,
姐姐生日快乐！,
炸酱也喜欢看姐姐吃饭,
漂亮姐姐,
姐姐生日快乐！,
姐姐今天吃的全部是我喜欢吃的,
姐姐生日快乐,
这么多菜和汤我爱了,
迟来的祝福 姐姐生日快乐,
有谁知道姐姐穿的绿色睡衣是什么牌子的,
有谁知道姐姐穿的绿色睡衣是什么牌子的,
补姐姐视频发现和姐姐同天生日！生日快乐！！,
生日快乐啊姐姐～(￣▽￣～)~,
生日快乐！宝贝姐姐,
生日快乐姐姐,
姐姐生日快乐啊！,
姐姐生日快乐,
你们所有的吃的快，摄像头等等疑问，姐姐在之前的视频有一个解答合集,
姐姐是吃播肯定要吃的比我们夸张一点我们才会喜欢看啊 不懂有的人在杠什么,
姐姐生日快乐！,
生日快乐姐姐！,
姐姐生日快乐!,
生日快乐姐姐,
姐姐生日快乐！,
姐姐,
想吃姐姐做的饭,
姐姐今天真的很好开心呐,
姐姐生日快乐,
生日快乐姐姐爱你,
姐姐生日快乐！！！,
迟来的祝福，姐姐生日快乐呀呀呀呀,
姐姐是我的心头爱,
姐姐生日快乐啊,
好想去姐姐家吃泡菜,
生日快乐姐姐,
姐姐生日快乐！,
姐姐生日快乐啊,
姐姐，生日快乐,
姐姐生日快乐！,
 生日快乐呀姐姐,
姐姐生日好开心,
生日快乐，姐姐,
生日快乐啊姐姐,
慢点吃吧，小姐姐,
姐姐生日快乐呀,
烦不烦啊,
生日快乐，生日快乐，小姐姐。祝你每天都健健康康。以后记得要拍很多好看的直播给我们哟,
小姐姐生日快乐！happy birthday！,
吃太烫了容易得食道癌姐姐,
姐姐生日快乐呀,
姐姐的脸上洋溢着幸福的笑容,
姐姐生日快乐！！,
生日快乐呀 小姐姐 永远快乐呀,
姐姐生日快乐,
姐姐生日快乐！,
生日快乐姐姐～,
哇这个镜头的姐姐好可爱啊啊啊,
姐姐生日快乐呢！就是祝福有点晚抱歉呀,
生日快乐可爱的姐姐,
小姐姐生日快乐，一不做，二不休,
姐姐生日快乐呀,
姐姐生日快乐,
生日快乐，小姐姐,
姐姐生日快乐,
姐姐要永远开心啊,
姐姐，生日快乐,
姐姐生日快乐～,
姐姐生日快乐,
姐姐生日快乐,
晚来的生日祝福：姐姐生日快乐！！,
我们知道汤泡饭不好，只是喜欢吃，你哪只眼睛看到提倡了，怎么这么烦人，这是姐姐生日视频,
我们知道汤泡饭不好，只是喜欢吃，你哪只眼睛看到提倡了，怎么这么烦人，这是姐姐生日视频,
姐姐生日快乐！！！,
姐姐，生日快乐,
生日快乐姐姐,
姐姐生日快乐！,
姐姐生日快乐,
姐姐生日快乐(✪▽✪)！,
姐姐这样生活很充实呀,
生日快乐呀 姐姐,
姐姐生日快乐,
姐姐生日快乐呀,
姐姐好漂亮，,
姐姐生日快乐啊！,
姐姐生日快乐啊,
生日快乐，小姐姐,
刷啥屏了 祝姐姐生日快乐叫刷屏？,
生日快乐姐姐,
来了来了,
姐姐好会吃啊,
姐姐好会吃啊,
姐姐好好看,
姐姐生日快乐呀,
姐姐说的是吃吧 ok？狗狗听到了才吃的，姐姐之前有讲,
姐姐吃饭好乖哈哈哈哈,
姐姐生日快乐！,
炸酱在屏幕左下角，姐姐腿旁边,
姐姐生日快乐！,
每一期都要感叹一次姐姐的饭量,
姐姐生日快乐～,
姐姐做饭好利落哟！,
欧尼也太可爱了吧，啊啊啊爱了爱了,
生日快乐姐姐！,
生日快乐鸭姐姐！,
姐姐生日快乐！,
姐姐生日快乐哇,
妹妹生日快乐,
厉害,
生日快乐姐姐,
感觉姐姐一下做好几顿的量了,
姐姐生日快乐,
感觉姐姐是一个很温柔的人,
来了来了,
迟到的祝福，姐姐生日粗卡,
姐姐生日快乐！,
姐姐生日粗卡！！생일 축하합니다!,
姐姐生日快乐,
姐姐吃的好干净,
姐姐皮肤太好了把,
希望有人帮姐姐过生日,
姐姐有固定交往的对象的,
姐姐吃的超级健康的,
姐姐的锅一点都不会粘 不会糊 好棒哦,
姐姐口红不掉色的吗？惊讶,
姐姐生日快乐么么哒,
姐姐生日快乐么么哒,
和姐姐同一天生日！,
姐姐生日快乐,
啊这个爽脆的声音！姐姐我可以！,
来了来了,
迟到的祝福嘛～生日快乐姐姐～,
姐姐吃的好香呜呜呜,
姐姐生日快乐,
姐姐生日快乐！,
姐姐的手脚太麻利了,
啊啊啊啊啊啊啊啊啊太可爱了,
想吃 可是家附近也没有 点外卖运费很高 想买又心疼钱,
来了来了来了来了,
哈哈哈，姐姐觉得辣了,
说吞下去就剪镜头的，刚刚姐姐咽下去了，脸痛不痛？,
姐姐被辣到说话了哈哈哈,
我最爱看小姐姐的吃播了,
我最爱看小姐姐的吃播了,
认亲的滚，没素质,
会吃个屁，无脑夸？炸鸡夹到面包里就这么厉害了？,
来了来了,
姐姐好野啊,
这包装，厉害了，,
了来了来了,
穿越来的告诉大家现在中国已经好太多了！！！武汉等大部分严重地区都已经好起来了！,
姐姐剩的有点多哦,
姐姐的美甲是穿戴甲吗,
D.O.嘿嘿嘿我来了,
姐姐是真废酱啊,
姐姐：阿西吧，太好吃了,
姐姐这期脸上肉多了,
太可爱了炸酱,
小姐姐狼吞虎咽,
awsl,
姐姐好可爱。,
有人吗,
这个小姐姐我特别喜欢因为他吃东西是真的在享受,
哈哈哈哈哈，姐姐蒙了,
高能来了,
姐姐都觉得很辣那应该真的很辣,
还是这个小姐姐 吃播舒服,
姐姐吃酱好废薯片哈哈哈哈,
我喜欢姐姐的吃相,
姐姐好会吃呀,
要来了要来了！,
前方高能！！！！来了来了,
小姐姐是烧酒党,
薯片片:姐姐我呢我呢,
姐姐做饭也超棒,
姐姐酒量真的好,
谢谢姐姐在我减肥期间给我埋下了许多想吃的愿望种子,
小姐姐的皮肤好白,
来了来了,
来了！,
来了来了！,
别说团队了没看过Q&A吗姐姐在那里面说的很清楚,
今日份姐姐好凶残,
好会吃的姐姐,
炸酱是坐起来了吗好可爱,
刷了n遍又来了,
awsl,
姐姐的表情亮了~哈哈哈哈哈哈哈哈哈哈!!!!!!!!!!!!!!!!!!!!!!!,
姐姐也经常健身啊，都很努力，别说风凉话好吧,
姐姐到现在都没有擦嘴嘴kkk,
我来了，我来了,
两眼发昏的去睡吧，小心猝死（狗头）,
来了来了,
嚯阔落啊姐姐,
哈哈哈哈哈哈哈哈哈姐姐懵逼,
姐姐为什么皮肤那么好（哭,
来了,
我觉得姐姐有点恨自己嘴巴太小,
有人吗,
姐姐好实在呀,
姐姐好实在,
姐姐一点都不挑食呢,
姐姐铁胃我要是这样吃就进医院了,
好想给小姐姐擦嘴角呀,
好喜欢姐姐呀,
姐姐说的是：好辣（看多韩剧都知道了哈哈哈,
姐姐说的是好辣매워,
来了来了,
姐姐好白啊,
小姐姐放梨泰院class的战歌当背景音乐吧,
姐姐喝口可乐吧我快馋死了,
感觉小姐姐像夏温小朋友,
哈哈哈哈哈哈哈哈哈哈哈把姐姐辣坏了,
姐姐太会吃了吧,
擦下嘴吧姐姐，球球了,
姐姐声音好好听,
姐姐好会吃,
xswl,
"姐姐,我来啦!",
姐姐：你赢了,
注意注意，放大音量食用！！！,
姐姐好像有说过 视频是剪辑加速了的,
姐姐吃得真的太香了,
姐姐你根本吃不完，我帮你吃呜呜呜呜呜,
姐姐：怪我嘴太小,
我的天，这个姐姐吃脆骨！我看的好多韩国吃播都不吃脆骨,
哈哈哈哈哈哈哈xswl,
嘿，姐姐和我是同款x形拿筷子法哎,
姐姐指甲太好看啦,
来了,
来了来了来了,
炸酱来了，它来了，，,
炸酱要来了,
要来了吗,
这个小姐姐好冷漠，好无情,
买个童子鸡吃了两个腿我就吃不下了，腻得荒，真佩服你们,
来了来了,
鱼骨头抢着吃那种，三年了就这么吃过来了，中型犬,
饿着肚子看小姐姐，疯了啊啊啊啊啊,
姐姐的表情哈哈哈哈哈哈哈哈哈哈哈哈哈哈哈,
太爱看她吃饭了哈哈哈,
一日三餐没烦恼，今天就吃六舅秘制小汉堡,
爱了爱了,
为什么姐姐吃不胖？？？？？,
姐姐说话了,
哈哈哈哈哈哈哈xswl,
姐姐也太可爱了吧！好喜欢她。,
姐姐也太可爱了吧！好喜欢她。,
姐姐穿了衣服是蓝色小背心,
超级喜欢听姐姐说话的!!,
太可爱了哈哈哈哈哈,
这个姐姐好可爱哈哈,
我就想知道，这个姐姐是不是糖尿病…,
爱了爱了,
我爱了,
小姐姐好好看  （个人想法 不喜勿喷）,
我也来了,
太爱了,
有人吗有人扣个一,
这颜色我爱了,
前方注意调小音量,
前方注意调小音量,
啊啊啊，我爱了,
我爱了,
满屏蓝妹妹,
嘿嘿，来了啊,
感谢大家的提醒！我活下来了,
我最讨厌吃甜的了，为什么我咽口水了？,
这个姐姐好可爱哈哈哈,
爱了爱累,
谁说j姐是这个姐姐啊？逗呢？J姐是男的！！！J姐是男的！！！J姐是男的！！！,
看这个小姐姐吃甜食有一种酥酥的感觉,
马卡龙是不掉色的吧，视频刚开始姐姐手上就有色素应该是制作的时候有掉色,
次多了不健康啊心疼,
晚安,
J姐就是这个姐姐啊,
小姐姐好可爱啊,
姐姐说这些东西偶是蓝色的,
不能吃的东西小姐姐说,
来了,
爱了,
厉害了,
太可爱了哈哈哈哈,
谢谢姐姐，我不吃,
小姐姐好可爱,
这个马卡龙爱了爱了,
字幕君么么,
啊啊啊那个亲亲好甜哦,
 不不不这个姐姐当然不是俄罗斯的，她是欧美那里的,
这个马卡龙应该是姐姐做的，所以不会太甜,
这个姐姐好可爱啊哈哈哈,
姐姐也太狠了,
用心了姐姐,
小姐姐头发吼吼看,
awsl,
前面说色素的，不爱看就不要看好吗？,
前面说色素的，不爱看就不要看好吗？,
之前姐姐专门做过一期关于这个磨砂膏的，b站上也找的到感兴趣的可以找找,
麻烦公屏也换成蓝色好吗？咱们配合一下,
姐姐，你的嘴唇已经蓝了……,
自己做的是不是调了含糖量了，另外注意我的颜色,
小姐姐，你的指甲好长。,
杯子要化掉啦姐姐！！！！！,
姐姐一吃巧克力整个人都飘了哈哈哈,
来了~,
小姐姐牙口是真的好,
awsl,
忧郁蓝掉的xswl,
爱了爱了 这声音我可以！,
蓝妹妹,
可爱的姐姐,
小姐姐：卧槽，法克，又翻车了,
姐姐介绍这个是为了不让小朋友学（可能有些小朋友会看就……）,
好爱这个姐姐！！,
届双下巴出来了,
我来了,
小姐姐好好看,
姐姐你在说啥？,
而且这姐姐很好看啊！,
你们不要叫他们女人，她是姐姐才对，你们是什么人吗？,
厉害了我的哥,
你们能不能看看字幕君啊弹幕好烦关了,
感谢字幕君（美国人好像不爱看字幕）,
感谢字幕君（美国人好像不爱看字幕）,
姐姐太可爱啦！！！,
好漂亮的姐姐,
前面那个说小姐姐是男的是zz？,
有没有小姐姐,
喜欢这个姐姐,
哇姐姐穿的蓝色衣服,
姐姐！超可,
来了,
…我真的有点无语 这姐吃个巧克力一堆人在这里夸厉害 是不吃糖还吃出优越感了吗,
哈哈哈哈哈嗝好可爱！姐姐说话有点像睡前故事，真的好困,
姐姐好可爱,
爱了(๑°3°๑),
小姐姐好萌,
姐姐真的好可爱,
小姐姐的身上有纹身,
爱了,
姐姐你太可爱辣,
给姐姐排面！！！超可爱的姐,
awsl,
巧克力？厉害,
来了！！！,
来了！！！！！！！！！,
这个姐姐的花臂我ai,
想问一下，这个小姐姐到了，喜欢什么颜色？一会红，一会儿紫，一会儿绿的，这会还蓝的,
姐姐好心灵手巧,
姐姐,
啊啊啊啊啊啊啊啊姐姐太会了,
爱了爱了,
不爱看就别看杠nm,
不爱看就别看杠nm,
一不小心退了,
喜欢这个小姐姐,
小姐姐好可爱啊,
好耐看的姐姐,
想看吃砖石请移步评论区 找课代表 注意点弹幕礼仪行不,
好酷的姐姐,
awsl,
重头戏来了,
重头戏来了,
想看姐姐吃那个钻石,
爱了,
糖果呢是大家十分喜欢吃的一个东西，今天一个外国小姐姐做了一大堆蓝色的糖果，让我们一起来看看吧,
太可爱了,
翻糖超甜...不齁吗姐姐,
小姐姐应该很能喝酒,
这个姐姐在QQ看点看到就迷上她了,
小姐姐，你的手.…,
话唠姐姐,
姐姐超爱马卡龙,
听姐姐说话好舒服,
前期有杠精。注意,
这个姐姐太性感了吧我天，想嫁,
好喜欢这个姐姐aaaa❀.(*´▽`*)❀,
我觉得姐姐可爱，我就要夸我就要夸怎么了？杠精你是嫉妒了？,
感觉这个姐姐好棒，每次吃之前都会提醒这是假的不要模仿,
姐姐都会吞下 太真实了,
这个姐姐好漂亮啊啊w,
头皮发麻 这个姐姐讲话太舒服了,
小姐姐是不是没穿衣服,
终于看到姐姐弹幕多的视频了,
姐姐的眼妆做的贼好看了啊啊啊啊,
啊啊啊  太可爱了吧,
小姐姐说话好温柔好可爱呀…,
有人吗7点,
姐姐的马卡龙永远这么脆,
天呐，爱了爱了,
多可爱了哪里做作了？这还有人喷真是无语,
姐姐好可爱,
我太爱了啊啊啊,
这个姐姐真的爱吃甜食,
我咋觉得这个小姐姐没穿衣服。,
超爱这个姐姐,
好厉害，都是自己做的吗,
超slay的表情来了,
小姐姐好可爱www,
小姐姐,
前方注意！前方注意，调小音量！！！,
我买的马卡龙很好吃呀，十块钱一个有点心疼QAQ,
我看出来了 那个喉结是头发形成的阴影（滑稽,
太可爱了哈哈哈哈这个表情,
试颜色的也太可爱了吧,
姐姐好蓝,
好厉害啊,
姐姐太可爱啦！！！！,
超喜欢这小姐姐吃播,
哈哈哈哈蓝字厉害,
小姐姐好厉害，这都是他做的么,
小姐姐好厉害，这都是他做的么,
姐姐好可爱,
姐姐太可爱了哈哈哈,
姐姐太可爱了哈哈哈,
姐姐好像有肌肉,
我爱了,
听姐姐说话就困了,
我也好喜欢这个姐姐,
哈哈哈小姐姐得瑟了,
好喜欢这个沙雕小姐姐,
姐姐那头发乍以为是喉结哈哈哈,
小姐姐裙子也是蓝的！,
不爱看就别看,
不爱看就别看,
有人吗,
姐姐很漂亮！,
小姐姐说这些所有东西都不是真的,
#66ccff姐姐好可耐,
66ccff姐姐好美啊,
太可爱了！,
小姐姐忒可爱了,
小姐姐忒可爱了,
这姐姐是俄罗斯的吧,
她太可爱了吧！,
这个刮的声音！我鸡皮疙瘩起来了！,
土耳其的这种果仁巧克力巨好吃，一吃就停不下来了，,
awsl,
awsl,
小姐姐吃这个的时候，手里的可乐忽然不香了,
明明就是小姐姐,
姐姐我爱你,
姐姐好可爱哈哈哈哈,
这也太厉害了一口两个。,
有人吗,
她老公一定很幸福,
当她老公一定很幸福,
姐姐你,
太爱了,
Hello我来了,
小姐姐:此生只爱跳跳糖,
我弟弟超级想吃他看得懂叫口口,
很棒的小姐姐，光盘辽，下次还来看哈n(*≧▽≦*)n,
爱了爱了,
爱了爱了你的牙口,
爱了，爱了,
姐姐,
好可爱啊这个小姐姐,
这个小姐姐喜欢吃跳跳糖吗？,
最期待的来了,
感觉这个小姐姐喜欢吃跳跳糖,
姐姐压上沾了口红....,
哈哈哈哈哈哈哈哈，小姐姐好好玩,
awsl,
姐姐吃完刷牙，不然会疼,
葡萄牙来了,
我佩服她,
小姐姐小心蛀牙,
小姐姐小心蛀牙,
感觉姐姐好喜欢跳跳糖,
一堆假科普的烦不烦,
小姐姐真的好可爱啊！,
姐姐这些食物在哪儿买的？,
我，我要吃姐姐（小声）,
太佩服了，热量爆炸，减肥可不容易,
军事基地第九⊙∀⊙！ID号姐姐阿姐啊,
姐姐说那个赚个钱我容易吗？我的牙齿牺牲了,
哦～awsl,
爱了爱了,
又吵起来了……,
哈哈哈哈哈姐姐吓到好可爱,
爆爆珠！（不爱吃爱看别人吃））,
小姐姐，我❤️你,
他来了，他来了，他吃着糖果走来了,
小哥哥，表演很到位,
笑死我了大金牙哈哈哈哈哈哈哈哈哈哈太可爱了,
心疼姐姐的牙,
心疼姐姐的牙,
好心疼姐姐的牙,
好心疼姐姐的牙,
是如果高糖高脂的饮食方式，带来了能量过剩，加上活动比较少，可能就会更容易出现糖尿病。,
啊啊啊啊啊啊跳跳糖爱了！！！！,
医学僧再次科普一下，过于肥胖的小伙伴得糖尿病的几率确实会增加，所以在注意身体健康，身体棒棒,
哈哈哈前面那个xswl，神tm吉土粉？是吉利丁粉好吧,
说色素的不爱看滚，别人吃东西你也管？,
说色素的不爱看滚，别人吃东西你也管？,
来了！,
来了来了来了来了！！！,
我五岁的弟弟也是天天找我看这种,
小姐姐好会吃,
爱了爱了,
金平糖！！！我爱了,
超爱这个小姐姐,
爱了爱了,
承包小姐姐的笑,
有人吗？,
蝶豆花 孕妇和经期小姐姐不能食用噢,
啊啊啊啊，姐姐好可,
像花柳姐出来的姐姐,
好喜欢这个姐姐 可爱还美丽,
你们这些刷粑粑的烦不烦，不要在这里乱刷梗,
认真看姐姐吧～,
我记得这个小姐姐超级爱这种果冻,
姐姐的指甲迷人,
好吃好吃太好吃了美味啊我爱了爱了爱了,
姐姐会得糖尿病吗，我怎么感觉他吃了太多糖,
姐姐的抛光唇釉不见了,
她太可爱了哈哈,
有人吗,
姐姐脸稍微侧一点的时候好好看唔,
她来了她来了她带着翻车来了,
森森你家洋娃娃跑出来了,
这个姐姐好可爱呀,
妈呀，这里有个小姐姐在吃马桶,
太可爱了哈哈哈哈哈哈好可爱,
这期我看过了，很好看，小姐姐很可爱,
现在有人吗,
色素好多啊 担心姐姐的身体诶,
姐姐太可爱了,
姐姐太可爱了,
我抱走这个姐姐，谢谢！,
心疼小蝴蝶,
晚安喽,
这个小姐姐好能翻车。,
有人吗,
太可爱了，投币了。K,
 确认完毕姐姐没开过美颜,
天太可爱了,
哈哈哈哈哈哈哈哈哈哈这个姐姐真的好玩,
啊啊啊啊啊姐姐我来啦,
这位姐姐肉眼可见的胖了起来,
姐姐胖了好多啊,
为什么本来很困的，看到这个姐姐就突然笑醒了,
本来想看一会儿睡觉的，结果特么的被这个姐姐的表情整的笑的睡不着了哈哈哈哈哈哈哈哈哈哈或,
感觉姐姐的翻车是圈粉一大特色,
用力到翻白眼哈哈哈哈哈哈哈哈哈哈姐姐您要不要这么敬业啊？,
晚安,
姐姐说looks neon（看起来很有霓虹感）,
前面的，姐姐说的是purple dye（紫色染色）在她shiu shang,
rua!又是这个姐姐,
捡起来了？？？？？,
小姐姐嗜甜,
哈哈哈哈哈哈哈xswl,
别刷色素好吗？说的跟你们没吃过似的，不爱看滚，别刷存在感好吗？,
别刷色素好吗？说的跟你们没吃过似的，不爱看滚，别刷存在感好吗？,
姐姐好好看啊,
能不能别老扯郭美美啊，你们是真的很烦这么爱看他回去看啊,
能不能别老扯郭美美啊，你们是真的很烦这么爱看他回去看啊,
姐姐不要这么可爱,
小姐姐你好！,
姐姐好可愛 ‹•.•›,
呐呐，梳子是姐姐自己做的,
姐姐注意牙啊,
姐姐注意牙啊,
来了,
太可爱了，哈哈哈哈哈,
？？？！姐姐你还好吗,
好可爱的小姐姐,
好可爱的小姐姐,
太可爱了,
太可爱了,
严莉莉的是魔鬼吗？哈哈哈哈哈哈哈哈哈哈哈xswl,
姐姐你爱吃糖粉就直接放嘴里吧哈哈哈哈哈哈哈哈哈哈哈哈哈哈,
姐姐牙口真好,
姐姐的脸蛋好想掐,
姐姐内心:没翻车欧耶,
太可爱了哈哈哈,
晚安啦大家ԅ(¯﹃¯ԅ),
晚安ԅ(¯﹃¯ԅ),
表情太丰富了姐姐,
趁酸粉不注意倒进嘴里,
芦荟姐姐,
姐姐的嘴好亮,
啊啊啊啊好喜欢这姐姐,
这个姐姐太可爱了,
这个姐姐太可爱了,
每次姐姐一脸认真的摆摆摆我就好想笑哈哈哈哈哈,
我记得我第一次看姐姐的时候手还有点骨头,
哈哈哈哈这个姐姐的表情好可爱,
有点担心小姐姐吃那么多色素会不会对身体不好,
awsl,
太可爱了吧,
这也太可爱了吧,
太可爱了吧,
姐姐在哪里发视频的啊？是ins咩,
有点担心姐姐的身体,
哈哈哈哈哈太可爱了,
姐姐敲可爱呢,
晚安困不行了,
我想问一下 姐姐的发卡可以吃吗？,
姐姐太可爱了,
姐姐太可爱了,
姐姐每次吃马卡龙都好幸福的样子,
姐姐太可爱啦,
这个姐姐油管粉丝很多哒！感兴趣的可以去康康！巨可爱哒！,
好漂亮啊小姐姐,
心疼牙＋1,
想起来了没有,
好爱姐姐啊qwq,
姐姐你吃不了的话分我一点吧,
烦死了 不知道选时择度吗，ky讨人厌的很,
感觉这个姐姐和黑人兄弟里面那个人脸好像,
这个姐姐真的只要自己能做的东西就尽量自己做,
这个姐姐挺可爱哈哈哈哈！,
姐姐：哎妈！咬碎了！！,
这个姐姐有纹身呢,
有人吗,
太可爱了！！！！！！！！,
这个姐姐好暴躁啊啊哈哈哈,
这也太可爱了,
暂停学表情hhhhhhhhhhhhhhhhhhhhhh姐姐太可爱了吧,
暂停学表情hhhhhhhhhhhhhhhhhhhhhh姐姐太可爱了吧,
嘟嘴的时候太可爱了。,
小姐姐好美！,
太可爱了！！,
葡萄味的什么都好吃 就是不喜欢吃葡萄 太麻烦了,
姐姐好可爱,
我来了,
姐姐挠我了！开心,
姐姐的马卡龙好像是自己做的，之前视频好像说来着,
太可爱了！！！,
姐姐好可,
这个表情太可爱了,
来了,
这个姐姐怎么这么可爱哈哈哈,
最爱姐姐了,
姐姐的牙齿变成紫色了！！！！？？？？？,
姐姐不要吃东西没有关系吗？,
笑的我眼泪都出来了,
姐姐,
大家去油管上找！姐姐有发过素颜，超可爱！,
姐姐，手大部分都是色素，洗洗吧,
姐姐，你嘴巴动累了没？我要是和你一起，早就吃累了,
姐姐，少吃点色素啊,
如果姐姐大声说话，声音会很大的,
姐姐，牙没事吧？,
姐姐有点心痛啊,
有点齁甜啊，姐姐不打算和一口清水润润嗓子和嘴巴吗,
姐姐不要吃多了甜食啊,
爱了爱了,
这位姐姐很喜欢吃甜食嘛,
姐姐，色素不要加太多了，不然会翻车的哦,
啊啊啊啊爱了,
"她来了,她来了",
这个姐姐表情太可了哈哈哈哈,
太可爱了,
姐姐原来还去参加过健美比赛，没想到后来竟然做了吃播,
吉吉国王的xswl,
色素色素烦不烦？搞得跟你就没吃过色素一样。一开弹幕全是色素。无语。,
太可爱了吧小姐姐,
太可爱了吧小姐姐,
小姐姐好搞笑,
姐姐怎么像个憨憨哈哈哈哈哈哈哈哈,
来了,
来了,
听不懂姐姐在说什么哎,
姐姐好可爱嗷,
姐姐你好可爱哦。,
烦死老娘了,
姐姐舌头都变紫色了,
啊啊啊！小心指甲断了！,
哈哈哈哈哈姐姐笑死我,
为什么姐姐今天的装扮让我想起了，破产姐妹里的苏菲？！,
姐姐！又来了！,
姐姐！又来了！,
姐姐越来越可爱了,
姐姐越来越可爱了,
哈哈哈哈哈好憨憨啊姐姐,
哈哈哈哈这个姐姐好可爱,
姐姐这是分手了这生气吗哈哈哈,
姐姐有制作这个东西的视频，就是用类似萨其马的东西摁进去梳子里再插上折断的意面,
姐姐牙很好的，可能是之前吃太多硬糖太伤牙所以现在不吃了,
我想问问姐姐有表情包吗哈哈哈,
姐姐的眼睛有点奇怪,
姐姐没有抬头纹就不是姐姐哈哈哈！,
姐姐嘴巴好好看阿,
哈哈哈哈哈哈憨憨姐姐,
姐姐要笑死我了哈哈哈哈哈哈大半夜地,
太可爱了吧这小表情,
太可爱了哈哈哈哈,
太可爱了叭,
我自己做哒！（姐姐心灵手巧惹）,
小心别搞碎你牙齿噜,
全程都好尴尬呀（姐姐的翻译:D,
突然发现姐姐今天别了发卡诶,
哈哈哈哈哈哈姐姐太可爱了,
哈哈哈哈哈哈姐姐太可爱了,
姐姐又翻车啦哈哈哈哈哈哈,
S---so！太可爱了哈哈哈哈,
姐姐这个好看,
太可爱了(๑• . •๑),
太可爱了!,
好喜欢这个姐姐aaa❀.(*´▽`*)❀,
小姐姐太可爱了吧❤️,
小姐姐太可爱了吧❤️,
这个是小姐姐自己做的,
太可爱了,
有人吗,
可爱的姐姐,
看个视频讨论人家姐姐胖不胖，哎呦没,
姐姐眼睛是不是不舒服,
xswl,
一直说胖的烦不烦啊,
哈哈哈哈哈哈太可爱了叭,
太可爱了真的,
好可爱的姐姐,
盲猜姐姐现在吃的这个是巨峰葡萄裹上一层面包糠。,
像极了和男朋友相处很久之后的你↑,
像极了和男朋友相处很久之后的你↑,
姐姐舌苔紫了，是因为刚刚喝了旁边紫色的饮料。,
姐姐没有抬头纹就不是姐姐。,
有人吗,
太可爱了,
紫色系的！连衣服和发饰都是！太可爱了！,
这么一会儿翻了几个白眼了 太可爱了,
太可爱了吧,
好喜欢姐姐,
这个姐姐好憨,
？？？这up主是搬运的，视频里那姐姐是玩YouTube的哈,
这也太可爱了叭,
晚安哇,
真的神烦牙口真好这四个字,
姐姐嘴巴太好看了555,
天啊姐姐的嘴唇好想亲亲，像果冻一样（不要打我，俺真的好喜欢）,
天啊姐姐的嘴唇好想亲亲，像果冻一样（不要打我，俺真的好喜欢）,
姐姐今天太好笑了吧哈哈哈哈哈,
姐姐肉眼可见的圆润了,
我抱走这个姐姐，谢谢！,
姐姐这期的美甲好好看！,
姐姐胖了,
awsl,
xswl靠,
xswl,
hhhhhhhhcxswl,
一般姐姐hello开场时我就困了,
憨憨哈哈哈哈哈太可爱了！！！！！,
太可爱了呜呜呜,
一天到晚色素的烦不烦,
哈哈哈哈哈哈哈哈果然我也听出来了,
姐姐被自己笑到了,
姐姐什么时候来哔站呐？,
能不能是她双胞胎姐姐？,
一点舌苔没有？厉害了,
xswl,
姐姐紫色好美,
小姐姐吃胖了,
自己做的冰糖葫芦 苍蝇都来了 它也翔吃,
哈哈哈太可爱了,
不出事故就啊不是姐姐了哈哈哈哈哈哈哈,
姐姐：上头了,
姐姐真的好可爱啊哈哈哈哈哈哈哈,
姐姐胖了点可是可爱wwww_(´ཀ`」 ∠)_,
前面的晚安,
好喜欢她，太可爱了,
太可爱了吧,
太可爱了哈哈哈哈哈哈哈,
小姐姐忘了自己是个声控吃播,
哈哈哈哈哈控制你的表情姐姐,
我还是觉得姐姐早期正常的欧美妆好看，吃颜色食物化的妆比较猎奇,
她来了她来了，她带着色素走来了！,
姐姐好颜艺,
太可爱了吧,
原来姐姐变胖了，后面的保温杯也变胖了啊,
封面的姐姐像芭比~,
睫毛的问题吗？怎么感觉姐姐眼睛怪怪的,
太可爱了吧,
姐姐好可爱,
姐姐也太可爱了吧,
姐姐也太可爱了吧,
姐姐好可爱,
美甲又回来了,
姐姐很好看,
姐姐今天好漂亮！,
姐姐太可爱了,
姐姐太可爱了,
这个姐姐挺有趣的,
Sip和sh**t，哈哈姐姐今天好沙雕,
姐姐辛苦了,
姐姐的衣服太好看了,
姐姐越来越爆哈哈哈,
哈哈哈姐姐放飞自我吗,
太可爱了叭,
姐姐好可爱,
姐姐那钻石是真的吧,
太可爱了叭,
她太可爱了,
哇，这个撅嘴也太可爱了吧！！！！！！！,
爱了,
awsl,
哈哈哈哈哈太可爱了,
啊啊啊你太可爱了哈哈哈哈哈哈哈哈哈哈哈哈哈哈哈哈哈哈哈哈哈哈哈哈哈哈哈哈哈,
姐姐好美啊啊啊啊啊啊啊啊,
这个姐姐太可爱了！！！！！,
这个姐姐太可爱了！！！！！,
害，姐姐胖了{狗头},
哈哈哈哈哈哈小姐姐好可爱,
还是喜欢看姐姐满脸笑意洋溢着幸福的视频啊,
还是现在的开头好，姐姐心情也好,
真的好酥啊啊啊啊啊awsl,
姐姐的嘴里应该是厚的,
嘴真的这么厉害吗,
姐姐好可爱啊,
姐姐皮肤好好啊,
厉害厉害,
怀里的女朋友突然就，呃…还是很香的,
没有假吃，姐姐有无剪辑视频,
小姐姐应该是化了水光肌的妆容,
我就不相信密子君没有假吃，没有催吐过,
透明手枪笑死我 太可爱了,
刚看了姐姐最新一期，太心疼了，都不看镜头也不笑了，难受，还是之前的这种自然,
刚看了姐姐最新一期，太心疼了，都不看镜头也不笑了，难受，还是之前的这种自然,
好多说假吃的，姐姐已经澄清了，没假吃,
姐姐我爱你,
有人吗,
牙好厉害,
手指那里是催吐留下的吗,
锤你马，不爱看别看，别影响我了,
锤你马，不爱看别看，别影响我了,
发现鸡皮的时候姐姐眼睛在冒光哈哈哈哈哈哈哈哈哈,
假吃催吐的体征就是脖子那里会肿胀  看这个姐脖子那里就知道了  而且这个姐已经假吃石锤了  粉丝别洗了  ,
注意弹幕礼仪，集美们,
注意弹幕礼仪，集美们,
注意弹幕礼仪，集美们,
我也尝试把手里的炸鸡一口吃掉，结果发现闭不上嘴，又默默拿出来了。。。。。,
新来的小可爱们问号是姐姐的排名哦~,
我方便面拿出来了,
手指上有伤痕，姐姐不要伤害身体,
让我康康姐姐什么时候吃那个鸡腿,
姐姐太可爱了吧,
姐姐太可爱了吧,
awsl,
姐姐好强啊,
我替姐姐打个嗝       嗝儿~~~,
ct是催吐的意思,
姐姐手好美,
真是浪费咬几口就吐出来了,
假吃就是姐姐的排面！！！！！！！！！！！！！！！！！！！！！,
假吃就是姐姐的排面！！！！！！！！！！！！！！！！！！！！！,
假吃就是姐姐的排面！！！！！！！！！！！！！！！！！！！！！,
假吃就是姐姐的排面！！！！！！！！！！！！！！！！！！！！！,
假吃就是姐姐的排面！！！！！！！！！！！！！！！！！！！！！,
催吐属实有一手,
这个姐姐假吃,
这姐姐一天吃一顿 一顿健身四小时！高人啊,
假吃就是姐姐的排面！！！！！！！,
哈哈姐姐多少有些拿我们当外人了,
哈哈哈哈姐太可爱了,
姐姐实习,
假吃已经澄清了，不爱看就出去,
假吃已经澄清了，不爱看就出去,
问号是姐姐排面,
诶，感觉姐姐的脑袋突然变大了,
在姐姐说话的时候，居然还有咀嚼的声音？？什么情况,
现在都没有剪，后面就开始剪了，大家请注意看,
  姐姐肯定很有钱$,
催吐石锤l,
觉得长发更好看姐姐,
姐姐吃的声音真的好脆,
你管它是不是假的  只要你喜欢  就别想那么多  又不是找男朋友挑的慌呢你,
姐姐来啦,
还直播剪的，这姐姐就没有直播过。笑死我了,
鸡皮爱了爱了,
想起之前这个姐姐的视频下面，有人都没说的很直白额，就只是问了一嘴，为什么吞咽的镜头几乎都被剪了，只保留了一两个让画面看起来更真实，就被网络孝子喷了，说姐姐有直播，一进来就问镜头真是烦死了,
想起之前这个姐姐的视频下面，有人都没说的很直白额，就只是问了一嘴，为什么吞咽的镜头几乎都被剪了，只保留了一两个让画面看起来更真实，就被网络孝子喷了，说姐姐有直播，一进来就问镜头真是烦死了,
姐姐是不是胖了,
这小姐姐好好看,
啃这么干净 太爱了！！,
小心得肝癌,
囗水都流下来了,
口水下来了,
姐姐的手好好看,
好厉害,
恶臭怪滚啊 烦死了,
太可爱了呜呜呜,
姐姐的手好漂亮,
问号是粉丝给姐姐的排面，路人别生气。,
我点了外卖，爷的青春来了。,
太可爱了哈哈哈,
姐姐好像很喜欢吃鸡腿,
我一直怀疑姐姐上颚全是牙齿,
我饱了谢谢姐姐,
姐姐应该一口一个,
姐姐谦虚了,
姐姐没必要矜持,
这个姐姐长的好好看,
卧槽，说直播的很讨厌，怼他们还不行？,
你们质疑姐姐为什么不会胖？运动4小时控制好拉伸，就可以维持这个样子啊,
姐姐永远优雅，质疑的那个人请好好说话,
来了来了，排面准备！,
哈哈哈慌慌张张太可爱了,
姐姐谦虚了，真的,
谦虚了姐姐,
谦虚了姐姐,
姐姐谦虚了,
时空警察果然来了,
姐姐皮肤太好了,
感觉姐姐牙口很好，羡慕了,
姐姐有三室两厅,
姐我来了,
姐姐排面,
前面的说的对，姐姐真的每天运动四个小时！,
舍不得吃哈哈哈哈哈哈哈太可爱了,
已经忍不住跟着姐姐一起咀嚼空气了,
小姐姐有深渊巨口,
放不开那个xswl,
姐姐的上颚怕是石头做的,
树手指来了,
谦虚了姐姐,
弹幕为啥问号起来了啊,
别打问号，姐姐就这样,
这么漂亮的小姐姐拉粑粑一定很臭吧,
姐姐,
？？？？？？笑死我了姐姐好可爱,
要来了,
话说小姐姐吃的这个白色的东西是什么呀,
来了来了,
姐姐很好看啊,
姐姐手好好看,
谦虚了姐姐,
哈哈哈哈姐姐好可爱,
姐姐长几颗痘吧,
姐姐的手也好好看！！！,
吃火鸡面辣到人生的我来了,
姐姐没吃饱！再给姐姐来一点！,
awsl,
又深夜来看姐姐吃东西了！,
祭天的xswl,
啊哈哈太可爱了吧姐,
挺烦人的怎么看个吃播也这么多事啊？,
弹幕放马后炮是真的厉害哈,
？我寻思你们都是道德标杆没浪费过粮食呗？ 再说未剪辑版都出来了 你们说宁嘛呢？,
爱你姐姐,
也不是假吃 就定点剪辑催吐,
恶心你不还是来了？up就是搬运，要你养了？,
狗拿耗子多管闲事，假不假关你啥事，不爱看滚,
狗拿耗子多管闲事，假不假关你啥事，不爱看滚,
有些人真的好nt啊，不爱看走就行了在这揪着不放恶心人,
有些人真的好nt啊，不爱看走就行了在这揪着不放恶心人,
吃多少不重要厉害的是嘴大,
姐姐,
假吃怎么了 都是娱乐 你得到了快乐还要出来骂人 爱看不看,
姐姐已经自证了好叭,
不爱看的赶紧滚 ,
不爱看的赶紧滚 ,
弹幕一堆事后诸葛xswl，信誓旦旦的说什么哪里卡顿，假吃,
弹幕怎么这么烦？不管她假不假吃我都爱看，不想看的别在这阴阳怪气影响别人体验,
弹幕怎么这么烦？不管她假不假吃我都爱看，不想看的别在这阴阳怪气影响别人体验,
我房顶塌了？最喜欢的姐姐,
不是吧，刚刚吞咽声都出来了你们还在纠假吃,
评论说假吃的不爱看滚干嘛来看找骂吗,
评论说假吃的不爱看滚干嘛来看找骂吗,
姐姐有完整的视频，没有假吃，很敬业,
不爱看就滚行吗？,
不爱看就滚行吗？,
一堆在这刷剪辑假吃烦死了，我就乐意看,
最危险的地方就是最安全的地方，我想不到姐姐放出的未剪辑加速版居然是剪辑过的，姐姐厉害了，可能觉得没人会放慢速度仔细看吧。,
最危险的地方就是最安全的地方，我想不到姐姐放出的未剪辑加速版居然是剪辑过的，姐姐厉害了，可能觉得没人会放慢速度仔细看吧。,
看她那个表情就知道她肯定不是真吃啊，完全就是假假的，没有享受或者讨厌的感觉。,
想到催吐/嚼了吐还感觉香嘛，而且浪费食物，还弄个防杠精手册欺骗观众。。。[doge],
哈哈哈哈之前这人的粉丝喷我喜欢的一个姐姐的吃播，现在报应来了吧[偷笑],
哈哈哈哈之前这人的粉丝喷我喜欢的一个姐姐的吃播，现在报应来了吧[偷笑],
这么大量肯定是嚼吐或者催吐啊，真吃身体承受不了的[tv_呕吐],
最恶心的是防杠精手册，姐姐这姐姐那的，我们看吃播纯属图个乐儿，正常女孩子你见过吃这么多不胖的？,
早就觉得她催吐or假吃…果然被扒了,
？？？是姐姐的排面。。。真的好讨厌这句话[吐],
？？？是姐姐的排面。。。真的好讨厌这句话[吐],
终于凉了，烦她粉丝好久了,
无语，怎么还有人觉得假吃催吐没关系啊，什么三观？,
整天排面，姐的排面，我知道，不用你强调，你吵到我的眼睛了，你很烦你知不知道，很败姐的路人缘，成功让我想起了弹幕屏蔽这个东西，但我还是要吐槽，饭圈味十足,
不爱看别看,
不爱看别看,
弹幕我看的真的烦,
澄清了姐姐没有假吃没有假吃没有假吃,
又来了，说假吃的，证据呢？,
来了,
新来的不要怕，姐姐不吃人,
就算是假吃，这嘴里能塞这么多也很厉害,
讨厌她的人还来看？,
说假吃的不爱看别看啊！！！,
说假吃的不爱看别看啊！！！,
吃的真香 我都干不了活了。。。。专心致志的看视频，，感觉被姐姐吞掉了时间,
"谁真谁假你一句话就定了？不爱看滚,你算老几？",
"谁真谁假你一句话就定了？不爱看滚,你算老几？",
有病吗在这骂人，澄清视频出来了还在这说假吃,
姐姐不是假吃，弹幕别恶心人,
姐的澄清来了 弹幕骂人的能删了吗？,
问号是姐姐的排面呀,
这姐姐没假吃,
韩网那边都扒出来了 粉丝还在洗,
现在人家发出来了，就因为加速觉得在掩饰,
…姐姐啊 真的挺失望的…,
假吃姐姐,
说姐姐影帝的，左上ok？不欢迎你,
啊啊啊啊，姐姐好厉害,
啊啊啊啊，姐姐好厉害,
姐姐吃播的时候声音好大,
不是真吃的话不是浪费食物吗 因为爱看小姐姐吃东西 但想到没有吃东西的乐趣反而在浪费 那不是在没有感情的表演吗,
不是真吃的话不是浪费食物吗 因为爱看小姐姐吃东西 但想到没有吃东西的乐趣反而在浪费 那不是在没有感情的表演吗,
姐姐何必如此谦虚,
假吃无所谓啊，你可真厉害！！,
姐姐好喜欢虾啊,
她每次吞东西的时候不是切食物近景就是转移注意力,
我还是那句话，假吃已经给实锤。谁以前还不是这姐姐的粉丝。,
看姐姐吃饭看久了会有一种我也可以一口吃这么多的错觉,
！？啥？姐姐假吃？？,
姐姐谦虚了,
这就是一天锻炼四小时的手臂肌肉吗爱了爱了,
前面有一个玩网小姐姐很厉害呢，假,
前面有一个玩网小姐姐很厉害呢，假,
就算没有真的吃那么多，爷也爱看,
就算是假吃后期配音，姐姐吃的那么优雅我还是会喜欢看的,
姐姐要注意身体啊,
姐姐要注意身体啊,
天天排面排面看着就烦,
emm…姐姐说自己是大胃王吗   如果没有的话感觉不都吃完也没关系啊  关键是她吃得很香啊,
问号是姐姐的排面嗷,
姐姐可爱死了,
说姐姐假吃之类的请你们闭嘴！,
你们房子塌了，姐姐还在,
都在乱说什么啊姐姐没有假吃,
说姐姐假吃之类的请你们闭嘴！,
还有人说一镜到底。。。跟你的姐姐多学着点剪辑吧,
姐姐饭圈,
这个视频发问号是因为姐姐都是假吃,
厉害！！！！！？？？？？,
每日一问 姐姐更新视频了吗,
注意看 食物都在嘴里 根本没咽,
前面的，可以去DenQ来了的视频去看,
这姐假吃实锤！！！杠精请移步“DenQ来了”，他的视频有很详细的介绍，而且他从不直播,
假吃也不影响我看，就爱看！,
想起之前有人质疑吃这么多不胖 弹幕一溜的姐姐每天运动4小时 说得像真的一样哈哈,
姐姐不是在咽吗,
问号是表达对姐姐的喜爱啊,
各位还是别骂up主，小姐姐就是个搬运工,
哭了姐姐为什么要假吃 好想你呜呜呜,
我滴亲娘  还有人洗 假吃就是假吃 ,
只是想问一下这个姐姐有说过她是大胃王吗，妹杠,
天天问号问号的，烦死了，,
她终于凉了，烦她粉丝好久了,
一天天姐姐姐姐的，人家都没有把你们当回事,
每日一问 姐姐更新视频了吗,
这么美味的食物怎么可以假吃阿？？？姐姐你不怕你的下一代会遭到报应吗？？,
爱了呀,
姐姐啊,
不爱看就滚,
不爱看就滚,
假吃姐来了大家快逃,
房子塌了ww和姐姐说再见了,
说假吃的麻烦空降08:12,
姐姐糊了……,
假吃姐姐我来了,
假吃姐姐我来了,
看得开心就好吧，还是很喜欢姐姐,
来了，开始剪了,
姐姐我来啦！,
姐姐我好想你啊啊啊啊啊,
又是假吃的姐姐啊，好心痛,
影后影后影后影后影来了,
假吃姐姐,
影帝姐姐我来啦,
外网都爆这个人了质疑一下怎么了呀亲,
粉丝：这就是一天锻炼四小时，会直播直播的姐姐,
最近有传姐姐假吃…（这就是她们说的出事）,
假吃来了,
姐姐你为什么要假吃呢？真的很喜欢你的TT,
姐姐为啥假吃啊 唉,
姐姐你真的假吃了吗？,
来了,
姐妹们 小姐姐吃的东西淘宝有卖吗？,
这声音好治愈呀，爱了爱了。,
姐姐不是有吃完的全部过程吗？为什么还有人锤假吃？是这个也剪辑了吗？,
可能刚刚开始看的不知道问号是姐姐的排面,
暗广风波姐姐就暂停更新了,
对姐姐有点像申溜！才想起来,
排面什么排面啊不会觉得很烦吗....,
她假吃，韩国网友都扒出来了，不信可以去搜,
这是权志龙得老婆,
来了！我,
她建个屁建，还姐姐姐姐的叫，她在他的国家她犯法了知道吗？,
姐姐眼线好好看,
为什么姐姐的吃相画风辣么飒，而我就像猪拱食,
喜欢这个姐姐的吃播,
为啥姐姐吃这个不掉渣,
姐姐好可爱,
人家就是说一句姐姐脸圆了，谁白莲花啊，有病吧,
？？？？？？？排面来了,
？？？？？？？？？排面来了,
一般人都吃不完三个 姐姐食量大,
来了,
姐姐好美,
姐姐过于谦虚,
姐姐真的很可爱,
姐姐说卧槽,
姐姐给你点外卖的等等我,
我一直有个疑问就是下方的字幕是姐姐的话翻译过来的么,
看姐姐吃东西成功让我厌食了，吃啥都吃不下去，看到姐姐吃饱我也就饱了,
老婆老婆老婆老婆老婆,
脸圆不圆管你屁事，都发出来了还无恶意，白莲花本花,
感觉可能不够姐姐吃,
姐姐的鼻子好像有点短,
姐姐的鼻子好像有点短,
问号是姐姐的排面 表示对姐姐的喜爱啦,
爱了爱了,
太谦虚了姐姐,
姐姐只吃一顿的话其他时候不会饿吗,
姐姐是真的喜欢中间的三明治,
她们怎么那么厉害,
毫不夸张 最优秀的吃播姐姐,
毫不夸张 最优秀的吃播姐姐,
姐姐自己赚钱养活自己干嘛需要一个男的养？,
让我想起来了王思聪,
干嘛非给自己脸觉得姐姐不能养活自己呢？,
面包看起来有点干…不过被小姐姐吃的很香呀……,
认真营业的姐姐,
好厉害哇,
我想把香菜给姐姐拽出来哈哈哈,
吃的少嫌少，多又嫌多，烦人的很,
首先 你不可能是她男朋友 别做梦了穷的机会不会有,
 一个半三明治再加杯饮料我就可以了，姐姐是我双倍，羡慕,
不是不喜欢吧，大概姐姐比起鸡蛋更喜欢肉肉,
每次姐姐吃面包的时候，只要手指快碰到嘴巴，我的牙齿就开始疼,
即使看着很干的面包 看姐姐吃也好有食欲啊,
就喜欢这种硬硬的面包 姐姐kiyo！,
来了来了,
其实这样一个单独三明治不高热，三个就厉害了,
姐姐好好看,
我牙口不好 只能吃软的 羡慕姐姐的牙,
弹幕天天跟人家亲戚似的 啥都知道 人家认识你吗,
姐姐吃相好好看,
是的，如果你是她男朋友她会把你吃穷,
一般最好吃的，姐姐都会先吃完的,
姐姐谦虚了,
一个我就饱了 好羡慕姐姐啊,
姐姐以前是不是吃过这家店的,
谦虚了姐姐,
无语，一天天是自己吃一口就饱说姐姐吃的真多什么的，我真的被你笑死,
杠啥呀，看就完了，一天天的烦不烦,
字幕是姐姐自己加的然后翻译的。。,
姐姐尝尝肉夹馍吧,
前面说姐姐为什么不胖的姐姐是有在健身的哦,
现在动不动就？真的莫名其妙，还姐姐排面，我觉得她看了也觉得莫名其妙,
来了啊！,
这个面包看着好老，但是姐姐吃着感觉好好吃,
卧槽，直接生吞的姐姐？,
姐姐的字幕太可爱了,
姐姐的字幕太可爱了,
姐姐遇到对手了,
姐姐给你点外卖,
我一个胖子吃一个也撑了，太厉害了,
看姐姐吃东西真的超爽。。。,
0:55 姐姐是我的,
姐姐为什么吃不胖,
我来了姐姐,
我来了姐姐,
姐姐为什么这么瘦啊啊啊啊啊啊,
姐姐好可爱哈哈哈哈哈哈哈哈哈哈,
谁特码管你们吃多少啊  别自我介绍了烦不烦,
姐姐太难了，这面包太难为人了,
感觉姐姐最喜欢这个哈哈哈哈,
这个面包我爱了！,
姐字幕也太可爱了,
虽然姐姐确实可以三两口哈哈,
为什看姐姐吃饭这么满足啊，好幸福,
你们觉得小姐姐脸圆了吗？？（无恶意,
三杯饮料三个大面包，姐姐好厉害啊,
三杯饮料三个大面包，姐姐好厉害啊,
一点点看着姐姐的嘴变大,
来了啊啊啊,
姐姐吃的时候是一镜到头吗。,
我也想和姐姐一样三杯不一样的换着喝,
姐姐太可了！,
我是姐姐的腮帮子，我承认我当时真的很累,
姐姐是不是接广告啦！！,
谦虚了姐姐  一口一个好吗,
姐姐皮肤好好,
姐姐十一分钟就吃完了仨。。。,
哈哈哈姐姐好可爱,
感觉姐姐不太喜欢第一个面包,
我们说的是姐姐和之前吃的比感觉有点少了,
来了来了,
真害怕姐姐咬到自己的手,
姐姐的腮帮子肯定累死了,
姐姐不是谦虚，是不好塞，太宽了,
来了 看起来好好吃,
姐姐会把最好吃的留到最后,
姐姐一天两顿饭 别听前面的瞎说,
啊啊啊 喜欢看姐姐吃东西,
这面包不太优秀,
姐姐腮帮子疼不疼,
人家没放外面。。多到溢出来了而已,
每次有人在解释“问号是姐姐的排面”我觉得好尴尬??,
姐姐怎么做到吃三个，我估计饮料喝下去我都饱了,
我感觉这顿不是姐姐谦虚了，而是这顿真的很难一口吃下,
香菜我爱了,
这个面包是不是特别硬呀，感觉姐姐吃的有点辛苦,
上个视频姐姐揉腮好可爱,
姐姐好厉害,
姐姐好厉害,
姐姐好厉害,
姐姐好厉害,
姐姐是吃播不是大胃王啦,
姐姐今天好温柔,
姐姐我来了,
姐姐我来了,
来了来了,
香菜我爱了,
看来姐姐是肉食者哈哈可怜的蛋黄酱，剩最多，有肉的吃的停不下来，放下都依依不舍,
!来了,
感觉这一顿不够姐姐发挥,
怕姐姐吃不饱捏,
老说啥谦虚，这顿一看就不好嚼，姐姐少吃点也好,
我觉得等下猪肉的姐姐要一口吃掉←_←,
问号是姐姐的排面啊,
6.52，有人吗,
来了,
姐姐这个口红色号太好看了吧,
看姐姐吃 我都觉得噎得慌,
姐姐这顿谦虚了,
姐姐咬累了,
我可太喜欢这姐姐了,
饿了 我来了,
问号是姐姐的排面呀,
来了,
爱了爱了,
姐姐虽然不是大胃王，但是是真的能吃,
姐姐吃得东西看起来都很诱人,
来了来了,
我来了,
感觉姐姐最喜欢这个,
这绝对是姐姐的下午茶,
一边看姐姐吃东西一边看字幕刚刚好～,
姐姐好可爱啊～,
连姐姐都犯难了哈哈哈,
0:23还有人吗,
姐姐太会吃了,
姐姐牙口好好,
来了来了,
突然发现的宝藏吃播小姐姐,
热乎的姐姐，十分钟,
来了,
姐我带着麻辣烫来了 等到面都软了,
09分！有人吗,
来了,
太可爱了太可爱了太可爱了,
来了,
冰拿铁：来了来了,
姐姐好可爱,
来了来了,
来了来了,
啦啦啦啦来了来了来了,
又看到姐姐了,
我来了我来了,
姐姐太可爱啦,
姐姐我来了！,
姐姐我来了！,
我来了,
